# SIMULACION DE COLISIONES MULTIPLES
# Practica 5 - Informatica II
#
# Box: 800 x 600
# Tiempo: 24.19 s
# Particulas activas: 2/4
# Total colisiones: 25
#
# OBSTACULOS
obstaculo,0,200,150,80,80
obstaculo,1,520,150,80,80
obstaculo,2,200,370,80,80
obstaculo,3,520,370,80,80
#
# TRAYECTORIAS DE PARTICULAS
# Formato: trayectoria,tiempo,id,x,y,vx,vy,masa,activa
trayectoria,0,0,100,100,150,120,1,1
trayectoria,0,1,700,100,-180,140,1.5,1
trayectoria,0,2,100,500,160,-130,1.2,1
trayectoria,0,3,700,500,-170,-110,0.8,1
trayectoria,0,0,100,100,150,120,1,1
trayectoria,0,1,700,100,-180,140,1.5,1
trayectoria,0,2,100,500,160,-130,1.2,1
trayectoria,0,3,700,500,-170,-110,0.8,1
trayectoria,0.01,0,101.5,101.2,150,120,1,1
trayectoria,0.01,1,698.2,101.4,-180,140,1.5,1
trayectoria,0.01,2,101.6,498.7,160,-130,1.2,1
trayectoria,0.01,3,698.3,498.9,-170,-110,0.8,1
trayectoria,0.02,0,103,102.4,150,120,1,1
trayectoria,0.02,1,696.4,102.8,-180,140,1.5,1
trayectoria,0.02,2,103.2,497.4,160,-130,1.2,1
trayectoria,0.02,3,696.6,497.8,-170,-110,0.8,1
trayectoria,0.03,0,104.5,103.6,150,120,1,1
trayectoria,0.03,1,694.6,104.2,-180,140,1.5,1
trayectoria,0.03,2,104.8,496.1,160,-130,1.2,1
trayectoria,0.03,3,694.9,496.7,-170,-110,0.8,1
trayectoria,0.04,0,106,104.8,150,120,1,1
trayectoria,0.04,1,692.8,105.6,-180,140,1.5,1
trayectoria,0.04,2,106.4,494.8,160,-130,1.2,1
trayectoria,0.04,3,693.2,495.6,-170,-110,0.8,1
trayectoria,0.05,0,107.5,106,150,120,1,1
trayectoria,0.05,1,691,107,-180,140,1.5,1
trayectoria,0.05,2,108,493.5,160,-130,1.2,1
trayectoria,0.05,3,691.5,494.5,-170,-110,0.8,1
trayectoria,0.06,0,109,107.2,150,120,1,1
trayectoria,0.06,1,689.2,108.4,-180,140,1.5,1
trayectoria,0.06,2,109.6,492.2,160,-130,1.2,1
trayectoria,0.06,3,689.8,493.4,-170,-110,0.8,1
trayectoria,0.07,0,110.5,108.4,150,120,1,1
trayectoria,0.07,1,687.4,109.8,-180,140,1.5,1
trayectoria,0.07,2,111.2,490.9,160,-130,1.2,1
trayectoria,0.07,3,688.1,492.3,-170,-110,0.8,1
trayectoria,0.08,0,112,109.6,150,120,1,1
trayectoria,0.08,1,685.6,111.2,-180,140,1.5,1
trayectoria,0.08,2,112.8,489.6,160,-130,1.2,1
trayectoria,0.08,3,686.4,491.2,-170,-110,0.8,1
trayectoria,0.09,0,113.5,110.8,150,120,1,1
trayectoria,0.09,1,683.8,112.6,-180,140,1.5,1
trayectoria,0.09,2,114.4,488.3,160,-130,1.2,1
trayectoria,0.09,3,684.7,490.1,-170,-110,0.8,1
trayectoria,0.1,0,115,112,150,120,1,1
trayectoria,0.1,1,682,114,-180,140,1.5,1
trayectoria,0.1,2,116,487,160,-130,1.2,1
trayectoria,0.1,3,683,489,-170,-110,0.8,1
trayectoria,0.11,0,116.5,113.2,150,120,1,1
trayectoria,0.11,1,680.2,115.4,-180,140,1.5,1
trayectoria,0.11,2,117.6,485.7,160,-130,1.2,1
trayectoria,0.11,3,681.3,487.9,-170,-110,0.8,1
trayectoria,0.12,0,118,114.4,150,120,1,1
trayectoria,0.12,1,678.4,116.8,-180,140,1.5,1
trayectoria,0.12,2,119.2,484.4,160,-130,1.2,1
trayectoria,0.12,3,679.6,486.8,-170,-110,0.8,1
trayectoria,0.13,0,119.5,115.6,150,120,1,1
trayectoria,0.13,1,676.6,118.2,-180,140,1.5,1
trayectoria,0.13,2,120.8,483.1,160,-130,1.2,1
trayectoria,0.13,3,677.9,485.7,-170,-110,0.8,1
trayectoria,0.14,0,121,116.8,150,120,1,1
trayectoria,0.14,1,674.8,119.6,-180,140,1.5,1
trayectoria,0.14,2,122.4,481.8,160,-130,1.2,1
trayectoria,0.14,3,676.2,484.6,-170,-110,0.8,1
trayectoria,0.15,0,122.5,118,150,120,1,1
trayectoria,0.15,1,673,121,-180,140,1.5,1
trayectoria,0.15,2,124,480.5,160,-130,1.2,1
trayectoria,0.15,3,674.5,483.5,-170,-110,0.8,1
trayectoria,0.16,0,124,119.2,150,120,1,1
trayectoria,0.16,1,671.2,122.4,-180,140,1.5,1
trayectoria,0.16,2,125.6,479.2,160,-130,1.2,1
trayectoria,0.16,3,672.8,482.4,-170,-110,0.8,1
trayectoria,0.17,0,125.5,120.4,150,120,1,1
trayectoria,0.17,1,669.4,123.8,-180,140,1.5,1
trayectoria,0.17,2,127.2,477.9,160,-130,1.2,1
trayectoria,0.17,3,671.1,481.3,-170,-110,0.8,1
trayectoria,0.18,0,127,121.6,150,120,1,1
trayectoria,0.18,1,667.6,125.2,-180,140,1.5,1
trayectoria,0.18,2,128.8,476.6,160,-130,1.2,1
trayectoria,0.18,3,669.4,480.2,-170,-110,0.8,1
trayectoria,0.19,0,128.5,122.8,150,120,1,1
trayectoria,0.19,1,665.8,126.6,-180,140,1.5,1
trayectoria,0.19,2,130.4,475.3,160,-130,1.2,1
trayectoria,0.19,3,667.7,479.1,-170,-110,0.8,1
trayectoria,0.2,0,130,124,150,120,1,1
trayectoria,0.2,1,664,128,-180,140,1.5,1
trayectoria,0.2,2,132,474,160,-130,1.2,1
trayectoria,0.2,3,666,478,-170,-110,0.8,1
trayectoria,0.21,0,131.5,125.2,150,120,1,1
trayectoria,0.21,1,662.2,129.4,-180,140,1.5,1
trayectoria,0.21,2,133.6,472.7,160,-130,1.2,1
trayectoria,0.21,3,664.3,476.9,-170,-110,0.8,1
trayectoria,0.22,0,133,126.4,150,120,1,1
trayectoria,0.22,1,660.4,130.8,-180,140,1.5,1
trayectoria,0.22,2,135.2,471.4,160,-130,1.2,1
trayectoria,0.22,3,662.6,475.8,-170,-110,0.8,1
trayectoria,0.23,0,134.5,127.6,150,120,1,1
trayectoria,0.23,1,658.6,132.2,-180,140,1.5,1
trayectoria,0.23,2,136.8,470.1,160,-130,1.2,1
trayectoria,0.23,3,660.9,474.7,-170,-110,0.8,1
trayectoria,0.24,0,136,128.8,150,120,1,1
trayectoria,0.24,1,656.8,133.6,-180,140,1.5,1
trayectoria,0.24,2,138.4,468.8,160,-130,1.2,1
trayectoria,0.24,3,659.2,473.6,-170,-110,0.8,1
trayectoria,0.25,0,137.5,130,150,120,1,1
trayectoria,0.25,1,655,135,-180,140,1.5,1
trayectoria,0.25,2,140,467.5,160,-130,1.2,1
trayectoria,0.25,3,657.5,472.5,-170,-110,0.8,1
trayectoria,0.26,0,139,131.2,150,120,1,1
trayectoria,0.26,1,653.2,136.4,-180,140,1.5,1
trayectoria,0.26,2,141.6,466.2,160,-130,1.2,1
trayectoria,0.26,3,655.8,471.4,-170,-110,0.8,1
trayectoria,0.27,0,140.5,132.4,150,120,1,1
trayectoria,0.27,1,651.4,137.8,-180,140,1.5,1
trayectoria,0.27,2,143.2,464.9,160,-130,1.2,1
trayectoria,0.27,3,654.1,470.3,-170,-110,0.8,1
trayectoria,0.28,0,142,133.6,150,120,1,1
trayectoria,0.28,1,649.6,139.2,-180,140,1.5,1
trayectoria,0.28,2,144.8,463.6,160,-130,1.2,1
trayectoria,0.28,3,652.4,469.2,-170,-110,0.8,1
trayectoria,0.29,0,143.5,134.8,150,120,1,1
trayectoria,0.29,1,647.8,140.6,-180,140,1.5,1
trayectoria,0.29,2,146.4,462.3,160,-130,1.2,1
trayectoria,0.29,3,650.7,468.1,-170,-110,0.8,1
trayectoria,0.3,0,145,136,150,120,1,1
trayectoria,0.3,1,646,142,-180,140,1.5,1
trayectoria,0.3,2,148,461,160,-130,1.2,1
trayectoria,0.3,3,649,467,-170,-110,0.8,1
trayectoria,0.31,0,146.5,137.2,150,120,1,1
trayectoria,0.31,1,644.2,143.4,-180,140,1.5,1
trayectoria,0.31,2,149.6,459.7,160,-130,1.2,1
trayectoria,0.31,3,647.3,465.9,-170,-110,0.8,1
trayectoria,0.32,0,148,138.4,150,120,1,1
trayectoria,0.32,1,642.4,144.8,-180,140,1.5,1
trayectoria,0.32,2,151.2,458.4,160,-130,1.2,1
trayectoria,0.32,3,645.6,464.8,-170,-110,0.8,1
trayectoria,0.33,0,149.5,139.6,150,120,1,1
trayectoria,0.33,1,640.6,146.2,-180,140,1.5,1
trayectoria,0.33,2,152.8,457.1,160,-130,1.2,1
trayectoria,0.33,3,643.9,463.7,-170,-110,0.8,1
trayectoria,0.34,0,151,140.8,150,120,1,1
trayectoria,0.34,1,638.8,147.6,-180,140,1.5,1
trayectoria,0.34,2,154.4,455.8,160,-130,1.2,1
trayectoria,0.34,3,642.2,462.6,-170,-110,0.8,1
trayectoria,0.35,0,152.5,142,150,120,1,1
trayectoria,0.35,1,637,149,-180,140,1.5,1
trayectoria,0.35,2,156,454.5,160,-130,1.2,1
trayectoria,0.35,3,640.5,461.5,-170,-110,0.8,1
trayectoria,0.36,0,154,143.2,150,120,1,1
trayectoria,0.36,1,635.2,150.4,-180,140,1.5,1
trayectoria,0.36,2,157.6,453.2,160,-130,1.2,1
trayectoria,0.36,3,638.8,460.4,-170,-110,0.8,1
trayectoria,0.37,0,155.5,144.4,150,120,1,1
trayectoria,0.37,1,633.4,151.8,-180,140,1.5,1
trayectoria,0.37,2,159.2,451.9,160,-130,1.2,1
trayectoria,0.37,3,637.1,459.3,-170,-110,0.8,1
trayectoria,0.38,0,157,145.6,150,120,1,1
trayectoria,0.38,1,631.6,153.2,-180,140,1.5,1
trayectoria,0.38,2,160.8,450.6,160,-130,1.2,1
trayectoria,0.38,3,635.4,458.2,-170,-110,0.8,1
trayectoria,0.39,0,158.5,146.8,150,120,1,1
trayectoria,0.39,1,629.8,154.6,-180,140,1.5,1
trayectoria,0.39,2,162.4,449.3,160,-130,1.2,1
trayectoria,0.39,3,633.7,457.1,-170,-110,0.8,1
trayectoria,0.4,0,160,148,150,120,1,1
trayectoria,0.4,1,628,156,-180,140,1.5,1
trayectoria,0.4,2,164,448,160,-130,1.2,1
trayectoria,0.4,3,632,456,-170,-110,0.8,1
trayectoria,0.41,0,161.5,149.2,150,120,1,1
trayectoria,0.41,1,626.2,157.4,-180,140,1.5,1
trayectoria,0.41,2,165.6,446.7,160,-130,1.2,1
trayectoria,0.41,3,630.3,454.9,-170,-110,0.8,1
trayectoria,0.42,0,163,150.4,150,120,1,1
trayectoria,0.42,1,624.4,158.8,-180,140,1.5,1
trayectoria,0.42,2,167.2,445.4,160,-130,1.2,1
trayectoria,0.42,3,628.6,453.8,-170,-110,0.8,1
trayectoria,0.43,0,164.5,151.6,150,120,1,1
trayectoria,0.43,1,622.6,160.2,-180,140,1.5,1
trayectoria,0.43,2,168.8,444.1,160,-130,1.2,1
trayectoria,0.43,3,626.9,452.7,-170,-110,0.8,1
trayectoria,0.44,0,166,152.8,150,120,1,1
trayectoria,0.44,1,620.8,161.6,-180,140,1.5,1
trayectoria,0.44,2,170.4,442.8,160,-130,1.2,1
trayectoria,0.44,3,625.2,451.6,-170,-110,0.8,1
trayectoria,0.45,0,167.5,154,150,120,1,1
trayectoria,0.45,1,619,163,-180,140,1.5,1
trayectoria,0.45,2,172,441.5,160,-130,1.2,1
trayectoria,0.45,3,623.5,450.5,-170,-110,0.8,1
trayectoria,0.46,0,169,155.2,150,120,1,1
trayectoria,0.46,1,617.2,164.4,-180,140,1.5,1
trayectoria,0.46,2,173.6,440.2,160,-130,1.2,1
trayectoria,0.46,3,621.8,449.4,-170,-110,0.8,1
trayectoria,0.47,0,170.5,156.4,150,120,1,1
trayectoria,0.47,1,615.4,165.8,-180,140,1.5,1
trayectoria,0.47,2,175.2,438.9,160,-130,1.2,1
trayectoria,0.47,3,620.1,448.3,-170,-110,0.8,1
trayectoria,0.48,0,172,157.6,150,120,1,1
trayectoria,0.48,1,613.6,167.2,-180,140,1.5,1
trayectoria,0.48,2,176.8,437.6,160,-130,1.2,1
trayectoria,0.48,3,618.4,447.2,-170,-110,0.8,1
trayectoria,0.49,0,173.5,158.8,150,120,1,1
trayectoria,0.49,1,611.8,168.6,-180,140,1.5,1
trayectoria,0.49,2,178.4,436.3,160,-130,1.2,1
trayectoria,0.49,3,616.7,446.1,-170,-110,0.8,1
trayectoria,0.5,0,175,160,150,120,1,1
trayectoria,0.5,1,610,170,-180,140,1.5,1
trayectoria,0.5,2,180,435,160,-130,1.2,1
trayectoria,0.5,3,615,445,-170,-110,0.8,1
trayectoria,0.51,0,176.5,161.2,150,120,1,1
trayectoria,0.51,1,608.2,171.4,-180,140,1.5,1
trayectoria,0.51,2,181.6,433.7,160,-130,1.2,1
trayectoria,0.51,3,613.3,443.9,-170,-110,0.8,1
trayectoria,0.52,0,178,162.4,150,120,1,1
trayectoria,0.52,1,606.4,172.8,-180,140,1.5,1
trayectoria,0.52,2,183.2,432.4,160,-130,1.2,1
trayectoria,0.52,3,611.6,442.8,-170,-110,0.8,1
trayectoria,0.53,0,179.5,163.6,150,120,1,1
trayectoria,0.53,1,607.124,174.2,126,140,1.5,1
trayectoria,0.53,2,184.8,431.1,160,-130,1.2,1
trayectoria,0.53,3,609.9,441.7,-170,-110,0.8,1
trayectoria,0.54,0,181,164.8,150,120,1,1
trayectoria,0.54,1,608.384,175.6,126,140,1.5,1
trayectoria,0.54,2,186.4,429.8,160,-130,1.2,1
trayectoria,0.54,3,608.2,440.6,-170,-110,0.8,1
trayectoria,0.55,0,182.5,166,150,120,1,1
trayectoria,0.55,1,609.644,177,126,140,1.5,1
trayectoria,0.55,2,188,428.5,160,-130,1.2,1
trayectoria,0.55,3,606.5,439.5,-170,-110,0.8,1
trayectoria,0.56,0,184,167.2,150,120,1,1
trayectoria,0.56,1,610.904,178.4,126,140,1.5,1
trayectoria,0.56,2,189.6,427.2,160,-130,1.2,1
trayectoria,0.56,3,604.8,438.4,-170,-110,0.8,1
trayectoria,0.57,0,185.5,168.4,150,120,1,1
trayectoria,0.57,1,612.164,179.8,126,140,1.5,1
trayectoria,0.57,2,191.2,425.9,160,-130,1.2,1
trayectoria,0.57,3,605.472,437.3,119,-110,0.8,1
trayectoria,0.58,0,187,169.6,150,120,1,1
trayectoria,0.58,1,613.424,181.2,126,140,1.5,1
trayectoria,0.58,2,192.8,424.6,160,-130,1.2,1
trayectoria,0.58,3,606.662,436.2,119,-110,0.8,1
trayectoria,0.59,0,188.5,170.8,150,120,1,1
trayectoria,0.59,1,614.684,182.6,126,140,1.5,1
trayectoria,0.59,2,194.4,423.3,160,-130,1.2,1
trayectoria,0.59,3,607.852,435.1,119,-110,0.8,1
trayectoria,0.6,0,190,172,150,120,1,1
trayectoria,0.6,1,615.944,184,126,140,1.5,1
trayectoria,0.6,2,193.523,422,-112,-130,1.2,1
trayectoria,0.6,3,609.042,434,119,-110,0.8,1
trayectoria,0.61,0,191.5,173.2,150,120,1,1
trayectoria,0.61,1,617.204,185.4,126,140,1.5,1
trayectoria,0.61,2,192.403,420.7,-112,-130,1.2,1
trayectoria,0.61,3,610.232,432.9,119,-110,0.8,1
trayectoria,0.62,0,193,174.4,150,120,1,1
trayectoria,0.62,1,618.464,186.8,126,140,1.5,1
trayectoria,0.62,2,191.283,419.4,-112,-130,1.2,1
trayectoria,0.62,3,611.422,431.8,119,-110,0.8,1
trayectoria,0.63,0,194.5,175.6,150,120,1,1
trayectoria,0.63,1,619.724,188.2,126,140,1.5,1
trayectoria,0.63,2,190.163,418.1,-112,-130,1.2,1
trayectoria,0.63,3,612.612,430.7,119,-110,0.8,1
trayectoria,0.64,0,194,176.8,-105,120,1,1
trayectoria,0.64,1,620.984,189.6,126,140,1.5,1
trayectoria,0.64,2,189.043,416.8,-112,-130,1.2,1
trayectoria,0.64,3,613.802,429.6,119,-110,0.8,1
trayectoria,0.65,0,192.95,178,-105,120,1,1
trayectoria,0.65,1,622.244,191,126,140,1.5,1
trayectoria,0.65,2,187.923,415.5,-112,-130,1.2,1
trayectoria,0.65,3,614.992,428.5,119,-110,0.8,1
trayectoria,0.66,0,191.9,179.2,-105,120,1,1
trayectoria,0.66,1,623.504,192.4,126,140,1.5,1
trayectoria,0.66,2,186.803,414.2,-112,-130,1.2,1
trayectoria,0.66,3,616.182,427.4,119,-110,0.8,1
trayectoria,0.67,0,190.85,180.4,-105,120,1,1
trayectoria,0.67,1,624.764,193.8,126,140,1.5,1
trayectoria,0.67,2,185.683,412.9,-112,-130,1.2,1
trayectoria,0.67,3,617.372,426.3,119,-110,0.8,1
trayectoria,0.68,0,189.8,181.6,-105,120,1,1
trayectoria,0.68,1,626.024,195.2,126,140,1.5,1
trayectoria,0.68,2,184.563,411.6,-112,-130,1.2,1
trayectoria,0.68,3,618.562,425.2,119,-110,0.8,1
trayectoria,0.69,0,188.75,182.8,-105,120,1,1
trayectoria,0.69,1,627.284,196.6,126,140,1.5,1
trayectoria,0.69,2,183.443,410.3,-112,-130,1.2,1
trayectoria,0.69,3,619.752,424.1,119,-110,0.8,1
trayectoria,0.7,0,187.7,184,-105,120,1,1
trayectoria,0.7,1,628.544,198,126,140,1.5,1
trayectoria,0.7,2,182.323,409,-112,-130,1.2,1
trayectoria,0.7,3,620.942,423,119,-110,0.8,1
trayectoria,0.71,0,186.65,185.2,-105,120,1,1
trayectoria,0.71,1,629.804,199.4,126,140,1.5,1
trayectoria,0.71,2,181.203,407.7,-112,-130,1.2,1
trayectoria,0.71,3,622.132,421.9,119,-110,0.8,1
trayectoria,0.72,0,185.6,186.4,-105,120,1,1
trayectoria,0.72,1,631.064,200.8,126,140,1.5,1
trayectoria,0.72,2,180.083,406.4,-112,-130,1.2,1
trayectoria,0.72,3,623.322,420.8,119,-110,0.8,1
trayectoria,0.73,0,184.55,187.6,-105,120,1,1
trayectoria,0.73,1,632.324,202.2,126,140,1.5,1
trayectoria,0.73,2,178.963,405.1,-112,-130,1.2,1
trayectoria,0.73,3,624.512,419.7,119,-110,0.8,1
trayectoria,0.74,0,183.5,188.8,-105,120,1,1
trayectoria,0.74,1,633.584,203.6,126,140,1.5,1
trayectoria,0.74,2,177.843,403.8,-112,-130,1.2,1
trayectoria,0.74,3,625.702,418.6,119,-110,0.8,1
trayectoria,0.75,0,182.45,190,-105,120,1,1
trayectoria,0.75,1,634.844,205,126,140,1.5,1
trayectoria,0.75,2,176.723,402.5,-112,-130,1.2,1
trayectoria,0.75,3,626.892,417.5,119,-110,0.8,1
trayectoria,0.76,0,181.4,191.2,-105,120,1,1
trayectoria,0.76,1,636.104,206.4,126,140,1.5,1
trayectoria,0.76,2,175.603,401.2,-112,-130,1.2,1
trayectoria,0.76,3,628.082,416.4,119,-110,0.8,1
trayectoria,0.77,0,180.35,192.4,-105,120,1,1
trayectoria,0.77,1,637.364,207.8,126,140,1.5,1
trayectoria,0.77,2,174.483,399.9,-112,-130,1.2,1
trayectoria,0.77,3,629.272,415.3,119,-110,0.8,1
trayectoria,0.78,0,179.3,193.6,-105,120,1,1
trayectoria,0.78,1,638.624,209.2,126,140,1.5,1
trayectoria,0.78,2,173.363,398.6,-112,-130,1.2,1
trayectoria,0.78,3,630.462,414.2,119,-110,0.8,1
trayectoria,0.79,0,178.25,194.8,-105,120,1,1
trayectoria,0.79,1,639.884,210.6,126,140,1.5,1
trayectoria,0.79,2,172.243,397.3,-112,-130,1.2,1
trayectoria,0.79,3,631.652,413.1,119,-110,0.8,1
trayectoria,0.8,0,177.2,196,-105,120,1,1
trayectoria,0.8,1,641.144,212,126,140,1.5,1
trayectoria,0.8,2,171.123,396,-112,-130,1.2,1
trayectoria,0.8,3,632.842,412,119,-110,0.8,1
trayectoria,0.81,0,176.15,197.2,-105,120,1,1
trayectoria,0.81,1,642.404,213.4,126,140,1.5,1
trayectoria,0.81,2,170.003,394.7,-112,-130,1.2,1
trayectoria,0.81,3,634.032,410.9,119,-110,0.8,1
trayectoria,0.82,0,175.1,198.4,-105,120,1,1
trayectoria,0.82,1,643.664,214.8,126,140,1.5,1
trayectoria,0.82,2,168.883,393.4,-112,-130,1.2,1
trayectoria,0.82,3,635.222,409.8,119,-110,0.8,1
trayectoria,0.83,0,174.05,199.6,-105,120,1,1
trayectoria,0.83,1,644.924,216.2,126,140,1.5,1
trayectoria,0.83,2,167.763,392.1,-112,-130,1.2,1
trayectoria,0.83,3,636.412,408.7,119,-110,0.8,1
trayectoria,0.84,0,173,200.8,-105,120,1,1
trayectoria,0.84,1,646.184,217.6,126,140,1.5,1
trayectoria,0.84,2,166.643,390.8,-112,-130,1.2,1
trayectoria,0.84,3,637.602,407.6,119,-110,0.8,1
trayectoria,0.85,0,171.95,202,-105,120,1,1
trayectoria,0.85,1,647.444,219,126,140,1.5,1
trayectoria,0.85,2,165.523,389.5,-112,-130,1.2,1
trayectoria,0.85,3,638.792,406.5,119,-110,0.8,1
trayectoria,0.86,0,170.9,203.2,-105,120,1,1
trayectoria,0.86,1,648.704,220.4,126,140,1.5,1
trayectoria,0.86,2,164.403,388.2,-112,-130,1.2,1
trayectoria,0.86,3,639.982,405.4,119,-110,0.8,1
trayectoria,0.87,0,169.85,204.4,-105,120,1,1
trayectoria,0.87,1,649.964,221.8,126,140,1.5,1
trayectoria,0.87,2,163.283,386.9,-112,-130,1.2,1
trayectoria,0.87,3,641.172,404.3,119,-110,0.8,1
trayectoria,0.88,0,168.8,205.6,-105,120,1,1
trayectoria,0.88,1,651.224,223.2,126,140,1.5,1
trayectoria,0.88,2,162.163,385.6,-112,-130,1.2,1
trayectoria,0.88,3,642.362,403.2,119,-110,0.8,1
trayectoria,0.89,0,167.75,206.8,-105,120,1,1
trayectoria,0.89,1,652.484,224.6,126,140,1.5,1
trayectoria,0.89,2,161.043,384.3,-112,-130,1.2,1
trayectoria,0.89,3,643.552,402.1,119,-110,0.8,1
trayectoria,0.9,0,166.7,208,-105,120,1,1
trayectoria,0.9,1,653.744,226,126,140,1.5,1
trayectoria,0.9,2,159.923,383,-112,-130,1.2,1
trayectoria,0.9,3,644.742,401,119,-110,0.8,1
trayectoria,0.91,0,165.65,209.2,-105,120,1,1
trayectoria,0.91,1,655.004,227.4,126,140,1.5,1
trayectoria,0.91,2,158.803,381.7,-112,-130,1.2,1
trayectoria,0.91,3,645.932,399.9,119,-110,0.8,1
trayectoria,0.92,0,164.6,210.4,-105,120,1,1
trayectoria,0.92,1,656.264,228.8,126,140,1.5,1
trayectoria,0.92,2,157.683,380.4,-112,-130,1.2,1
trayectoria,0.92,3,647.122,398.8,119,-110,0.8,1
trayectoria,0.93,0,163.55,211.6,-105,120,1,1
trayectoria,0.93,1,657.524,230.2,126,140,1.5,1
trayectoria,0.93,2,156.563,379.1,-112,-130,1.2,1
trayectoria,0.93,3,648.312,397.7,119,-110,0.8,1
trayectoria,0.94,0,162.5,212.8,-105,120,1,1
trayectoria,0.94,1,658.784,231.6,126,140,1.5,1
trayectoria,0.94,2,155.443,377.8,-112,-130,1.2,1
trayectoria,0.94,3,649.502,396.6,119,-110,0.8,1
trayectoria,0.95,0,161.45,214,-105,120,1,1
trayectoria,0.95,1,660.044,233,126,140,1.5,1
trayectoria,0.95,2,154.323,376.5,-112,-130,1.2,1
trayectoria,0.95,3,650.692,395.5,119,-110,0.8,1
trayectoria,0.96,0,160.4,215.2,-105,120,1,1
trayectoria,0.96,1,661.304,234.4,126,140,1.5,1
trayectoria,0.96,2,153.203,375.2,-112,-130,1.2,1
trayectoria,0.96,3,651.882,394.4,119,-110,0.8,1
trayectoria,0.97,0,159.35,216.4,-105,120,1,1
trayectoria,0.97,1,662.564,235.8,126,140,1.5,1
trayectoria,0.97,2,152.083,373.9,-112,-130,1.2,1
trayectoria,0.97,3,653.072,393.3,119,-110,0.8,1
trayectoria,0.98,0,158.3,217.6,-105,120,1,1
trayectoria,0.98,1,663.824,237.2,126,140,1.5,1
trayectoria,0.98,2,150.963,372.6,-112,-130,1.2,1
trayectoria,0.98,3,654.262,392.2,119,-110,0.8,1
trayectoria,0.99,0,157.25,218.8,-105,120,1,1
trayectoria,0.99,1,665.084,238.6,126,140,1.5,1
trayectoria,0.99,2,149.843,371.3,-112,-130,1.2,1
trayectoria,0.99,3,655.452,391.1,119,-110,0.8,1
trayectoria,1,0,156.2,220,-105,120,1,1
trayectoria,1,1,666.344,240,126,140,1.5,1
trayectoria,1,2,148.723,370,-112,-130,1.2,1
trayectoria,1,3,656.642,390,119,-110,0.8,1
trayectoria,1.01,0,155.15,221.2,-105,120,1,1
trayectoria,1.01,1,667.604,241.4,126,140,1.5,1
trayectoria,1.01,2,147.603,368.7,-112,-130,1.2,1
trayectoria,1.01,3,657.832,388.9,119,-110,0.8,1
trayectoria,1.02,0,154.1,222.4,-105,120,1,1
trayectoria,1.02,1,668.864,242.8,126,140,1.5,1
trayectoria,1.02,2,146.483,367.4,-112,-130,1.2,1
trayectoria,1.02,3,659.022,387.8,119,-110,0.8,1
trayectoria,1.03,0,153.05,223.6,-105,120,1,1
trayectoria,1.03,1,670.124,244.2,126,140,1.5,1
trayectoria,1.03,2,145.363,366.1,-112,-130,1.2,1
trayectoria,1.03,3,660.212,386.7,119,-110,0.8,1
trayectoria,1.04,0,152,224.8,-105,120,1,1
trayectoria,1.04,1,671.384,245.6,126,140,1.5,1
trayectoria,1.04,2,144.243,364.8,-112,-130,1.2,1
trayectoria,1.04,3,661.402,385.6,119,-110,0.8,1
trayectoria,1.05,0,150.95,226,-105,120,1,1
trayectoria,1.05,1,672.644,247,126,140,1.5,1
trayectoria,1.05,2,143.123,363.5,-112,-130,1.2,1
trayectoria,1.05,3,662.592,384.5,119,-110,0.8,1
trayectoria,1.06,0,149.9,227.2,-105,120,1,1
trayectoria,1.06,1,673.904,248.4,126,140,1.5,1
trayectoria,1.06,2,142.003,362.2,-112,-130,1.2,1
trayectoria,1.06,3,663.782,383.4,119,-110,0.8,1
trayectoria,1.07,0,148.85,228.4,-105,120,1,1
trayectoria,1.07,1,675.164,249.8,126,140,1.5,1
trayectoria,1.07,2,140.883,360.9,-112,-130,1.2,1
trayectoria,1.07,3,664.972,382.3,119,-110,0.8,1
trayectoria,1.08,0,147.8,229.6,-105,120,1,1
trayectoria,1.08,1,676.424,251.2,126,140,1.5,1
trayectoria,1.08,2,139.763,359.6,-112,-130,1.2,1
trayectoria,1.08,3,666.162,381.2,119,-110,0.8,1
trayectoria,1.09,0,146.75,230.8,-105,120,1,1
trayectoria,1.09,1,677.684,252.6,126,140,1.5,1
trayectoria,1.09,2,138.643,358.3,-112,-130,1.2,1
trayectoria,1.09,3,667.352,380.1,119,-110,0.8,1
trayectoria,1.1,0,145.7,232,-105,120,1,1
trayectoria,1.1,1,678.944,254,126,140,1.5,1
trayectoria,1.1,2,137.523,357,-112,-130,1.2,1
trayectoria,1.1,3,668.542,379,119,-110,0.8,1
trayectoria,1.11,0,144.65,233.2,-105,120,1,1
trayectoria,1.11,1,680.204,255.4,126,140,1.5,1
trayectoria,1.11,2,136.403,355.7,-112,-130,1.2,1
trayectoria,1.11,3,669.732,377.9,119,-110,0.8,1
trayectoria,1.12,0,143.6,234.4,-105,120,1,1
trayectoria,1.12,1,681.464,256.8,126,140,1.5,1
trayectoria,1.12,2,135.283,354.4,-112,-130,1.2,1
trayectoria,1.12,3,670.922,376.8,119,-110,0.8,1
trayectoria,1.13,0,142.55,235.6,-105,120,1,1
trayectoria,1.13,1,682.724,258.2,126,140,1.5,1
trayectoria,1.13,2,134.163,353.1,-112,-130,1.2,1
trayectoria,1.13,3,672.112,375.7,119,-110,0.8,1
trayectoria,1.14,0,141.5,236.8,-105,120,1,1
trayectoria,1.14,1,683.984,259.6,126,140,1.5,1
trayectoria,1.14,2,133.043,351.8,-112,-130,1.2,1
trayectoria,1.14,3,673.302,374.6,119,-110,0.8,1
trayectoria,1.15,0,140.45,238,-105,120,1,1
trayectoria,1.15,1,685.244,261,126,140,1.5,1
trayectoria,1.15,2,131.923,350.5,-112,-130,1.2,1
trayectoria,1.15,3,674.492,373.5,119,-110,0.8,1
trayectoria,1.16,0,139.4,239.2,-105,120,1,1
trayectoria,1.16,1,686.504,262.4,126,140,1.5,1
trayectoria,1.16,2,130.803,349.2,-112,-130,1.2,1
trayectoria,1.16,3,675.682,372.4,119,-110,0.8,1
trayectoria,1.17,0,138.35,240.4,-105,120,1,1
trayectoria,1.17,1,687.764,263.8,126,140,1.5,1
trayectoria,1.17,2,129.683,347.9,-112,-130,1.2,1
trayectoria,1.17,3,676.872,371.3,119,-110,0.8,1
trayectoria,1.18,0,137.3,241.6,-105,120,1,1
trayectoria,1.18,1,689.024,265.2,126,140,1.5,1
trayectoria,1.18,2,128.563,346.6,-112,-130,1.2,1
trayectoria,1.18,3,678.062,370.2,119,-110,0.8,1
trayectoria,1.19,0,136.25,242.8,-105,120,1,1
trayectoria,1.19,1,690.284,266.6,126,140,1.5,1
trayectoria,1.19,2,127.443,345.3,-112,-130,1.2,1
trayectoria,1.19,3,679.252,369.1,119,-110,0.8,1
trayectoria,1.2,0,135.2,244,-105,120,1,1
trayectoria,1.2,1,691.544,268,126,140,1.5,1
trayectoria,1.2,2,126.323,344,-112,-130,1.2,1
trayectoria,1.2,3,680.442,368,119,-110,0.8,1
trayectoria,1.21,0,134.15,245.2,-105,120,1,1
trayectoria,1.21,1,692.804,269.4,126,140,1.5,1
trayectoria,1.21,2,125.203,342.7,-112,-130,1.2,1
trayectoria,1.21,3,681.632,366.9,119,-110,0.8,1
trayectoria,1.22,0,133.1,246.4,-105,120,1,1
trayectoria,1.22,1,694.064,270.8,126,140,1.5,1
trayectoria,1.22,2,124.083,341.4,-112,-130,1.2,1
trayectoria,1.22,3,682.822,365.8,119,-110,0.8,1
trayectoria,1.23,0,132.05,247.6,-105,120,1,1
trayectoria,1.23,1,695.324,272.2,126,140,1.5,1
trayectoria,1.23,2,122.963,340.1,-112,-130,1.2,1
trayectoria,1.23,3,684.012,364.7,119,-110,0.8,1
trayectoria,1.24,0,131,248.8,-105,120,1,1
trayectoria,1.24,1,696.584,273.6,126,140,1.5,1
trayectoria,1.24,2,121.843,338.8,-112,-130,1.2,1
trayectoria,1.24,3,685.202,363.6,119,-110,0.8,1
trayectoria,1.25,0,129.95,250,-105,120,1,1
trayectoria,1.25,1,697.844,275,126,140,1.5,1
trayectoria,1.25,2,120.723,337.5,-112,-130,1.2,1
trayectoria,1.25,3,686.392,362.5,119,-110,0.8,1
trayectoria,1.26,0,128.9,251.2,-105,120,1,1
trayectoria,1.26,1,699.104,276.4,126,140,1.5,1
trayectoria,1.26,2,119.603,336.2,-112,-130,1.2,1
trayectoria,1.26,3,687.582,361.4,119,-110,0.8,1
trayectoria,1.27,0,127.85,252.4,-105,120,1,1
trayectoria,1.27,1,700.364,277.8,126,140,1.5,1
trayectoria,1.27,2,118.483,334.9,-112,-130,1.2,1
trayectoria,1.27,3,688.772,360.3,119,-110,0.8,1
trayectoria,1.28,0,126.8,253.6,-105,120,1,1
trayectoria,1.28,1,701.624,279.2,126,140,1.5,1
trayectoria,1.28,2,117.363,333.6,-112,-130,1.2,1
trayectoria,1.28,3,689.962,359.2,119,-110,0.8,1
trayectoria,1.29,0,125.75,254.8,-105,120,1,1
trayectoria,1.29,1,702.884,280.6,126,140,1.5,1
trayectoria,1.29,2,116.243,332.3,-112,-130,1.2,1
trayectoria,1.29,3,691.152,358.1,119,-110,0.8,1
trayectoria,1.3,0,124.7,256,-105,120,1,1
trayectoria,1.3,1,704.144,282,126,140,1.5,1
trayectoria,1.3,2,115.123,331,-112,-130,1.2,1
trayectoria,1.3,3,692.342,357,119,-110,0.8,1
trayectoria,1.31,0,123.65,257.2,-105,120,1,1
trayectoria,1.31,1,705.404,283.4,126,140,1.5,1
trayectoria,1.31,2,114.003,329.7,-112,-130,1.2,1
trayectoria,1.31,3,693.532,355.9,119,-110,0.8,1
trayectoria,1.32,0,122.6,258.4,-105,120,1,1
trayectoria,1.32,1,706.664,284.8,126,140,1.5,1
trayectoria,1.32,2,112.883,328.4,-112,-130,1.2,1
trayectoria,1.32,3,694.722,354.8,119,-110,0.8,1
trayectoria,1.33,0,121.55,259.6,-105,120,1,1
trayectoria,1.33,1,707.924,286.2,126,140,1.5,1
trayectoria,1.33,2,111.763,327.1,-112,-130,1.2,1
trayectoria,1.33,3,695.912,353.7,119,-110,0.8,1
trayectoria,1.34,0,120.5,260.8,-105,120,1,1
trayectoria,1.34,1,709.184,287.6,126,140,1.5,1
trayectoria,1.34,2,110.643,325.8,-112,-130,1.2,1
trayectoria,1.34,3,697.102,352.6,119,-110,0.8,1
trayectoria,1.35,0,119.45,262,-105,120,1,1
trayectoria,1.35,1,710.444,289,126,140,1.5,1
trayectoria,1.35,2,109.523,324.5,-112,-130,1.2,1
trayectoria,1.35,3,698.292,351.5,119,-110,0.8,1
trayectoria,1.36,0,118.4,263.2,-105,120,1,1
trayectoria,1.36,1,711.704,290.4,126,140,1.5,1
trayectoria,1.36,2,108.403,323.2,-112,-130,1.2,1
trayectoria,1.36,3,699.482,350.4,119,-110,0.8,1
trayectoria,1.37,0,117.35,264.4,-105,120,1,1
trayectoria,1.37,1,712.964,291.8,126,140,1.5,1
trayectoria,1.37,2,107.283,321.9,-112,-130,1.2,1
trayectoria,1.37,3,700.672,349.3,119,-110,0.8,1
trayectoria,1.38,0,116.3,265.6,-105,120,1,1
trayectoria,1.38,1,714.224,293.2,126,140,1.5,1
trayectoria,1.38,2,106.163,320.6,-112,-130,1.2,1
trayectoria,1.38,3,701.862,348.2,119,-110,0.8,1
trayectoria,1.39,0,115.25,266.8,-105,120,1,1
trayectoria,1.39,1,715.484,294.6,126,140,1.5,1
trayectoria,1.39,2,105.043,319.3,-112,-130,1.2,1
trayectoria,1.39,3,703.052,347.1,119,-110,0.8,1
trayectoria,1.4,0,114.2,268,-105,120,1,1
trayectoria,1.4,1,716.744,296,126,140,1.5,1
trayectoria,1.4,2,103.923,318,-112,-130,1.2,1
trayectoria,1.4,3,704.242,346,119,-110,0.8,1
trayectoria,1.41,0,113.15,269.2,-105,120,1,1
trayectoria,1.41,1,718.004,297.4,126,140,1.5,1
trayectoria,1.41,2,102.803,316.7,-112,-130,1.2,1
trayectoria,1.41,3,705.432,344.9,119,-110,0.8,1
trayectoria,1.42,0,112.1,270.4,-105,120,1,1
trayectoria,1.42,1,719.264,298.8,126,140,1.5,1
trayectoria,1.42,2,101.683,315.4,-112,-130,1.2,1
trayectoria,1.42,3,706.622,343.8,119,-110,0.8,1
trayectoria,1.43,0,111.05,271.6,-105,120,1,1
trayectoria,1.43,1,720.524,300.2,126,140,1.5,1
trayectoria,1.43,2,100.563,314.1,-112,-130,1.2,1
trayectoria,1.43,3,707.812,342.7,119,-110,0.8,1
trayectoria,1.44,0,110,272.8,-105,120,1,1
trayectoria,1.44,1,721.784,301.6,126,140,1.5,1
trayectoria,1.44,2,99.4428,312.8,-112,-130,1.2,1
trayectoria,1.44,3,709.002,341.6,119,-110,0.8,1
trayectoria,1.45,0,108.95,274,-105,120,1,1
trayectoria,1.45,1,723.044,303,126,140,1.5,1
trayectoria,1.45,2,98.3228,311.5,-112,-130,1.2,1
trayectoria,1.45,3,710.192,340.5,119,-110,0.8,1
trayectoria,1.46,0,107.9,275.2,-105,120,1,1
trayectoria,1.46,1,724.304,304.4,126,140,1.5,1
trayectoria,1.46,2,97.2028,310.2,-112,-130,1.2,1
trayectoria,1.46,3,711.382,339.4,119,-110,0.8,1
trayectoria,1.47,0,106.85,276.4,-105,120,1,1
trayectoria,1.47,1,725.564,305.8,126,140,1.5,1
trayectoria,1.47,2,96.0828,308.9,-112,-130,1.2,1
trayectoria,1.47,3,712.572,338.3,119,-110,0.8,1
trayectoria,1.48,0,105.8,277.6,-105,120,1,1
trayectoria,1.48,1,726.824,307.2,126,140,1.5,1
trayectoria,1.48,2,94.9628,307.6,-112,-130,1.2,1
trayectoria,1.48,3,713.762,337.2,119,-110,0.8,1
trayectoria,1.49,0,104.75,278.8,-105,120,1,1
trayectoria,1.49,1,728.084,308.6,126,140,1.5,1
trayectoria,1.49,2,93.8428,306.3,-112,-130,1.2,1
trayectoria,1.49,3,714.952,336.1,119,-110,0.8,1
trayectoria,1.5,0,103.7,280,-105,120,1,1
trayectoria,1.5,1,729.344,310,126,140,1.5,1
trayectoria,1.5,2,92.7228,305,-112,-130,1.2,1
trayectoria,1.5,3,716.142,335,119,-110,0.8,1
trayectoria,1.51,0,102.65,281.2,-105,120,1,1
trayectoria,1.51,1,730.604,311.4,126,140,1.5,1
trayectoria,1.51,2,91.6028,303.7,-112,-130,1.2,1
trayectoria,1.51,3,717.332,333.9,119,-110,0.8,1
trayectoria,1.52,0,101.6,282.4,-105,120,1,1
trayectoria,1.52,1,731.864,312.8,126,140,1.5,1
trayectoria,1.52,2,90.4828,302.4,-112,-130,1.2,1
trayectoria,1.52,3,718.522,332.8,119,-110,0.8,1
trayectoria,1.53,0,100.55,283.6,-105,120,1,1
trayectoria,1.53,1,733.124,314.2,126,140,1.5,1
trayectoria,1.53,2,89.3628,301.1,-112,-130,1.2,1
trayectoria,1.53,3,719.712,331.7,119,-110,0.8,1
trayectoria,1.54,0,99.5,284.8,-105,120,1,1
trayectoria,1.54,1,734.384,315.6,126,140,1.5,1
trayectoria,1.54,2,88.2428,299.8,-112,-130,1.2,1
trayectoria,1.54,3,720.902,330.6,119,-110,0.8,1
trayectoria,1.55,0,98.45,286,-105,120,1,1
trayectoria,1.55,1,735.644,317,126,140,1.5,1
trayectoria,1.55,2,87.1228,298.5,-112,-130,1.2,1
trayectoria,1.55,3,722.092,329.5,119,-110,0.8,1
trayectoria,1.56,0,97.4,287.2,-105,120,1,1
trayectoria,1.56,1,736.904,318.4,126,140,1.5,1
trayectoria,1.56,2,86.0028,297.2,-112,-130,1.2,1
trayectoria,1.56,3,723.282,328.4,119,-110,0.8,1
trayectoria,1.57,0,96.35,288.4,-105,120,1,1
trayectoria,1.57,1,738.164,319.8,126,140,1.5,1
trayectoria,1.57,2,84.8828,295.9,-112,-130,1.2,1
trayectoria,1.57,3,724.472,327.3,119,-110,0.8,1
trayectoria,1.58,0,95.3,289.6,-105,120,1,1
trayectoria,1.58,1,739.424,321.2,126,140,1.5,1
trayectoria,1.58,2,83.7628,294.6,-112,-130,1.2,1
trayectoria,1.58,3,725.662,326.2,119,-110,0.8,1
trayectoria,1.59,0,94.25,290.8,-105,120,1,1
trayectoria,1.59,1,740.684,322.6,126,140,1.5,1
trayectoria,1.59,2,82.6428,293.3,-112,-130,1.2,1
trayectoria,1.59,3,726.852,325.1,119,-110,0.8,1
trayectoria,1.6,0,93.2,292,-105,120,1,1
trayectoria,1.6,1,741.944,324,126,140,1.5,1
trayectoria,1.6,2,81.5228,292,-112,-130,1.2,1
trayectoria,1.6,3,728.042,324,119,-110,0.8,1
trayectoria,1.61,0,92.15,293.2,-105,120,1,1
trayectoria,1.61,1,743.204,325.4,126,140,1.5,1
trayectoria,1.61,2,80.4028,290.7,-112,-130,1.2,1
trayectoria,1.61,3,729.232,322.9,119,-110,0.8,1
trayectoria,1.62,0,91.1,294.4,-105,120,1,1
trayectoria,1.62,1,744.464,326.8,126,140,1.5,1
trayectoria,1.62,2,79.2828,289.4,-112,-130,1.2,1
trayectoria,1.62,3,730.422,321.8,119,-110,0.8,1
trayectoria,1.63,0,90.05,295.6,-105,120,1,1
trayectoria,1.63,1,745.724,328.2,126,140,1.5,1
trayectoria,1.63,2,78.1628,288.1,-112,-130,1.2,1
trayectoria,1.63,3,731.612,320.7,119,-110,0.8,1
trayectoria,1.64,0,89,296.8,-105,120,1,1
trayectoria,1.64,1,746.984,329.6,126,140,1.5,1
trayectoria,1.64,2,77.0428,286.8,-112,-130,1.2,1
trayectoria,1.64,3,732.802,319.6,119,-110,0.8,1
trayectoria,1.65,0,87.95,298,-105,120,1,1
trayectoria,1.65,1,748.244,331,126,140,1.5,1
trayectoria,1.65,2,75.9228,285.5,-112,-130,1.2,1
trayectoria,1.65,3,733.992,318.5,119,-110,0.8,1
trayectoria,1.66,0,86.9,299.2,-105,120,1,1
trayectoria,1.66,1,749.504,332.4,126,140,1.5,1
trayectoria,1.66,2,74.8028,284.2,-112,-130,1.2,1
trayectoria,1.66,3,735.182,317.4,119,-110,0.8,1
trayectoria,1.67,0,85.85,300.4,-105,120,1,1
trayectoria,1.67,1,750.764,333.8,126,140,1.5,1
trayectoria,1.67,2,73.6828,282.9,-112,-130,1.2,1
trayectoria,1.67,3,736.372,316.3,119,-110,0.8,1
trayectoria,1.68,0,84.8,301.6,-105,120,1,1
trayectoria,1.68,1,752.024,335.2,126,140,1.5,1
trayectoria,1.68,2,72.5628,281.6,-112,-130,1.2,1
trayectoria,1.68,3,737.562,315.2,119,-110,0.8,1
trayectoria,1.69,0,83.75,302.8,-105,120,1,1
trayectoria,1.69,1,753.284,336.6,126,140,1.5,1
trayectoria,1.69,2,71.4428,280.3,-112,-130,1.2,1
trayectoria,1.69,3,738.752,314.1,119,-110,0.8,1
trayectoria,1.7,0,82.7,304,-105,120,1,1
trayectoria,1.7,1,754.544,338,126,140,1.5,1
trayectoria,1.7,2,70.3228,279,-112,-130,1.2,1
trayectoria,1.7,3,739.942,313,119,-110,0.8,1
trayectoria,1.71,0,81.65,305.2,-105,120,1,1
trayectoria,1.71,1,755.804,339.4,126,140,1.5,1
trayectoria,1.71,2,69.2028,277.7,-112,-130,1.2,1
trayectoria,1.71,3,741.132,311.9,119,-110,0.8,1
trayectoria,1.72,0,80.6,306.4,-105,120,1,1
trayectoria,1.72,1,757.064,340.8,126,140,1.5,1
trayectoria,1.72,2,68.0828,276.4,-112,-130,1.2,1
trayectoria,1.72,3,742.322,310.8,119,-110,0.8,1
trayectoria,1.73,0,79.55,307.6,-105,120,1,1
trayectoria,1.73,1,758.324,342.2,126,140,1.5,1
trayectoria,1.73,2,66.9628,275.1,-112,-130,1.2,1
trayectoria,1.73,3,743.512,309.7,119,-110,0.8,1
trayectoria,1.74,0,78.5,308.8,-105,120,1,1
trayectoria,1.74,1,759.584,343.6,126,140,1.5,1
trayectoria,1.74,2,65.8428,273.8,-112,-130,1.2,1
trayectoria,1.74,3,744.702,308.6,119,-110,0.8,1
trayectoria,1.75,0,77.45,310,-105,120,1,1
trayectoria,1.75,1,760.844,345,126,140,1.5,1
trayectoria,1.75,2,64.7228,272.5,-112,-130,1.2,1
trayectoria,1.75,3,745.892,307.5,119,-110,0.8,1
trayectoria,1.76,0,76.4,311.2,-105,120,1,1
trayectoria,1.76,1,762.104,346.4,126,140,1.5,1
trayectoria,1.76,2,63.6028,271.2,-112,-130,1.2,1
trayectoria,1.76,3,747.082,306.4,119,-110,0.8,1
trayectoria,1.77,0,75.35,312.4,-105,120,1,1
trayectoria,1.77,1,763.364,347.8,126,140,1.5,1
trayectoria,1.77,2,62.4828,269.9,-112,-130,1.2,1
trayectoria,1.77,3,748.272,305.3,119,-110,0.8,1
trayectoria,1.78,0,74.3,313.6,-105,120,1,1
trayectoria,1.78,1,764.624,349.2,126,140,1.5,1
trayectoria,1.78,2,61.3628,268.6,-112,-130,1.2,1
trayectoria,1.78,3,749.462,304.2,119,-110,0.8,1
trayectoria,1.79,0,73.25,314.8,-105,120,1,1
trayectoria,1.79,1,765.884,350.6,126,140,1.5,1
trayectoria,1.79,2,60.2428,267.3,-112,-130,1.2,1
trayectoria,1.79,3,750.652,303.1,119,-110,0.8,1
trayectoria,1.8,0,72.2,316,-105,120,1,1
trayectoria,1.8,1,767.144,352,126,140,1.5,1
trayectoria,1.8,2,59.1228,266,-112,-130,1.2,1
trayectoria,1.8,3,751.842,302,119,-110,0.8,1
trayectoria,1.81,0,71.15,317.2,-105,120,1,1
trayectoria,1.81,1,768.404,353.4,126,140,1.5,1
trayectoria,1.81,2,58.0028,264.7,-112,-130,1.2,1
trayectoria,1.81,3,753.032,300.9,119,-110,0.8,1
trayectoria,1.82,0,70.1,318.4,-105,120,1,1
trayectoria,1.82,1,769.664,354.8,126,140,1.5,1
trayectoria,1.82,2,56.8828,263.4,-112,-130,1.2,1
trayectoria,1.82,3,754.222,299.8,119,-110,0.8,1
trayectoria,1.83,0,69.05,319.6,-105,120,1,1
trayectoria,1.83,1,770.924,356.2,126,140,1.5,1
trayectoria,1.83,2,55.7628,262.1,-112,-130,1.2,1
trayectoria,1.83,3,755.412,298.7,119,-110,0.8,1
trayectoria,1.84,0,68,320.8,-105,120,1,1
trayectoria,1.84,1,772.184,357.6,126,140,1.5,1
trayectoria,1.84,2,54.6428,260.8,-112,-130,1.2,1
trayectoria,1.84,3,756.602,297.6,119,-110,0.8,1
trayectoria,1.85,0,66.95,322,-105,120,1,1
trayectoria,1.85,1,773.444,359,126,140,1.5,1
trayectoria,1.85,2,53.5228,259.5,-112,-130,1.2,1
trayectoria,1.85,3,757.792,296.5,119,-110,0.8,1
trayectoria,1.86,0,65.9,323.2,-105,120,1,1
trayectoria,1.86,1,774.704,360.4,126,140,1.5,1
trayectoria,1.86,2,52.4028,258.2,-112,-130,1.2,1
trayectoria,1.86,3,758.982,295.4,119,-110,0.8,1
trayectoria,1.87,0,64.85,324.4,-105,120,1,1
trayectoria,1.87,1,775.964,361.8,126,140,1.5,1
trayectoria,1.87,2,51.2828,256.9,-112,-130,1.2,1
trayectoria,1.87,3,760.172,294.3,119,-110,0.8,1
trayectoria,1.88,0,63.8,325.6,-105,120,1,1
trayectoria,1.88,1,777.224,363.2,126,140,1.5,1
trayectoria,1.88,2,50.1628,255.6,-112,-130,1.2,1
trayectoria,1.88,3,761.362,293.2,119,-110,0.8,1
trayectoria,1.89,0,62.75,326.8,-105,120,1,1
trayectoria,1.89,1,778.484,364.6,126,140,1.5,1
trayectoria,1.89,2,49.0428,254.3,-112,-130,1.2,1
trayectoria,1.89,3,762.552,292.1,119,-110,0.8,1
trayectoria,1.9,0,61.7,328,-105,120,1,1
trayectoria,1.9,1,779.744,366,126,140,1.5,1
trayectoria,1.9,2,47.9228,253,-112,-130,1.2,1
trayectoria,1.9,3,763.742,291,119,-110,0.8,1
trayectoria,1.91,0,60.65,329.2,-105,120,1,1
trayectoria,1.91,1,781.004,367.4,126,140,1.5,1
trayectoria,1.91,2,46.8028,251.7,-112,-130,1.2,1
trayectoria,1.91,3,764.932,289.9,119,-110,0.8,1
trayectoria,1.92,0,59.6,330.4,-105,120,1,1
trayectoria,1.92,1,782.264,368.8,126,140,1.5,1
trayectoria,1.92,2,45.6828,250.4,-112,-130,1.2,1
trayectoria,1.92,3,766.122,288.8,119,-110,0.8,1
trayectoria,1.93,0,58.55,331.6,-105,120,1,1
trayectoria,1.93,1,783.524,370.2,126,140,1.5,1
trayectoria,1.93,2,44.5628,249.1,-112,-130,1.2,1
trayectoria,1.93,3,767.312,287.7,119,-110,0.8,1
trayectoria,1.94,0,57.5,332.8,-105,120,1,1
trayectoria,1.94,1,784.784,371.6,126,140,1.5,1
trayectoria,1.94,2,43.4428,247.8,-112,-130,1.2,1
trayectoria,1.94,3,768.502,286.6,119,-110,0.8,1
trayectoria,1.95,0,56.45,334,-105,120,1,1
trayectoria,1.95,1,786.044,373,126,140,1.5,1
trayectoria,1.95,2,42.3228,246.5,-112,-130,1.2,1
trayectoria,1.95,3,769.692,285.5,119,-110,0.8,1
trayectoria,1.96,0,55.4,335.2,-105,120,1,1
trayectoria,1.96,1,787.304,374.4,126,140,1.5,1
trayectoria,1.96,2,41.2028,245.2,-112,-130,1.2,1
trayectoria,1.96,3,770.882,284.4,119,-110,0.8,1
trayectoria,1.97,0,54.35,336.4,-105,120,1,1
trayectoria,1.97,1,788.564,375.8,126,140,1.5,1
trayectoria,1.97,2,40.0828,243.9,-112,-130,1.2,1
trayectoria,1.97,3,772.072,283.3,119,-110,0.8,1
trayectoria,1.98,0,53.3,337.6,-105,120,1,1
trayectoria,1.98,1,789.824,377.2,126,140,1.5,1
trayectoria,1.98,2,38.9628,242.6,-112,-130,1.2,1
trayectoria,1.98,3,773.262,282.2,119,-110,0.8,1
trayectoria,1.99,0,52.25,338.8,-105,120,1,1
trayectoria,1.99,1,791.084,378.6,126,140,1.5,1
trayectoria,1.99,2,37.8428,241.3,-112,-130,1.2,1
trayectoria,1.99,3,774.452,281.1,119,-110,0.8,1
trayectoria,2,0,51.2,340,-105,120,1,1
trayectoria,2,1,792.344,380,126,140,1.5,1
trayectoria,2,2,36.7228,240,-112,-130,1.2,1
trayectoria,2,3,775.642,280,119,-110,0.8,1
trayectoria,2.01,0,50.15,341.2,-105,120,1,1
trayectoria,2.01,1,793.604,381.4,126,140,1.5,1
trayectoria,2.01,2,35.6028,238.7,-112,-130,1.2,1
trayectoria,2.01,3,776.832,278.9,119,-110,0.8,1
trayectoria,2.02,0,49.1,342.4,-105,120,1,1
trayectoria,2.02,1,793.376,382.8,-126,140,1.5,1
trayectoria,2.02,2,34.4828,237.4,-112,-130,1.2,1
trayectoria,2.02,3,778.022,277.8,119,-110,0.8,1
trayectoria,2.03,0,48.05,343.6,-105,120,1,1
trayectoria,2.03,1,792.116,384.2,-126,140,1.5,1
trayectoria,2.03,2,33.3628,236.1,-112,-130,1.2,1
trayectoria,2.03,3,779.212,276.7,119,-110,0.8,1
trayectoria,2.04,0,47,344.8,-105,120,1,1
trayectoria,2.04,1,790.856,385.6,-126,140,1.5,1
trayectoria,2.04,2,32.2428,234.8,-112,-130,1.2,1
trayectoria,2.04,3,780.402,275.6,119,-110,0.8,1
trayectoria,2.05,0,45.95,346,-105,120,1,1
trayectoria,2.05,1,789.596,387,-126,140,1.5,1
trayectoria,2.05,2,31.1228,233.5,-112,-130,1.2,1
trayectoria,2.05,3,781.592,274.5,119,-110,0.8,1
trayectoria,2.06,0,44.9,347.2,-105,120,1,1
trayectoria,2.06,1,788.336,388.4,-126,140,1.5,1
trayectoria,2.06,2,30.0028,232.2,-112,-130,1.2,1
trayectoria,2.06,3,782.782,273.4,119,-110,0.8,1
trayectoria,2.07,0,43.85,348.4,-105,120,1,1
trayectoria,2.07,1,787.076,389.8,-126,140,1.5,1
trayectoria,2.07,2,28.8828,230.9,-112,-130,1.2,1
trayectoria,2.07,3,783.972,272.3,119,-110,0.8,1
trayectoria,2.08,0,42.8,349.6,-105,120,1,1
trayectoria,2.08,1,785.816,391.2,-126,140,1.5,1
trayectoria,2.08,2,27.7628,229.6,-112,-130,1.2,1
trayectoria,2.08,3,785.162,271.2,119,-110,0.8,1
trayectoria,2.09,0,41.75,350.8,-105,120,1,1
trayectoria,2.09,1,784.556,392.6,-126,140,1.5,1
trayectoria,2.09,2,26.6428,228.3,-112,-130,1.2,1
trayectoria,2.09,3,786.352,270.1,119,-110,0.8,1
trayectoria,2.1,0,40.7,352,-105,120,1,1
trayectoria,2.1,1,783.296,394,-126,140,1.5,1
trayectoria,2.1,2,25.5228,227,-112,-130,1.2,1
trayectoria,2.1,3,787.542,269,119,-110,0.8,1
trayectoria,2.11,0,39.65,353.2,-105,120,1,1
trayectoria,2.11,1,782.036,395.4,-126,140,1.5,1
trayectoria,2.11,2,24.4028,225.7,-112,-130,1.2,1
trayectoria,2.11,3,788.732,267.9,119,-110,0.8,1
trayectoria,2.12,0,38.6,354.4,-105,120,1,1
trayectoria,2.12,1,780.776,396.8,-126,140,1.5,1
trayectoria,2.12,2,23.2828,224.4,-112,-130,1.2,1
trayectoria,2.12,3,789.922,266.8,119,-110,0.8,1
trayectoria,2.13,0,37.55,355.6,-105,120,1,1
trayectoria,2.13,1,779.516,398.2,-126,140,1.5,1
trayectoria,2.13,2,22.1628,223.1,-112,-130,1.2,1
trayectoria,2.13,3,791.112,265.7,119,-110,0.8,1
trayectoria,2.14,0,36.5,356.8,-105,120,1,1
trayectoria,2.14,1,778.256,399.6,-126,140,1.5,1
trayectoria,2.14,2,21.0428,221.8,-112,-130,1.2,1
trayectoria,2.14,3,792.302,264.6,119,-110,0.8,1
trayectoria,2.15,0,35.45,358,-105,120,1,1
trayectoria,2.15,1,776.996,401,-126,140,1.5,1
trayectoria,2.15,2,19.9228,220.5,-112,-130,1.2,1
trayectoria,2.15,3,793.492,263.5,119,-110,0.8,1
trayectoria,2.16,0,34.4,359.2,-105,120,1,1
trayectoria,2.16,1,775.736,402.4,-126,140,1.5,1
trayectoria,2.16,2,18.8028,219.2,-112,-130,1.2,1
trayectoria,2.16,3,794.682,262.4,119,-110,0.8,1
trayectoria,2.17,0,33.35,360.4,-105,120,1,1
trayectoria,2.17,1,774.476,403.8,-126,140,1.5,1
trayectoria,2.17,2,17.6828,217.9,-112,-130,1.2,1
trayectoria,2.17,3,795.028,261.3,-119,-110,0.8,1
trayectoria,2.18,0,32.3,361.6,-105,120,1,1
trayectoria,2.18,1,773.216,405.2,-126,140,1.5,1
trayectoria,2.18,2,16.5628,216.6,-112,-130,1.2,1
trayectoria,2.18,3,793.838,260.2,-119,-110,0.8,1
trayectoria,2.19,0,31.25,362.8,-105,120,1,1
trayectoria,2.19,1,771.956,406.6,-126,140,1.5,1
trayectoria,2.19,2,15.4428,215.3,-112,-130,1.2,1
trayectoria,2.19,3,792.648,259.1,-119,-110,0.8,1
trayectoria,2.2,0,30.2,364,-105,120,1,1
trayectoria,2.2,1,770.696,408,-126,140,1.5,1
trayectoria,2.2,2,14.3228,214,-112,-130,1.2,1
trayectoria,2.2,3,791.458,258,-119,-110,0.8,1
trayectoria,2.21,0,29.15,365.2,-105,120,1,1
trayectoria,2.21,1,769.436,409.4,-126,140,1.5,1
trayectoria,2.21,2,13.2028,212.7,-112,-130,1.2,1
trayectoria,2.21,3,790.268,256.9,-119,-110,0.8,1
trayectoria,2.22,0,28.1,366.4,-105,120,1,1
trayectoria,2.22,1,768.176,410.8,-126,140,1.5,1
trayectoria,2.22,2,12.0828,211.4,-112,-130,1.2,1
trayectoria,2.22,3,789.078,255.8,-119,-110,0.8,1
trayectoria,2.23,0,27.05,367.6,-105,120,1,1
trayectoria,2.23,1,766.916,412.2,-126,140,1.5,1
trayectoria,2.23,2,10.9628,210.1,-112,-130,1.2,1
trayectoria,2.23,3,787.888,254.7,-119,-110,0.8,1
trayectoria,2.24,0,26,368.8,-105,120,1,1
trayectoria,2.24,1,765.656,413.6,-126,140,1.5,1
trayectoria,2.24,2,9.84277,208.8,-112,-130,1.2,1
trayectoria,2.24,3,786.698,253.6,-119,-110,0.8,1
trayectoria,2.25,0,24.95,370,-105,120,1,1
trayectoria,2.25,1,764.396,415,-126,140,1.5,1
trayectoria,2.25,2,8.72277,207.5,-112,-130,1.2,1
trayectoria,2.25,3,785.508,252.5,-119,-110,0.8,1
trayectoria,2.26,0,23.9,371.2,-105,120,1,1
trayectoria,2.26,1,763.136,416.4,-126,140,1.5,1
trayectoria,2.26,2,7.60277,206.2,-112,-130,1.2,1
trayectoria,2.26,3,784.318,251.4,-119,-110,0.8,1
trayectoria,2.27,0,22.85,372.4,-105,120,1,1
trayectoria,2.27,1,761.876,417.8,-126,140,1.5,1
trayectoria,2.27,2,6.48277,204.9,-112,-130,1.2,1
trayectoria,2.27,3,783.128,250.3,-119,-110,0.8,1
trayectoria,2.28,0,21.8,373.6,-105,120,1,1
trayectoria,2.28,1,760.616,419.2,-126,140,1.5,1
trayectoria,2.28,2,5.97723,203.6,112,-130,1.2,1
trayectoria,2.28,3,781.938,249.2,-119,-110,0.8,1
trayectoria,2.29,0,20.75,374.8,-105,120,1,1
trayectoria,2.29,1,759.356,420.6,-126,140,1.5,1
trayectoria,2.29,2,7.09723,202.3,112,-130,1.2,1
trayectoria,2.29,3,780.748,248.1,-119,-110,0.8,1
trayectoria,2.3,0,19.7,376,-105,120,1,1
trayectoria,2.3,1,758.096,422,-126,140,1.5,1
trayectoria,2.3,2,8.21723,201,112,-130,1.2,1
trayectoria,2.3,3,779.558,247,-119,-110,0.8,1
trayectoria,2.31,0,18.65,377.2,-105,120,1,1
trayectoria,2.31,1,756.836,423.4,-126,140,1.5,1
trayectoria,2.31,2,9.33723,199.7,112,-130,1.2,1
trayectoria,2.31,3,778.368,245.9,-119,-110,0.8,1
trayectoria,2.32,0,17.6,378.4,-105,120,1,1
trayectoria,2.32,1,755.576,424.8,-126,140,1.5,1
trayectoria,2.32,2,10.4572,198.4,112,-130,1.2,1
trayectoria,2.32,3,777.178,244.8,-119,-110,0.8,1
trayectoria,2.33,0,16.55,379.6,-105,120,1,1
trayectoria,2.33,1,754.316,426.2,-126,140,1.5,1
trayectoria,2.33,2,11.5772,197.1,112,-130,1.2,1
trayectoria,2.33,3,775.988,243.7,-119,-110,0.8,1
trayectoria,2.34,0,15.5,380.8,-105,120,1,1
trayectoria,2.34,1,753.056,427.6,-126,140,1.5,1
trayectoria,2.34,2,12.6972,195.8,112,-130,1.2,1
trayectoria,2.34,3,774.798,242.6,-119,-110,0.8,1
trayectoria,2.35,0,14.45,382,-105,120,1,1
trayectoria,2.35,1,751.796,429,-126,140,1.5,1
trayectoria,2.35,2,13.8172,194.5,112,-130,1.2,1
trayectoria,2.35,3,773.608,241.5,-119,-110,0.8,1
trayectoria,2.36,0,13.4,383.2,-105,120,1,1
trayectoria,2.36,1,750.536,430.4,-126,140,1.5,1
trayectoria,2.36,2,14.9372,193.2,112,-130,1.2,1
trayectoria,2.36,3,772.418,240.4,-119,-110,0.8,1
trayectoria,2.37,0,12.35,384.4,-105,120,1,1
trayectoria,2.37,1,749.276,431.8,-126,140,1.5,1
trayectoria,2.37,2,16.0572,191.9,112,-130,1.2,1
trayectoria,2.37,3,771.228,239.3,-119,-110,0.8,1
trayectoria,2.38,0,11.3,385.6,-105,120,1,1
trayectoria,2.38,1,748.016,433.2,-126,140,1.5,1
trayectoria,2.38,2,17.1772,190.6,112,-130,1.2,1
trayectoria,2.38,3,770.038,238.2,-119,-110,0.8,1
trayectoria,2.39,0,10.25,386.8,-105,120,1,1
trayectoria,2.39,1,746.756,434.6,-126,140,1.5,1
trayectoria,2.39,2,18.2972,189.3,112,-130,1.2,1
trayectoria,2.39,3,768.848,237.1,-119,-110,0.8,1
trayectoria,2.4,0,9.2,388,-105,120,1,1
trayectoria,2.4,1,745.496,436,-126,140,1.5,1
trayectoria,2.4,2,19.4172,188,112,-130,1.2,1
trayectoria,2.4,3,767.658,236,-119,-110,0.8,1
trayectoria,2.41,0,8.15,389.2,-105,120,1,1
trayectoria,2.41,1,744.236,437.4,-126,140,1.5,1
trayectoria,2.41,2,20.5372,186.7,112,-130,1.2,1
trayectoria,2.41,3,766.468,234.9,-119,-110,0.8,1
trayectoria,2.42,0,7.1,390.4,-105,120,1,1
trayectoria,2.42,1,742.976,438.8,-126,140,1.5,1
trayectoria,2.42,2,21.6572,185.4,112,-130,1.2,1
trayectoria,2.42,3,765.278,233.8,-119,-110,0.8,1
trayectoria,2.43,0,6.05,391.6,-105,120,1,1
trayectoria,2.43,1,741.716,440.2,-126,140,1.5,1
trayectoria,2.43,2,22.7772,184.1,112,-130,1.2,1
trayectoria,2.43,3,764.088,232.7,-119,-110,0.8,1
trayectoria,2.44,0,5.5,392.8,105,120,1,1
trayectoria,2.44,1,740.456,441.6,-126,140,1.5,1
trayectoria,2.44,2,23.8972,182.8,112,-130,1.2,1
trayectoria,2.44,3,762.898,231.6,-119,-110,0.8,1
trayectoria,2.45,0,6.55,394,105,120,1,1
trayectoria,2.45,1,739.196,443,-126,140,1.5,1
trayectoria,2.45,2,25.0172,181.5,112,-130,1.2,1
trayectoria,2.45,3,761.708,230.5,-119,-110,0.8,1
trayectoria,2.46,0,7.6,395.2,105,120,1,1
trayectoria,2.46,1,737.936,444.4,-126,140,1.5,1
trayectoria,2.46,2,26.1372,180.2,112,-130,1.2,1
trayectoria,2.46,3,760.518,229.4,-119,-110,0.8,1
trayectoria,2.47,0,8.65,396.4,105,120,1,1
trayectoria,2.47,1,736.676,445.8,-126,140,1.5,1
trayectoria,2.47,2,27.2572,178.9,112,-130,1.2,1
trayectoria,2.47,3,759.328,228.3,-119,-110,0.8,1
trayectoria,2.48,0,9.7,397.6,105,120,1,1
trayectoria,2.48,1,735.416,447.2,-126,140,1.5,1
trayectoria,2.48,2,28.3772,177.6,112,-130,1.2,1
trayectoria,2.48,3,758.138,227.2,-119,-110,0.8,1
trayectoria,2.49,0,10.75,398.8,105,120,1,1
trayectoria,2.49,1,734.156,448.6,-126,140,1.5,1
trayectoria,2.49,2,29.4972,176.3,112,-130,1.2,1
trayectoria,2.49,3,756.948,226.1,-119,-110,0.8,1
trayectoria,2.5,0,11.8,400,105,120,1,1
trayectoria,2.5,1,732.896,450,-126,140,1.5,1
trayectoria,2.5,2,30.6172,175,112,-130,1.2,1
trayectoria,2.5,3,755.758,225,-119,-110,0.8,1
trayectoria,2.51,0,12.85,401.2,105,120,1,1
trayectoria,2.51,1,731.636,451.4,-126,140,1.5,1
trayectoria,2.51,2,31.7372,173.7,112,-130,1.2,1
trayectoria,2.51,3,754.568,223.9,-119,-110,0.8,1
trayectoria,2.52,0,13.9,402.4,105,120,1,1
trayectoria,2.52,1,730.376,452.8,-126,140,1.5,1
trayectoria,2.52,2,32.8572,172.4,112,-130,1.2,1
trayectoria,2.52,3,753.378,222.8,-119,-110,0.8,1
trayectoria,2.53,0,14.95,403.6,105,120,1,1
trayectoria,2.53,1,729.116,454.2,-126,140,1.5,1
trayectoria,2.53,2,33.9772,171.1,112,-130,1.2,1
trayectoria,2.53,3,752.188,221.7,-119,-110,0.8,1
trayectoria,2.54,0,16,404.8,105,120,1,1
trayectoria,2.54,1,727.856,455.6,-126,140,1.5,1
trayectoria,2.54,2,35.0972,169.8,112,-130,1.2,1
trayectoria,2.54,3,750.998,220.6,-119,-110,0.8,1
trayectoria,2.55,0,17.05,406,105,120,1,1
trayectoria,2.55,1,726.596,457,-126,140,1.5,1
trayectoria,2.55,2,36.2172,168.5,112,-130,1.2,1
trayectoria,2.55,3,749.808,219.5,-119,-110,0.8,1
trayectoria,2.56,0,18.1,407.2,105,120,1,1
trayectoria,2.56,1,725.336,458.4,-126,140,1.5,1
trayectoria,2.56,2,37.3372,167.2,112,-130,1.2,1
trayectoria,2.56,3,748.618,218.4,-119,-110,0.8,1
trayectoria,2.57,0,19.15,408.4,105,120,1,1
trayectoria,2.57,1,724.076,459.8,-126,140,1.5,1
trayectoria,2.57,2,38.4572,165.9,112,-130,1.2,1
trayectoria,2.57,3,747.428,217.3,-119,-110,0.8,1
trayectoria,2.58,0,20.2,409.6,105,120,1,1
trayectoria,2.58,1,722.816,461.2,-126,140,1.5,1
trayectoria,2.58,2,39.5772,164.6,112,-130,1.2,1
trayectoria,2.58,3,746.238,216.2,-119,-110,0.8,1
trayectoria,2.59,0,21.25,410.8,105,120,1,1
trayectoria,2.59,1,721.556,462.6,-126,140,1.5,1
trayectoria,2.59,2,40.6972,163.3,112,-130,1.2,1
trayectoria,2.59,3,745.048,215.1,-119,-110,0.8,1
trayectoria,2.6,0,22.3,412,105,120,1,1
trayectoria,2.6,1,720.296,464,-126,140,1.5,1
trayectoria,2.6,2,41.8172,162,112,-130,1.2,1
trayectoria,2.6,3,743.858,214,-119,-110,0.8,1
trayectoria,2.61,0,23.35,413.2,105,120,1,1
trayectoria,2.61,1,719.036,465.4,-126,140,1.5,1
trayectoria,2.61,2,42.9372,160.7,112,-130,1.2,1
trayectoria,2.61,3,742.668,212.9,-119,-110,0.8,1
trayectoria,2.62,0,24.4,414.4,105,120,1,1
trayectoria,2.62,1,717.776,466.8,-126,140,1.5,1
trayectoria,2.62,2,44.0572,159.4,112,-130,1.2,1
trayectoria,2.62,3,741.478,211.8,-119,-110,0.8,1
trayectoria,2.63,0,25.45,415.6,105,120,1,1
trayectoria,2.63,1,716.516,468.2,-126,140,1.5,1
trayectoria,2.63,2,45.1772,158.1,112,-130,1.2,1
trayectoria,2.63,3,740.288,210.7,-119,-110,0.8,1
trayectoria,2.64,0,26.5,416.8,105,120,1,1
trayectoria,2.64,1,715.256,469.6,-126,140,1.5,1
trayectoria,2.64,2,46.2972,156.8,112,-130,1.2,1
trayectoria,2.64,3,739.098,209.6,-119,-110,0.8,1
trayectoria,2.65,0,27.55,418,105,120,1,1
trayectoria,2.65,1,713.996,471,-126,140,1.5,1
trayectoria,2.65,2,47.4172,155.5,112,-130,1.2,1
trayectoria,2.65,3,737.908,208.5,-119,-110,0.8,1
trayectoria,2.66,0,28.6,419.2,105,120,1,1
trayectoria,2.66,1,712.736,472.4,-126,140,1.5,1
trayectoria,2.66,2,48.5372,154.2,112,-130,1.2,1
trayectoria,2.66,3,736.718,207.4,-119,-110,0.8,1
trayectoria,2.67,0,29.65,420.4,105,120,1,1
trayectoria,2.67,1,711.476,473.8,-126,140,1.5,1
trayectoria,2.67,2,49.6572,152.9,112,-130,1.2,1
trayectoria,2.67,3,735.528,206.3,-119,-110,0.8,1
trayectoria,2.68,0,30.7,421.6,105,120,1,1
trayectoria,2.68,1,710.216,475.2,-126,140,1.5,1
trayectoria,2.68,2,50.7772,151.6,112,-130,1.2,1
trayectoria,2.68,3,734.338,205.2,-119,-110,0.8,1
trayectoria,2.69,0,31.75,422.8,105,120,1,1
trayectoria,2.69,1,708.956,476.6,-126,140,1.5,1
trayectoria,2.69,2,51.8972,150.3,112,-130,1.2,1
trayectoria,2.69,3,733.148,204.1,-119,-110,0.8,1
trayectoria,2.7,0,32.8,424,105,120,1,1
trayectoria,2.7,1,707.696,478,-126,140,1.5,1
trayectoria,2.7,2,53.0172,149,112,-130,1.2,1
trayectoria,2.7,3,731.958,203,-119,-110,0.8,1
trayectoria,2.71,0,33.85,425.2,105,120,1,1
trayectoria,2.71,1,706.436,479.4,-126,140,1.5,1
trayectoria,2.71,2,54.1372,147.7,112,-130,1.2,1
trayectoria,2.71,3,730.768,201.9,-119,-110,0.8,1
trayectoria,2.72,0,34.9,426.4,105,120,1,1
trayectoria,2.72,1,705.176,480.8,-126,140,1.5,1
trayectoria,2.72,2,55.2572,146.4,112,-130,1.2,1
trayectoria,2.72,3,729.578,200.8,-119,-110,0.8,1
trayectoria,2.73,0,35.95,427.6,105,120,1,1
trayectoria,2.73,1,703.916,482.2,-126,140,1.5,1
trayectoria,2.73,2,56.3772,145.1,112,-130,1.2,1
trayectoria,2.73,3,728.388,199.7,-119,-110,0.8,1
trayectoria,2.74,0,37,428.8,105,120,1,1
trayectoria,2.74,1,702.656,483.6,-126,140,1.5,1
trayectoria,2.74,2,57.4972,143.8,112,-130,1.2,1
trayectoria,2.74,3,727.198,198.6,-119,-110,0.8,1
trayectoria,2.75,0,38.05,430,105,120,1,1
trayectoria,2.75,1,701.396,485,-126,140,1.5,1
trayectoria,2.75,2,58.6172,142.5,112,-130,1.2,1
trayectoria,2.75,3,726.008,197.5,-119,-110,0.8,1
trayectoria,2.76,0,39.1,431.2,105,120,1,1
trayectoria,2.76,1,700.136,486.4,-126,140,1.5,1
trayectoria,2.76,2,59.7372,141.2,112,-130,1.2,1
trayectoria,2.76,3,724.818,196.4,-119,-110,0.8,1
trayectoria,2.77,0,40.15,432.4,105,120,1,1
trayectoria,2.77,1,698.876,487.8,-126,140,1.5,1
trayectoria,2.77,2,60.8572,139.9,112,-130,1.2,1
trayectoria,2.77,3,723.628,195.3,-119,-110,0.8,1
trayectoria,2.78,0,41.2,433.6,105,120,1,1
trayectoria,2.78,1,697.616,489.2,-126,140,1.5,1
trayectoria,2.78,2,61.9772,138.6,112,-130,1.2,1
trayectoria,2.78,3,722.438,194.2,-119,-110,0.8,1
trayectoria,2.79,0,42.25,434.8,105,120,1,1
trayectoria,2.79,1,696.356,490.6,-126,140,1.5,1
trayectoria,2.79,2,63.0972,137.3,112,-130,1.2,1
trayectoria,2.79,3,721.248,193.1,-119,-110,0.8,1
trayectoria,2.8,0,43.3,436,105,120,1,1
trayectoria,2.8,1,695.096,492,-126,140,1.5,1
trayectoria,2.8,2,64.2172,136,112,-130,1.2,1
trayectoria,2.8,3,720.058,192,-119,-110,0.8,1
trayectoria,2.81,0,44.35,437.2,105,120,1,1
trayectoria,2.81,1,693.836,493.4,-126,140,1.5,1
trayectoria,2.81,2,65.3372,134.7,112,-130,1.2,1
trayectoria,2.81,3,718.868,190.9,-119,-110,0.8,1
trayectoria,2.82,0,45.4,438.4,105,120,1,1
trayectoria,2.82,1,692.576,494.8,-126,140,1.5,1
trayectoria,2.82,2,66.4572,133.4,112,-130,1.2,1
trayectoria,2.82,3,717.678,189.8,-119,-110,0.8,1
trayectoria,2.83,0,46.45,439.6,105,120,1,1
trayectoria,2.83,1,691.316,496.2,-126,140,1.5,1
trayectoria,2.83,2,67.5772,132.1,112,-130,1.2,1
trayectoria,2.83,3,716.488,188.7,-119,-110,0.8,1
trayectoria,2.84,0,47.5,440.8,105,120,1,1
trayectoria,2.84,1,690.056,497.6,-126,140,1.5,1
trayectoria,2.84,2,68.6972,130.8,112,-130,1.2,1
trayectoria,2.84,3,715.298,187.6,-119,-110,0.8,1
trayectoria,2.85,0,48.55,442,105,120,1,1
trayectoria,2.85,1,688.796,499,-126,140,1.5,1
trayectoria,2.85,2,69.8172,129.5,112,-130,1.2,1
trayectoria,2.85,3,714.108,186.5,-119,-110,0.8,1
trayectoria,2.86,0,49.6,443.2,105,120,1,1
trayectoria,2.86,1,687.536,500.4,-126,140,1.5,1
trayectoria,2.86,2,70.9372,128.2,112,-130,1.2,1
trayectoria,2.86,3,712.918,185.4,-119,-110,0.8,1
trayectoria,2.87,0,50.65,444.4,105,120,1,1
trayectoria,2.87,1,686.276,501.8,-126,140,1.5,1
trayectoria,2.87,2,72.0572,126.9,112,-130,1.2,1
trayectoria,2.87,3,711.728,184.3,-119,-110,0.8,1
trayectoria,2.88,0,51.7,445.6,105,120,1,1
trayectoria,2.88,1,685.016,503.2,-126,140,1.5,1
trayectoria,2.88,2,73.1772,125.6,112,-130,1.2,1
trayectoria,2.88,3,710.538,183.2,-119,-110,0.8,1
trayectoria,2.89,0,52.75,446.8,105,120,1,1
trayectoria,2.89,1,683.756,504.6,-126,140,1.5,1
trayectoria,2.89,2,74.2972,124.3,112,-130,1.2,1
trayectoria,2.89,3,709.348,182.1,-119,-110,0.8,1
trayectoria,2.9,0,53.8,448,105,120,1,1
trayectoria,2.9,1,682.496,506,-126,140,1.5,1
trayectoria,2.9,2,75.4172,123,112,-130,1.2,1
trayectoria,2.9,3,708.158,181,-119,-110,0.8,1
trayectoria,2.91,0,54.85,449.2,105,120,1,1
trayectoria,2.91,1,681.236,507.4,-126,140,1.5,1
trayectoria,2.91,2,76.5372,121.7,112,-130,1.2,1
trayectoria,2.91,3,706.968,179.9,-119,-110,0.8,1
trayectoria,2.92,0,55.9,450.4,105,120,1,1
trayectoria,2.92,1,679.976,508.8,-126,140,1.5,1
trayectoria,2.92,2,77.6572,120.4,112,-130,1.2,1
trayectoria,2.92,3,705.778,178.8,-119,-110,0.8,1
trayectoria,2.93,0,56.95,451.6,105,120,1,1
trayectoria,2.93,1,678.716,510.2,-126,140,1.5,1
trayectoria,2.93,2,78.7772,119.1,112,-130,1.2,1
trayectoria,2.93,3,704.588,177.7,-119,-110,0.8,1
trayectoria,2.94,0,58,452.8,105,120,1,1
trayectoria,2.94,1,677.456,511.6,-126,140,1.5,1
trayectoria,2.94,2,79.8972,117.8,112,-130,1.2,1
trayectoria,2.94,3,703.398,176.6,-119,-110,0.8,1
trayectoria,2.95,0,59.05,454,105,120,1,1
trayectoria,2.95,1,676.196,513,-126,140,1.5,1
trayectoria,2.95,2,81.0172,116.5,112,-130,1.2,1
trayectoria,2.95,3,702.208,175.5,-119,-110,0.8,1
trayectoria,2.96,0,60.1,455.2,105,120,1,1
trayectoria,2.96,1,674.936,514.4,-126,140,1.5,1
trayectoria,2.96,2,82.1372,115.2,112,-130,1.2,1
trayectoria,2.96,3,701.018,174.4,-119,-110,0.8,1
trayectoria,2.97,0,61.15,456.4,105,120,1,1
trayectoria,2.97,1,673.676,515.8,-126,140,1.5,1
trayectoria,2.97,2,83.2572,113.9,112,-130,1.2,1
trayectoria,2.97,3,699.828,173.3,-119,-110,0.8,1
trayectoria,2.98,0,62.2,457.6,105,120,1,1
trayectoria,2.98,1,672.416,517.2,-126,140,1.5,1
trayectoria,2.98,2,84.3772,112.6,112,-130,1.2,1
trayectoria,2.98,3,698.638,172.2,-119,-110,0.8,1
trayectoria,2.99,0,63.25,458.8,105,120,1,1
trayectoria,2.99,1,671.156,518.6,-126,140,1.5,1
trayectoria,2.99,2,85.4972,111.3,112,-130,1.2,1
trayectoria,2.99,3,697.448,171.1,-119,-110,0.8,1
trayectoria,3,0,64.3,460,105,120,1,1
trayectoria,3,1,669.896,520,-126,140,1.5,1
trayectoria,3,2,86.6172,110,112,-130,1.2,1
trayectoria,3,3,696.258,170,-119,-110,0.8,1
trayectoria,3.01,0,65.35,461.2,105,120,1,1
trayectoria,3.01,1,668.636,521.4,-126,140,1.5,1
trayectoria,3.01,2,87.7372,108.7,112,-130,1.2,1
trayectoria,3.01,3,695.068,168.9,-119,-110,0.8,1
trayectoria,3.02,0,66.4,462.4,105,120,1,1
trayectoria,3.02,1,667.376,522.8,-126,140,1.5,1
trayectoria,3.02,2,88.8572,107.4,112,-130,1.2,1
trayectoria,3.02,3,693.878,167.8,-119,-110,0.8,1
trayectoria,3.03,0,67.45,463.6,105,120,1,1
trayectoria,3.03,1,666.116,524.2,-126,140,1.5,1
trayectoria,3.03,2,89.9772,106.1,112,-130,1.2,1
trayectoria,3.03,3,692.688,166.7,-119,-110,0.8,1
trayectoria,3.04,0,68.5,464.8,105,120,1,1
trayectoria,3.04,1,664.856,525.6,-126,140,1.5,1
trayectoria,3.04,2,91.0972,104.8,112,-130,1.2,1
trayectoria,3.04,3,691.498,165.6,-119,-110,0.8,1
trayectoria,3.05,0,69.55,466,105,120,1,1
trayectoria,3.05,1,663.596,527,-126,140,1.5,1
trayectoria,3.05,2,92.2172,103.5,112,-130,1.2,1
trayectoria,3.05,3,690.308,164.5,-119,-110,0.8,1
trayectoria,3.06,0,70.6,467.2,105,120,1,1
trayectoria,3.06,1,662.336,528.4,-126,140,1.5,1
trayectoria,3.06,2,93.3372,102.2,112,-130,1.2,1
trayectoria,3.06,3,689.118,163.4,-119,-110,0.8,1
trayectoria,3.07,0,71.65,468.4,105,120,1,1
trayectoria,3.07,1,661.076,529.8,-126,140,1.5,1
trayectoria,3.07,2,94.4572,100.9,112,-130,1.2,1
trayectoria,3.07,3,687.928,162.3,-119,-110,0.8,1
trayectoria,3.08,0,72.7,469.6,105,120,1,1
trayectoria,3.08,1,659.816,531.2,-126,140,1.5,1
trayectoria,3.08,2,95.5772,99.6,112,-130,1.2,1
trayectoria,3.08,3,686.738,161.2,-119,-110,0.8,1
trayectoria,3.09,0,73.75,470.8,105,120,1,1
trayectoria,3.09,1,658.556,532.6,-126,140,1.5,1
trayectoria,3.09,2,96.6972,98.3,112,-130,1.2,1
trayectoria,3.09,3,685.548,160.1,-119,-110,0.8,1
trayectoria,3.1,0,74.8,472,105,120,1,1
trayectoria,3.1,1,657.296,534,-126,140,1.5,1
trayectoria,3.1,2,97.8172,97,112,-130,1.2,1
trayectoria,3.1,3,684.358,159,-119,-110,0.8,1
trayectoria,3.11,0,75.85,473.2,105,120,1,1
trayectoria,3.11,1,656.036,535.4,-126,140,1.5,1
trayectoria,3.11,2,98.9372,95.7,112,-130,1.2,1
trayectoria,3.11,3,683.168,157.9,-119,-110,0.8,1
trayectoria,3.12,0,76.9,474.4,105,120,1,1
trayectoria,3.12,1,654.776,536.8,-126,140,1.5,1
trayectoria,3.12,2,100.057,94.4,112,-130,1.2,1
trayectoria,3.12,3,681.978,156.8,-119,-110,0.8,1
trayectoria,3.13,0,77.95,475.6,105,120,1,1
trayectoria,3.13,1,653.516,538.2,-126,140,1.5,1
trayectoria,3.13,2,101.177,93.1,112,-130,1.2,1
trayectoria,3.13,3,680.788,155.7,-119,-110,0.8,1
trayectoria,3.14,0,79,476.8,105,120,1,1
trayectoria,3.14,1,652.256,539.6,-126,140,1.5,1
trayectoria,3.14,2,102.297,91.8,112,-130,1.2,1
trayectoria,3.14,3,679.598,154.6,-119,-110,0.8,1
trayectoria,3.15,0,80.05,478,105,120,1,1
trayectoria,3.15,1,650.996,541,-126,140,1.5,1
trayectoria,3.15,2,103.417,90.5,112,-130,1.2,1
trayectoria,3.15,3,678.408,153.5,-119,-110,0.8,1
trayectoria,3.16,0,81.1,479.2,105,120,1,1
trayectoria,3.16,1,649.736,542.4,-126,140,1.5,1
trayectoria,3.16,2,104.537,89.2,112,-130,1.2,1
trayectoria,3.16,3,677.218,152.4,-119,-110,0.8,1
trayectoria,3.17,0,82.15,480.4,105,120,1,1
trayectoria,3.17,1,648.476,543.8,-126,140,1.5,1
trayectoria,3.17,2,105.657,87.9,112,-130,1.2,1
trayectoria,3.17,3,676.028,151.3,-119,-110,0.8,1
trayectoria,3.18,0,83.2,481.6,105,120,1,1
trayectoria,3.18,1,647.216,545.2,-126,140,1.5,1
trayectoria,3.18,2,106.777,86.6,112,-130,1.2,1
trayectoria,3.18,3,674.838,150.2,-119,-110,0.8,1
trayectoria,3.19,0,84.25,482.8,105,120,1,1
trayectoria,3.19,1,645.956,546.6,-126,140,1.5,1
trayectoria,3.19,2,107.897,85.3,112,-130,1.2,1
trayectoria,3.19,3,673.648,149.1,-119,-110,0.8,1
trayectoria,3.2,0,85.3,484,105,120,1,1
trayectoria,3.2,1,644.696,548,-126,140,1.5,1
trayectoria,3.2,2,109.017,84,112,-130,1.2,1
trayectoria,3.2,3,672.458,148,-119,-110,0.8,1
trayectoria,3.21,0,86.35,485.2,105,120,1,1
trayectoria,3.21,1,643.436,549.4,-126,140,1.5,1
trayectoria,3.21,2,110.137,82.7,112,-130,1.2,1
trayectoria,3.21,3,671.268,146.9,-119,-110,0.8,1
trayectoria,3.22,0,87.4,486.4,105,120,1,1
trayectoria,3.22,1,642.176,550.8,-126,140,1.5,1
trayectoria,3.22,2,111.257,81.4,112,-130,1.2,1
trayectoria,3.22,3,670.078,145.8,-119,-110,0.8,1
trayectoria,3.23,0,88.45,487.6,105,120,1,1
trayectoria,3.23,1,640.916,552.2,-126,140,1.5,1
trayectoria,3.23,2,112.377,80.1,112,-130,1.2,1
trayectoria,3.23,3,668.888,144.7,-119,-110,0.8,1
trayectoria,3.24,0,89.5,488.8,105,120,1,1
trayectoria,3.24,1,639.656,553.6,-126,140,1.5,1
trayectoria,3.24,2,113.497,78.8,112,-130,1.2,1
trayectoria,3.24,3,667.698,143.6,-119,-110,0.8,1
trayectoria,3.25,0,90.55,490,105,120,1,1
trayectoria,3.25,1,638.396,555,-126,140,1.5,1
trayectoria,3.25,2,114.617,77.5,112,-130,1.2,1
trayectoria,3.25,3,666.508,142.5,-119,-110,0.8,1
trayectoria,3.26,0,91.6,491.2,105,120,1,1
trayectoria,3.26,1,637.136,556.4,-126,140,1.5,1
trayectoria,3.26,2,115.737,76.2,112,-130,1.2,1
trayectoria,3.26,3,665.318,141.4,-119,-110,0.8,1
trayectoria,3.27,0,92.65,492.4,105,120,1,1
trayectoria,3.27,1,635.876,557.8,-126,140,1.5,1
trayectoria,3.27,2,116.857,74.9,112,-130,1.2,1
trayectoria,3.27,3,664.128,140.3,-119,-110,0.8,1
trayectoria,3.28,0,93.7,493.6,105,120,1,1
trayectoria,3.28,1,634.616,559.2,-126,140,1.5,1
trayectoria,3.28,2,117.977,73.6,112,-130,1.2,1
trayectoria,3.28,3,662.938,139.2,-119,-110,0.8,1
trayectoria,3.29,0,94.75,494.8,105,120,1,1
trayectoria,3.29,1,633.356,560.6,-126,140,1.5,1
trayectoria,3.29,2,119.097,72.3,112,-130,1.2,1
trayectoria,3.29,3,661.748,138.1,-119,-110,0.8,1
trayectoria,3.3,0,95.8,496,105,120,1,1
trayectoria,3.3,1,632.096,562,-126,140,1.5,1
trayectoria,3.3,2,120.217,71,112,-130,1.2,1
trayectoria,3.3,3,660.558,137,-119,-110,0.8,1
trayectoria,3.31,0,96.85,497.2,105,120,1,1
trayectoria,3.31,1,630.836,563.4,-126,140,1.5,1
trayectoria,3.31,2,121.337,69.7,112,-130,1.2,1
trayectoria,3.31,3,659.368,135.9,-119,-110,0.8,1
trayectoria,3.32,0,97.9,498.4,105,120,1,1
trayectoria,3.32,1,629.576,564.8,-126,140,1.5,1
trayectoria,3.32,2,122.457,68.4,112,-130,1.2,1
trayectoria,3.32,3,658.178,134.8,-119,-110,0.8,1
trayectoria,3.33,0,98.95,499.6,105,120,1,1
trayectoria,3.33,1,628.316,566.2,-126,140,1.5,1
trayectoria,3.33,2,123.577,67.1,112,-130,1.2,1
trayectoria,3.33,3,656.988,133.7,-119,-110,0.8,1
trayectoria,3.34,0,100,500.8,105,120,1,1
trayectoria,3.34,1,627.056,567.6,-126,140,1.5,1
trayectoria,3.34,2,124.697,65.8,112,-130,1.2,1
trayectoria,3.34,3,655.798,132.6,-119,-110,0.8,1
trayectoria,3.35,0,101.05,502,105,120,1,1
trayectoria,3.35,1,625.796,569,-126,140,1.5,1
trayectoria,3.35,2,125.817,64.5,112,-130,1.2,1
trayectoria,3.35,3,654.608,131.5,-119,-110,0.8,1
trayectoria,3.36,0,102.1,503.2,105,120,1,1
trayectoria,3.36,1,624.536,570.4,-126,140,1.5,1
trayectoria,3.36,2,126.937,63.2,112,-130,1.2,1
trayectoria,3.36,3,653.418,130.4,-119,-110,0.8,1
trayectoria,3.37,0,103.15,504.4,105,120,1,1
trayectoria,3.37,1,623.276,571.8,-126,140,1.5,1
trayectoria,3.37,2,128.057,61.9,112,-130,1.2,1
trayectoria,3.37,3,652.228,129.3,-119,-110,0.8,1
trayectoria,3.38,0,104.2,505.6,105,120,1,1
trayectoria,3.38,1,622.016,573.2,-126,140,1.5,1
trayectoria,3.38,2,129.177,60.6,112,-130,1.2,1
trayectoria,3.38,3,651.038,128.2,-119,-110,0.8,1
trayectoria,3.39,0,105.25,506.8,105,120,1,1
trayectoria,3.39,1,620.756,574.6,-126,140,1.5,1
trayectoria,3.39,2,130.297,59.3,112,-130,1.2,1
trayectoria,3.39,3,649.848,127.1,-119,-110,0.8,1
trayectoria,3.4,0,106.3,508,105,120,1,1
trayectoria,3.4,1,619.496,576,-126,140,1.5,1
trayectoria,3.4,2,131.417,58,112,-130,1.2,1
trayectoria,3.4,3,648.658,126,-119,-110,0.8,1
trayectoria,3.41,0,107.35,509.2,105,120,1,1
trayectoria,3.41,1,618.236,577.4,-126,140,1.5,1
trayectoria,3.41,2,132.537,56.7,112,-130,1.2,1
trayectoria,3.41,3,647.468,124.9,-119,-110,0.8,1
trayectoria,3.42,0,108.4,510.4,105,120,1,1
trayectoria,3.42,1,616.976,578.8,-126,140,1.5,1
trayectoria,3.42,2,133.657,55.4,112,-130,1.2,1
trayectoria,3.42,3,646.278,123.8,-119,-110,0.8,1
trayectoria,3.43,0,109.45,511.6,105,120,1,1
trayectoria,3.43,1,615.716,580.2,-126,140,1.5,1
trayectoria,3.43,2,134.777,54.1,112,-130,1.2,1
trayectoria,3.43,3,645.088,122.7,-119,-110,0.8,1
trayectoria,3.44,0,110.5,512.8,105,120,1,1
trayectoria,3.44,1,614.456,581.6,-126,140,1.5,1
trayectoria,3.44,2,135.897,52.8,112,-130,1.2,1
trayectoria,3.44,3,643.898,121.6,-119,-110,0.8,1
trayectoria,3.45,0,111.55,514,105,120,1,1
trayectoria,3.45,1,613.196,583,-126,140,1.5,1
trayectoria,3.45,2,137.017,51.5,112,-130,1.2,1
trayectoria,3.45,3,642.708,120.5,-119,-110,0.8,1
trayectoria,3.46,0,112.6,515.2,105,120,1,1
trayectoria,3.46,1,611.936,584.4,-126,140,1.5,1
trayectoria,3.46,2,138.137,50.2,112,-130,1.2,1
trayectoria,3.46,3,641.518,119.4,-119,-110,0.8,1
trayectoria,3.47,0,113.65,516.4,105,120,1,1
trayectoria,3.47,1,610.676,585.8,-126,140,1.5,1
trayectoria,3.47,2,139.257,48.9,112,-130,1.2,1
trayectoria,3.47,3,640.328,118.3,-119,-110,0.8,1
trayectoria,3.48,0,114.7,517.6,105,120,1,1
trayectoria,3.48,1,609.416,587.2,-126,140,1.5,1
trayectoria,3.48,2,140.377,47.6,112,-130,1.2,1
trayectoria,3.48,3,639.138,117.2,-119,-110,0.8,1
trayectoria,3.49,0,115.75,518.8,105,120,1,1
trayectoria,3.49,1,608.156,588.6,-126,140,1.5,1
trayectoria,3.49,2,141.497,46.3,112,-130,1.2,1
trayectoria,3.49,3,637.948,116.1,-119,-110,0.8,1
trayectoria,3.5,0,116.8,520,105,120,1,1
trayectoria,3.5,1,606.896,590,-126,140,1.5,1
trayectoria,3.5,2,142.617,45,112,-130,1.2,1
trayectoria,3.5,3,636.758,115,-119,-110,0.8,1
trayectoria,3.51,0,117.85,521.2,105,120,1,1
trayectoria,3.51,1,605.636,591.4,-126,140,1.5,1
trayectoria,3.51,2,143.737,43.7,112,-130,1.2,1
trayectoria,3.51,3,635.568,113.9,-119,-110,0.8,1
trayectoria,3.52,0,118.9,522.4,105,120,1,1
trayectoria,3.52,1,604.376,592.8,-126,140,1.5,1
trayectoria,3.52,2,144.857,42.4,112,-130,1.2,1
trayectoria,3.52,3,634.378,112.8,-119,-110,0.8,1
trayectoria,3.53,0,119.95,523.6,105,120,1,1
trayectoria,3.53,1,603.116,593.376,-126,-140,1.5,1
trayectoria,3.53,2,145.977,41.1,112,-130,1.2,1
trayectoria,3.53,3,633.188,111.7,-119,-110,0.8,1
trayectoria,3.54,0,121,524.8,105,120,1,1
trayectoria,3.54,1,601.856,591.976,-126,-140,1.5,1
trayectoria,3.54,2,147.097,39.8,112,-130,1.2,1
trayectoria,3.54,3,631.998,110.6,-119,-110,0.8,1
trayectoria,3.55,0,122.05,526,105,120,1,1
trayectoria,3.55,1,600.596,590.576,-126,-140,1.5,1
trayectoria,3.55,2,148.217,38.5,112,-130,1.2,1
trayectoria,3.55,3,630.808,109.5,-119,-110,0.8,1
trayectoria,3.56,0,123.1,527.2,105,120,1,1
trayectoria,3.56,1,599.336,589.176,-126,-140,1.5,1
trayectoria,3.56,2,149.337,37.2,112,-130,1.2,1
trayectoria,3.56,3,629.618,108.4,-119,-110,0.8,1
trayectoria,3.57,0,124.15,528.4,105,120,1,1
trayectoria,3.57,1,598.076,587.776,-126,-140,1.5,1
trayectoria,3.57,2,150.457,35.9,112,-130,1.2,1
trayectoria,3.57,3,628.428,107.3,-119,-110,0.8,1
trayectoria,3.58,0,125.2,529.6,105,120,1,1
trayectoria,3.58,1,596.816,586.376,-126,-140,1.5,1
trayectoria,3.58,2,151.577,34.6,112,-130,1.2,1
trayectoria,3.58,3,627.238,106.2,-119,-110,0.8,1
trayectoria,3.59,0,126.25,530.8,105,120,1,1
trayectoria,3.59,1,595.556,584.976,-126,-140,1.5,1
trayectoria,3.59,2,152.697,33.3,112,-130,1.2,1
trayectoria,3.59,3,626.048,105.1,-119,-110,0.8,1
trayectoria,3.6,0,127.3,532,105,120,1,1
trayectoria,3.6,1,594.296,583.576,-126,-140,1.5,1
trayectoria,3.6,2,153.817,32,112,-130,1.2,1
trayectoria,3.6,3,624.858,104,-119,-110,0.8,1
trayectoria,3.61,0,128.35,533.2,105,120,1,1
trayectoria,3.61,1,593.036,582.176,-126,-140,1.5,1
trayectoria,3.61,2,154.937,30.7,112,-130,1.2,1
trayectoria,3.61,3,623.668,102.9,-119,-110,0.8,1
trayectoria,3.62,0,129.4,534.4,105,120,1,1
trayectoria,3.62,1,591.776,580.776,-126,-140,1.5,1
trayectoria,3.62,2,156.057,29.4,112,-130,1.2,1
trayectoria,3.62,3,622.478,101.8,-119,-110,0.8,1
trayectoria,3.63,0,130.45,535.6,105,120,1,1
trayectoria,3.63,1,590.516,579.376,-126,-140,1.5,1
trayectoria,3.63,2,157.177,28.1,112,-130,1.2,1
trayectoria,3.63,3,621.288,100.7,-119,-110,0.8,1
trayectoria,3.64,0,131.5,536.8,105,120,1,1
trayectoria,3.64,1,589.256,577.976,-126,-140,1.5,1
trayectoria,3.64,2,158.297,26.8,112,-130,1.2,1
trayectoria,3.64,3,620.098,99.6,-119,-110,0.8,1
trayectoria,3.65,0,132.55,538,105,120,1,1
trayectoria,3.65,1,587.996,576.576,-126,-140,1.5,1
trayectoria,3.65,2,159.417,25.5,112,-130,1.2,1
trayectoria,3.65,3,618.908,98.5,-119,-110,0.8,1
trayectoria,3.66,0,133.6,539.2,105,120,1,1
trayectoria,3.66,1,586.736,575.176,-126,-140,1.5,1
trayectoria,3.66,2,160.537,24.2,112,-130,1.2,1
trayectoria,3.66,3,617.718,97.4,-119,-110,0.8,1
trayectoria,3.67,0,134.65,540.4,105,120,1,1
trayectoria,3.67,1,585.476,573.776,-126,-140,1.5,1
trayectoria,3.67,2,161.657,22.9,112,-130,1.2,1
trayectoria,3.67,3,616.528,96.3,-119,-110,0.8,1
trayectoria,3.68,0,135.7,541.6,105,120,1,1
trayectoria,3.68,1,584.216,572.376,-126,-140,1.5,1
trayectoria,3.68,2,162.777,21.6,112,-130,1.2,1
trayectoria,3.68,3,615.338,95.2,-119,-110,0.8,1
trayectoria,3.69,0,136.75,542.8,105,120,1,1
trayectoria,3.69,1,582.956,570.976,-126,-140,1.5,1
trayectoria,3.69,2,163.897,20.3,112,-130,1.2,1
trayectoria,3.69,3,614.148,94.1,-119,-110,0.8,1
trayectoria,3.7,0,137.8,544,105,120,1,1
trayectoria,3.7,1,581.696,569.576,-126,-140,1.5,1
trayectoria,3.7,2,165.017,19,112,-130,1.2,1
trayectoria,3.7,3,612.958,93,-119,-110,0.8,1
trayectoria,3.71,0,138.85,545.2,105,120,1,1
trayectoria,3.71,1,580.436,568.176,-126,-140,1.5,1
trayectoria,3.71,2,166.137,17.7,112,-130,1.2,1
trayectoria,3.71,3,611.768,91.9,-119,-110,0.8,1
trayectoria,3.72,0,139.9,546.4,105,120,1,1
trayectoria,3.72,1,579.176,566.776,-126,-140,1.5,1
trayectoria,3.72,2,167.257,16.4,112,-130,1.2,1
trayectoria,3.72,3,610.578,90.8,-119,-110,0.8,1
trayectoria,3.73,0,140.95,547.6,105,120,1,1
trayectoria,3.73,1,577.916,565.376,-126,-140,1.5,1
trayectoria,3.73,2,168.377,15.1,112,-130,1.2,1
trayectoria,3.73,3,609.388,89.7,-119,-110,0.8,1
trayectoria,3.74,0,142,548.8,105,120,1,1
trayectoria,3.74,1,576.656,563.976,-126,-140,1.5,1
trayectoria,3.74,2,169.497,13.8,112,-130,1.2,1
trayectoria,3.74,3,608.198,88.6,-119,-110,0.8,1
trayectoria,3.75,0,143.05,550,105,120,1,1
trayectoria,3.75,1,575.396,562.576,-126,-140,1.5,1
trayectoria,3.75,2,170.617,12.5,112,-130,1.2,1
trayectoria,3.75,3,607.008,87.5,-119,-110,0.8,1
trayectoria,3.76,0,144.1,551.2,105,120,1,1
trayectoria,3.76,1,574.136,561.176,-126,-140,1.5,1
trayectoria,3.76,2,171.737,11.2,112,-130,1.2,1
trayectoria,3.76,3,605.818,86.4,-119,-110,0.8,1
trayectoria,3.77,0,145.15,552.4,105,120,1,1
trayectoria,3.77,1,572.876,559.776,-126,-140,1.5,1
trayectoria,3.77,2,172.857,9.9,112,-130,1.2,1
trayectoria,3.77,3,604.628,85.3,-119,-110,0.8,1
trayectoria,3.78,0,146.2,553.6,105,120,1,1
trayectoria,3.78,1,571.616,558.376,-126,-140,1.5,1
trayectoria,3.78,2,173.977,8.6,112,-130,1.2,1
trayectoria,3.78,3,603.438,84.2,-119,-110,0.8,1
trayectoria,3.79,0,147.25,554.8,105,120,1,1
trayectoria,3.79,1,570.356,556.976,-126,-140,1.5,1
trayectoria,3.79,2,175.097,7.3,112,-130,1.2,1
trayectoria,3.79,3,602.248,83.1,-119,-110,0.8,1
trayectoria,3.8,0,148.3,556,105,120,1,1
trayectoria,3.8,1,569.096,555.576,-126,-140,1.5,1
trayectoria,3.8,2,176.217,6,112,-130,1.2,1
trayectoria,3.8,3,601.058,82,-119,-110,0.8,1
trayectoria,3.81,0,149.35,557.2,105,120,1,1
trayectoria,3.81,1,567.836,554.176,-126,-140,1.5,1
trayectoria,3.81,2,177.337,5.97723,112,130,1.2,1
trayectoria,3.81,3,599.868,80.9,-119,-110,0.8,1
trayectoria,3.82,0,150.4,558.4,105,120,1,1
trayectoria,3.82,1,566.576,552.776,-126,-140,1.5,1
trayectoria,3.82,2,178.457,7.27723,112,130,1.2,1
trayectoria,3.82,3,598.678,79.8,-119,-110,0.8,1
trayectoria,3.83,0,151.45,559.6,105,120,1,1
trayectoria,3.83,1,565.316,551.376,-126,-140,1.5,1
trayectoria,3.83,2,179.577,8.57723,112,130,1.2,1
trayectoria,3.83,3,597.488,78.7,-119,-110,0.8,1
trayectoria,3.84,0,152.5,560.8,105,120,1,1
trayectoria,3.84,1,564.056,549.976,-126,-140,1.5,1
trayectoria,3.84,2,180.697,9.87723,112,130,1.2,1
trayectoria,3.84,3,596.298,77.6,-119,-110,0.8,1
trayectoria,3.85,0,153.55,562,105,120,1,1
trayectoria,3.85,1,562.796,548.576,-126,-140,1.5,1
trayectoria,3.85,2,181.817,11.1772,112,130,1.2,1
trayectoria,3.85,3,595.108,76.5,-119,-110,0.8,1
trayectoria,3.86,0,154.6,563.2,105,120,1,1
trayectoria,3.86,1,561.536,547.176,-126,-140,1.5,1
trayectoria,3.86,2,182.937,12.4772,112,130,1.2,1
trayectoria,3.86,3,593.918,75.4,-119,-110,0.8,1
trayectoria,3.87,0,155.65,564.4,105,120,1,1
trayectoria,3.87,1,560.276,545.776,-126,-140,1.5,1
trayectoria,3.87,2,184.057,13.7772,112,130,1.2,1
trayectoria,3.87,3,592.728,74.3,-119,-110,0.8,1
trayectoria,3.88,0,156.7,565.6,105,120,1,1
trayectoria,3.88,1,559.016,544.376,-126,-140,1.5,1
trayectoria,3.88,2,185.177,15.0772,112,130,1.2,1
trayectoria,3.88,3,591.538,73.2,-119,-110,0.8,1
trayectoria,3.89,0,157.75,566.8,105,120,1,1
trayectoria,3.89,1,557.756,542.976,-126,-140,1.5,1
trayectoria,3.89,2,186.297,16.3772,112,130,1.2,1
trayectoria,3.89,3,590.348,72.1,-119,-110,0.8,1
trayectoria,3.9,0,158.8,568,105,120,1,1
trayectoria,3.9,1,556.496,541.576,-126,-140,1.5,1
trayectoria,3.9,2,187.417,17.6772,112,130,1.2,1
trayectoria,3.9,3,589.158,71,-119,-110,0.8,1
trayectoria,3.91,0,159.85,569.2,105,120,1,1
trayectoria,3.91,1,555.236,540.176,-126,-140,1.5,1
trayectoria,3.91,2,188.537,18.9772,112,130,1.2,1
trayectoria,3.91,3,587.968,69.9,-119,-110,0.8,1
trayectoria,3.92,0,160.9,570.4,105,120,1,1
trayectoria,3.92,1,553.976,538.776,-126,-140,1.5,1
trayectoria,3.92,2,189.657,20.2772,112,130,1.2,1
trayectoria,3.92,3,586.778,68.8,-119,-110,0.8,1
trayectoria,3.93,0,161.95,571.6,105,120,1,1
trayectoria,3.93,1,552.716,537.376,-126,-140,1.5,1
trayectoria,3.93,2,190.777,21.5772,112,130,1.2,1
trayectoria,3.93,3,585.588,67.7,-119,-110,0.8,1
trayectoria,3.94,0,163,572.8,105,120,1,1
trayectoria,3.94,1,551.456,535.976,-126,-140,1.5,1
trayectoria,3.94,2,191.897,22.8772,112,130,1.2,1
trayectoria,3.94,3,584.398,66.6,-119,-110,0.8,1
trayectoria,3.95,0,164.05,574,105,120,1,1
trayectoria,3.95,1,550.196,534.576,-126,-140,1.5,1
trayectoria,3.95,2,193.017,24.1772,112,130,1.2,1
trayectoria,3.95,3,583.208,65.5,-119,-110,0.8,1
trayectoria,3.96,0,165.1,575.2,105,120,1,1
trayectoria,3.96,1,548.936,533.176,-126,-140,1.5,1
trayectoria,3.96,2,194.137,25.4772,112,130,1.2,1
trayectoria,3.96,3,582.018,64.4,-119,-110,0.8,1
trayectoria,3.97,0,166.15,576.4,105,120,1,1
trayectoria,3.97,1,547.676,531.776,-126,-140,1.5,1
trayectoria,3.97,2,195.257,26.7772,112,130,1.2,1
trayectoria,3.97,3,580.828,63.3,-119,-110,0.8,1
trayectoria,3.98,0,167.2,577.6,105,120,1,1
trayectoria,3.98,1,546.416,530.376,-126,-140,1.5,1
trayectoria,3.98,2,196.377,28.0772,112,130,1.2,1
trayectoria,3.98,3,579.638,62.2,-119,-110,0.8,1
trayectoria,3.99,0,168.25,578.8,105,120,1,1
trayectoria,3.99,1,545.156,528.976,-126,-140,1.5,1
trayectoria,3.99,2,197.497,29.3772,112,130,1.2,1
trayectoria,3.99,3,578.448,61.1,-119,-110,0.8,1
trayectoria,4,0,169.3,580,105,120,1,1
trayectoria,4,1,543.896,527.576,-126,-140,1.5,1
trayectoria,4,2,198.617,30.6772,112,130,1.2,1
trayectoria,4,3,577.258,60,-119,-110,0.8,1
trayectoria,4.01,0,170.35,581.2,105,120,1,1
trayectoria,4.01,1,542.636,526.176,-126,-140,1.5,1
trayectoria,4.01,2,199.737,31.9772,112,130,1.2,1
trayectoria,4.01,3,576.068,58.9,-119,-110,0.8,1
trayectoria,4.02,0,171.4,582.4,105,120,1,1
trayectoria,4.02,1,541.376,524.776,-126,-140,1.5,1
trayectoria,4.02,2,200.857,33.2772,112,130,1.2,1
trayectoria,4.02,3,574.878,57.8,-119,-110,0.8,1
trayectoria,4.03,0,172.45,583.6,105,120,1,1
trayectoria,4.03,1,540.116,523.376,-126,-140,1.5,1
trayectoria,4.03,2,201.977,34.5772,112,130,1.2,1
trayectoria,4.03,3,573.688,56.7,-119,-110,0.8,1
trayectoria,4.04,0,173.5,584.8,105,120,1,1
trayectoria,4.04,1,538.856,521.976,-126,-140,1.5,1
trayectoria,4.04,2,203.097,35.8772,112,130,1.2,1
trayectoria,4.04,3,572.498,55.6,-119,-110,0.8,1
trayectoria,4.05,0,174.55,586,105,120,1,1
trayectoria,4.05,1,537.596,520.576,-126,-140,1.5,1
trayectoria,4.05,2,204.217,37.1772,112,130,1.2,1
trayectoria,4.05,3,571.308,54.5,-119,-110,0.8,1
trayectoria,4.06,0,175.6,587.2,105,120,1,1
trayectoria,4.06,1,536.336,519.176,-126,-140,1.5,1
trayectoria,4.06,2,205.337,38.4772,112,130,1.2,1
trayectoria,4.06,3,570.118,53.4,-119,-110,0.8,1
trayectoria,4.07,0,176.65,588.4,105,120,1,1
trayectoria,4.07,1,535.076,517.776,-126,-140,1.5,1
trayectoria,4.07,2,206.457,39.7772,112,130,1.2,1
trayectoria,4.07,3,568.928,52.3,-119,-110,0.8,1
trayectoria,4.08,0,177.7,589.6,105,120,1,1
trayectoria,4.08,1,533.816,516.376,-126,-140,1.5,1
trayectoria,4.08,2,207.577,41.0772,112,130,1.2,1
trayectoria,4.08,3,567.738,51.2,-119,-110,0.8,1
trayectoria,4.09,0,178.75,590.8,105,120,1,1
trayectoria,4.09,1,532.556,514.976,-126,-140,1.5,1
trayectoria,4.09,2,208.697,42.3772,112,130,1.2,1
trayectoria,4.09,3,566.548,50.1,-119,-110,0.8,1
trayectoria,4.1,0,179.8,592,105,120,1,1
trayectoria,4.1,1,531.296,513.576,-126,-140,1.5,1
trayectoria,4.1,2,209.817,43.6772,112,130,1.2,1
trayectoria,4.1,3,565.358,49,-119,-110,0.8,1
trayectoria,4.11,0,180.85,593.2,105,120,1,1
trayectoria,4.11,1,530.036,512.176,-126,-140,1.5,1
trayectoria,4.11,2,210.937,44.9772,112,130,1.2,1
trayectoria,4.11,3,564.168,47.9,-119,-110,0.8,1
trayectoria,4.12,0,181.9,594.4,105,120,1,1
trayectoria,4.12,1,528.776,510.776,-126,-140,1.5,1
trayectoria,4.12,2,212.057,46.2772,112,130,1.2,1
trayectoria,4.12,3,562.978,46.8,-119,-110,0.8,1
trayectoria,4.13,0,182.95,594.5,105,-120,1,1
trayectoria,4.13,1,527.516,509.376,-126,-140,1.5,1
trayectoria,4.13,2,213.177,47.5772,112,130,1.2,1
trayectoria,4.13,3,561.788,45.7,-119,-110,0.8,1
trayectoria,4.14,0,184,593.3,105,-120,1,1
trayectoria,4.14,1,526.256,507.976,-126,-140,1.5,1
trayectoria,4.14,2,214.297,48.8772,112,130,1.2,1
trayectoria,4.14,3,560.598,44.6,-119,-110,0.8,1
trayectoria,4.15,0,185.05,592.1,105,-120,1,1
trayectoria,4.15,1,524.996,506.576,-126,-140,1.5,1
trayectoria,4.15,2,215.417,50.1772,112,130,1.2,1
trayectoria,4.15,3,559.408,43.5,-119,-110,0.8,1
trayectoria,4.16,0,186.1,590.9,105,-120,1,1
trayectoria,4.16,1,523.736,505.176,-126,-140,1.5,1
trayectoria,4.16,2,216.537,51.4772,112,130,1.2,1
trayectoria,4.16,3,558.218,42.4,-119,-110,0.8,1
trayectoria,4.17,0,187.15,589.7,105,-120,1,1
trayectoria,4.17,1,522.476,503.776,-126,-140,1.5,1
trayectoria,4.17,2,217.657,52.7772,112,130,1.2,1
trayectoria,4.17,3,557.028,41.3,-119,-110,0.8,1
trayectoria,4.18,0,188.2,588.5,105,-120,1,1
trayectoria,4.18,1,521.216,502.376,-126,-140,1.5,1
trayectoria,4.18,2,218.777,54.0772,112,130,1.2,1
trayectoria,4.18,3,555.838,40.2,-119,-110,0.8,1
trayectoria,4.19,0,189.25,587.3,105,-120,1,1
trayectoria,4.19,1,519.956,500.976,-126,-140,1.5,1
trayectoria,4.19,2,219.897,55.3772,112,130,1.2,1
trayectoria,4.19,3,554.648,39.1,-119,-110,0.8,1
trayectoria,4.2,0,190.3,586.1,105,-120,1,1
trayectoria,4.2,1,518.696,499.576,-126,-140,1.5,1
trayectoria,4.2,2,221.017,56.6772,112,130,1.2,1
trayectoria,4.2,3,553.458,38,-119,-110,0.8,1
trayectoria,4.21,0,191.35,584.9,105,-120,1,1
trayectoria,4.21,1,517.436,498.176,-126,-140,1.5,1
trayectoria,4.21,2,222.137,57.9772,112,130,1.2,1
trayectoria,4.21,3,552.268,36.9,-119,-110,0.8,1
trayectoria,4.22,0,192.4,583.7,105,-120,1,1
trayectoria,4.22,1,516.176,496.776,-126,-140,1.5,1
trayectoria,4.22,2,223.257,59.2772,112,130,1.2,1
trayectoria,4.22,3,551.078,35.8,-119,-110,0.8,1
trayectoria,4.23,0,193.45,582.5,105,-120,1,1
trayectoria,4.23,1,514.916,495.376,-126,-140,1.5,1
trayectoria,4.23,2,224.377,60.5772,112,130,1.2,1
trayectoria,4.23,3,549.888,34.7,-119,-110,0.8,1
trayectoria,4.24,0,194.5,581.3,105,-120,1,1
trayectoria,4.24,1,513.656,493.976,-126,-140,1.5,1
trayectoria,4.24,2,225.497,61.8772,112,130,1.2,1
trayectoria,4.24,3,548.698,33.6,-119,-110,0.8,1
trayectoria,4.25,0,195.55,580.1,105,-120,1,1
trayectoria,4.25,1,512.396,492.576,-126,-140,1.5,1
trayectoria,4.25,2,226.617,63.1772,112,130,1.2,1
trayectoria,4.25,3,547.508,32.5,-119,-110,0.8,1
trayectoria,4.26,0,196.6,578.9,105,-120,1,1
trayectoria,4.26,1,511.136,491.176,-126,-140,1.5,1
trayectoria,4.26,2,227.737,64.4772,112,130,1.2,1
trayectoria,4.26,3,546.318,31.4,-119,-110,0.8,1
trayectoria,4.27,0,197.65,577.7,105,-120,1,1
trayectoria,4.27,1,509.876,489.776,-126,-140,1.5,1
trayectoria,4.27,2,228.857,65.7772,112,130,1.2,1
trayectoria,4.27,3,545.128,30.3,-119,-110,0.8,1
trayectoria,4.28,0,198.7,576.5,105,-120,1,1
trayectoria,4.28,1,508.616,488.376,-126,-140,1.5,1
trayectoria,4.28,2,229.977,67.0772,112,130,1.2,1
trayectoria,4.28,3,543.938,29.2,-119,-110,0.8,1
trayectoria,4.29,0,199.75,575.3,105,-120,1,1
trayectoria,4.29,1,507.356,486.976,-126,-140,1.5,1
trayectoria,4.29,2,231.097,68.3772,112,130,1.2,1
trayectoria,4.29,3,542.748,28.1,-119,-110,0.8,1
trayectoria,4.3,0,200.8,574.1,105,-120,1,1
trayectoria,4.3,1,506.096,485.576,-126,-140,1.5,1
trayectoria,4.3,2,232.217,69.6772,112,130,1.2,1
trayectoria,4.3,3,541.558,27,-119,-110,0.8,1
trayectoria,4.31,0,201.85,572.9,105,-120,1,1
trayectoria,4.31,1,504.836,484.176,-126,-140,1.5,1
trayectoria,4.31,2,233.337,70.9772,112,130,1.2,1
trayectoria,4.31,3,540.368,25.9,-119,-110,0.8,1
trayectoria,4.32,0,202.9,571.7,105,-120,1,1
trayectoria,4.32,1,503.576,482.776,-126,-140,1.5,1
trayectoria,4.32,2,234.457,72.2772,112,130,1.2,1
trayectoria,4.32,3,539.178,24.8,-119,-110,0.8,1
trayectoria,4.33,0,203.95,570.5,105,-120,1,1
trayectoria,4.33,1,502.316,481.376,-126,-140,1.5,1
trayectoria,4.33,2,235.577,73.5772,112,130,1.2,1
trayectoria,4.33,3,537.988,23.7,-119,-110,0.8,1
trayectoria,4.34,0,205,569.3,105,-120,1,1
trayectoria,4.34,1,501.056,479.976,-126,-140,1.5,1
trayectoria,4.34,2,236.697,74.8772,112,130,1.2,1
trayectoria,4.34,3,536.798,22.6,-119,-110,0.8,1
trayectoria,4.35,0,206.05,568.1,105,-120,1,1
trayectoria,4.35,1,499.796,478.576,-126,-140,1.5,1
trayectoria,4.35,2,237.817,76.1772,112,130,1.2,1
trayectoria,4.35,3,535.608,21.5,-119,-110,0.8,1
trayectoria,4.36,0,207.1,566.9,105,-120,1,1
trayectoria,4.36,1,498.536,477.176,-126,-140,1.5,1
trayectoria,4.36,2,238.937,77.4772,112,130,1.2,1
trayectoria,4.36,3,534.418,20.4,-119,-110,0.8,1
trayectoria,4.37,0,208.15,565.7,105,-120,1,1
trayectoria,4.37,1,497.276,475.776,-126,-140,1.5,1
trayectoria,4.37,2,240.057,78.7772,112,130,1.2,1
trayectoria,4.37,3,533.228,19.3,-119,-110,0.8,1
trayectoria,4.38,0,209.2,564.5,105,-120,1,1
trayectoria,4.38,1,496.016,474.376,-126,-140,1.5,1
trayectoria,4.38,2,241.177,80.0772,112,130,1.2,1
trayectoria,4.38,3,532.038,18.2,-119,-110,0.8,1
trayectoria,4.39,0,210.25,563.3,105,-120,1,1
trayectoria,4.39,1,494.756,472.976,-126,-140,1.5,1
trayectoria,4.39,2,242.297,81.3772,112,130,1.2,1
trayectoria,4.39,3,530.848,17.1,-119,-110,0.8,1
trayectoria,4.4,0,211.3,562.1,105,-120,1,1
trayectoria,4.4,1,493.496,471.576,-126,-140,1.5,1
trayectoria,4.4,2,243.417,82.6772,112,130,1.2,1
trayectoria,4.4,3,529.658,16,-119,-110,0.8,1
trayectoria,4.41,0,212.35,560.9,105,-120,1,1
trayectoria,4.41,1,492.236,470.176,-126,-140,1.5,1
trayectoria,4.41,2,244.537,83.9772,112,130,1.2,1
trayectoria,4.41,3,528.468,14.9,-119,-110,0.8,1
trayectoria,4.42,0,213.4,559.7,105,-120,1,1
trayectoria,4.42,1,490.976,468.776,-126,-140,1.5,1
trayectoria,4.42,2,245.657,85.2772,112,130,1.2,1
trayectoria,4.42,3,527.278,13.8,-119,-110,0.8,1
trayectoria,4.43,0,214.45,558.5,105,-120,1,1
trayectoria,4.43,1,489.716,467.376,-126,-140,1.5,1
trayectoria,4.43,2,246.777,86.5772,112,130,1.2,1
trayectoria,4.43,3,526.088,12.7,-119,-110,0.8,1
trayectoria,4.44,0,215.5,557.3,105,-120,1,1
trayectoria,4.44,1,488.456,465.976,-126,-140,1.5,1
trayectoria,4.44,2,247.897,87.8772,112,130,1.2,1
trayectoria,4.44,3,524.898,11.6,-119,-110,0.8,1
trayectoria,4.45,0,216.55,556.1,105,-120,1,1
trayectoria,4.45,1,487.196,464.576,-126,-140,1.5,1
trayectoria,4.45,2,249.017,89.1772,112,130,1.2,1
trayectoria,4.45,3,523.708,10.5,-119,-110,0.8,1
trayectoria,4.46,0,217.6,554.9,105,-120,1,1
trayectoria,4.46,1,485.936,463.176,-126,-140,1.5,1
trayectoria,4.46,2,250.137,90.4772,112,130,1.2,1
trayectoria,4.46,3,522.518,9.4,-119,-110,0.8,1
trayectoria,4.47,0,218.65,553.7,105,-120,1,1
trayectoria,4.47,1,484.676,461.776,-126,-140,1.5,1
trayectoria,4.47,2,251.257,91.7772,112,130,1.2,1
trayectoria,4.47,3,521.328,8.3,-119,-110,0.8,1
trayectoria,4.48,0,219.7,552.5,105,-120,1,1
trayectoria,4.48,1,483.416,460.376,-126,-140,1.5,1
trayectoria,4.48,2,252.377,93.0772,112,130,1.2,1
trayectoria,4.48,3,520.138,7.2,-119,-110,0.8,1
trayectoria,4.49,0,220.75,551.3,105,-120,1,1
trayectoria,4.49,1,482.156,458.976,-126,-140,1.5,1
trayectoria,4.49,2,253.497,94.3772,112,130,1.2,1
trayectoria,4.49,3,518.948,6.1,-119,-110,0.8,1
trayectoria,4.5,0,221.8,550.1,105,-120,1,1
trayectoria,4.5,1,480.896,457.576,-126,-140,1.5,1
trayectoria,4.5,2,254.617,95.6772,112,130,1.2,1
trayectoria,4.5,3,517.758,5,-119,-110,0.8,1
trayectoria,4.51,0,222.85,548.9,105,-120,1,1
trayectoria,4.51,1,479.636,456.176,-126,-140,1.5,1
trayectoria,4.51,2,255.737,96.9772,112,130,1.2,1
trayectoria,4.51,3,516.568,4.97214,-119,110,0.8,1
trayectoria,4.52,0,223.9,547.7,105,-120,1,1
trayectoria,4.52,1,478.376,454.776,-126,-140,1.5,1
trayectoria,4.52,2,256.857,98.2772,112,130,1.2,1
trayectoria,4.52,3,515.378,6.07214,-119,110,0.8,1
trayectoria,4.53,0,224.95,546.5,105,-120,1,1
trayectoria,4.53,1,477.116,453.376,-126,-140,1.5,1
trayectoria,4.53,2,257.977,99.5772,112,130,1.2,1
trayectoria,4.53,3,514.188,7.17214,-119,110,0.8,1
trayectoria,4.54,0,226,545.3,105,-120,1,1
trayectoria,4.54,1,475.856,451.976,-126,-140,1.5,1
trayectoria,4.54,2,259.097,100.877,112,130,1.2,1
trayectoria,4.54,3,512.998,8.27214,-119,110,0.8,1
trayectoria,4.55,0,227.05,544.1,105,-120,1,1
trayectoria,4.55,1,474.596,450.576,-126,-140,1.5,1
trayectoria,4.55,2,260.217,102.177,112,130,1.2,1
trayectoria,4.55,3,511.808,9.37214,-119,110,0.8,1
trayectoria,4.56,0,228.1,542.9,105,-120,1,1
trayectoria,4.56,1,473.336,449.176,-126,-140,1.5,1
trayectoria,4.56,2,261.337,103.477,112,130,1.2,1
trayectoria,4.56,3,510.618,10.4721,-119,110,0.8,1
trayectoria,4.57,0,229.15,541.7,105,-120,1,1
trayectoria,4.57,1,472.076,447.776,-126,-140,1.5,1
trayectoria,4.57,2,262.457,104.777,112,130,1.2,1
trayectoria,4.57,3,509.428,11.5721,-119,110,0.8,1
trayectoria,4.58,0,230.2,540.5,105,-120,1,1
trayectoria,4.58,1,470.816,446.376,-126,-140,1.5,1
trayectoria,4.58,2,263.577,106.077,112,130,1.2,1
trayectoria,4.58,3,508.238,12.6721,-119,110,0.8,1
trayectoria,4.59,0,231.25,539.3,105,-120,1,1
trayectoria,4.59,1,469.556,444.976,-126,-140,1.5,1
trayectoria,4.59,2,264.697,107.377,112,130,1.2,1
trayectoria,4.59,3,507.048,13.7721,-119,110,0.8,1
trayectoria,4.6,0,232.3,538.1,105,-120,1,1
trayectoria,4.6,1,468.296,443.576,-126,-140,1.5,1
trayectoria,4.6,2,265.817,108.677,112,130,1.2,1
trayectoria,4.6,3,505.858,14.8721,-119,110,0.8,1
trayectoria,4.61,0,233.35,536.9,105,-120,1,1
trayectoria,4.61,1,467.036,442.176,-126,-140,1.5,1
trayectoria,4.61,2,266.937,109.977,112,130,1.2,1
trayectoria,4.61,3,504.668,15.9721,-119,110,0.8,1
trayectoria,4.62,0,234.4,535.7,105,-120,1,1
trayectoria,4.62,1,465.776,440.776,-126,-140,1.5,1
trayectoria,4.62,2,268.057,111.277,112,130,1.2,1
trayectoria,4.62,3,503.478,17.0721,-119,110,0.8,1
trayectoria,4.63,0,235.45,534.5,105,-120,1,1
trayectoria,4.63,1,464.516,439.376,-126,-140,1.5,1
trayectoria,4.63,2,269.177,112.577,112,130,1.2,1
trayectoria,4.63,3,502.288,18.1721,-119,110,0.8,1
trayectoria,4.64,0,236.5,533.3,105,-120,1,1
trayectoria,4.64,1,463.256,437.976,-126,-140,1.5,1
trayectoria,4.64,2,270.297,113.877,112,130,1.2,1
trayectoria,4.64,3,501.098,19.2721,-119,110,0.8,1
trayectoria,4.65,0,237.55,532.1,105,-120,1,1
trayectoria,4.65,1,461.996,436.576,-126,-140,1.5,1
trayectoria,4.65,2,271.417,115.177,112,130,1.2,1
trayectoria,4.65,3,499.908,20.3721,-119,110,0.8,1
trayectoria,4.66,0,238.6,530.9,105,-120,1,1
trayectoria,4.66,1,460.736,435.176,-126,-140,1.5,1
trayectoria,4.66,2,272.537,116.477,112,130,1.2,1
trayectoria,4.66,3,498.718,21.4721,-119,110,0.8,1
trayectoria,4.67,0,239.65,529.7,105,-120,1,1
trayectoria,4.67,1,459.476,433.776,-126,-140,1.5,1
trayectoria,4.67,2,273.657,117.777,112,130,1.2,1
trayectoria,4.67,3,497.528,22.5721,-119,110,0.8,1
trayectoria,4.68,0,240.7,528.5,105,-120,1,1
trayectoria,4.68,1,458.216,432.376,-126,-140,1.5,1
trayectoria,4.68,2,274.777,119.077,112,130,1.2,1
trayectoria,4.68,3,496.338,23.6721,-119,110,0.8,1
trayectoria,4.69,0,241.75,527.3,105,-120,1,1
trayectoria,4.69,1,456.956,430.976,-126,-140,1.5,1
trayectoria,4.69,2,275.897,120.377,112,130,1.2,1
trayectoria,4.69,3,495.148,24.7721,-119,110,0.8,1
trayectoria,4.7,0,242.8,526.1,105,-120,1,1
trayectoria,4.7,1,455.696,429.576,-126,-140,1.5,1
trayectoria,4.7,2,277.017,121.677,112,130,1.2,1
trayectoria,4.7,3,493.958,25.8721,-119,110,0.8,1
trayectoria,4.71,0,243.85,524.9,105,-120,1,1
trayectoria,4.71,1,454.436,428.176,-126,-140,1.5,1
trayectoria,4.71,2,278.137,122.977,112,130,1.2,1
trayectoria,4.71,3,492.768,26.9721,-119,110,0.8,1
trayectoria,4.72,0,244.9,523.7,105,-120,1,1
trayectoria,4.72,1,453.176,426.776,-126,-140,1.5,1
trayectoria,4.72,2,279.257,124.277,112,130,1.2,1
trayectoria,4.72,3,491.578,28.0721,-119,110,0.8,1
trayectoria,4.73,0,245.95,522.5,105,-120,1,1
trayectoria,4.73,1,451.916,425.376,-126,-140,1.5,1
trayectoria,4.73,2,280.377,125.577,112,130,1.2,1
trayectoria,4.73,3,490.388,29.1721,-119,110,0.8,1
trayectoria,4.74,0,247,521.3,105,-120,1,1
trayectoria,4.74,1,450.656,423.976,-126,-140,1.5,1
trayectoria,4.74,2,281.497,126.877,112,130,1.2,1
trayectoria,4.74,3,489.198,30.2721,-119,110,0.8,1
trayectoria,4.75,0,248.05,520.1,105,-120,1,1
trayectoria,4.75,1,449.396,422.576,-126,-140,1.5,1
trayectoria,4.75,2,282.617,128.177,112,130,1.2,1
trayectoria,4.75,3,488.008,31.3721,-119,110,0.8,1
trayectoria,4.76,0,249.1,518.9,105,-120,1,1
trayectoria,4.76,1,448.136,421.176,-126,-140,1.5,1
trayectoria,4.76,2,283.737,129.477,112,130,1.2,1
trayectoria,4.76,3,486.818,32.4721,-119,110,0.8,1
trayectoria,4.77,0,250.15,517.7,105,-120,1,1
trayectoria,4.77,1,446.876,419.776,-126,-140,1.5,1
trayectoria,4.77,2,284.857,130.777,112,130,1.2,1
trayectoria,4.77,3,485.628,33.5721,-119,110,0.8,1
trayectoria,4.78,0,251.2,516.5,105,-120,1,1
trayectoria,4.78,1,445.616,418.376,-126,-140,1.5,1
trayectoria,4.78,2,285.977,132.077,112,130,1.2,1
trayectoria,4.78,3,484.438,34.6721,-119,110,0.8,1
trayectoria,4.79,0,252.25,515.3,105,-120,1,1
trayectoria,4.79,1,444.356,416.976,-126,-140,1.5,1
trayectoria,4.79,2,287.097,133.377,112,130,1.2,1
trayectoria,4.79,3,483.248,35.7721,-119,110,0.8,1
trayectoria,4.8,0,253.3,514.1,105,-120,1,1
trayectoria,4.8,1,443.096,415.576,-126,-140,1.5,1
trayectoria,4.8,2,288.217,134.677,112,130,1.2,1
trayectoria,4.8,3,482.058,36.8721,-119,110,0.8,1
trayectoria,4.81,0,254.35,512.9,105,-120,1,1
trayectoria,4.81,1,441.836,414.176,-126,-140,1.5,1
trayectoria,4.81,2,289.337,135.977,112,130,1.2,1
trayectoria,4.81,3,480.868,37.9721,-119,110,0.8,1
trayectoria,4.82,0,255.4,511.7,105,-120,1,1
trayectoria,4.82,1,440.576,412.776,-126,-140,1.5,1
trayectoria,4.82,2,290.457,137.277,112,130,1.2,1
trayectoria,4.82,3,479.678,39.0721,-119,110,0.8,1
trayectoria,4.83,0,256.45,510.5,105,-120,1,1
trayectoria,4.83,1,439.316,411.376,-126,-140,1.5,1
trayectoria,4.83,2,291.577,138.577,112,130,1.2,1
trayectoria,4.83,3,478.488,40.1721,-119,110,0.8,1
trayectoria,4.84,0,257.5,509.3,105,-120,1,1
trayectoria,4.84,1,438.056,409.976,-126,-140,1.5,1
trayectoria,4.84,2,292.697,139.877,112,130,1.2,1
trayectoria,4.84,3,477.298,41.2721,-119,110,0.8,1
trayectoria,4.85,0,258.55,508.1,105,-120,1,1
trayectoria,4.85,1,436.796,408.576,-126,-140,1.5,1
trayectoria,4.85,2,293.817,141.177,112,130,1.2,1
trayectoria,4.85,3,476.108,42.3721,-119,110,0.8,1
trayectoria,4.86,0,259.6,506.9,105,-120,1,1
trayectoria,4.86,1,435.536,407.176,-126,-140,1.5,1
trayectoria,4.86,2,294.937,142.477,112,130,1.2,1
trayectoria,4.86,3,474.918,43.4721,-119,110,0.8,1
trayectoria,4.87,0,260.65,505.7,105,-120,1,1
trayectoria,4.87,1,434.276,405.776,-126,-140,1.5,1
trayectoria,4.87,2,296.057,143.777,112,130,1.2,1
trayectoria,4.87,3,473.728,44.5721,-119,110,0.8,1
trayectoria,4.88,0,261.7,504.5,105,-120,1,1
trayectoria,4.88,1,433.016,404.376,-126,-140,1.5,1
trayectoria,4.88,2,297.177,145.077,112,130,1.2,1
trayectoria,4.88,3,472.538,45.6721,-119,110,0.8,1
trayectoria,4.89,0,262.75,503.3,105,-120,1,1
trayectoria,4.89,1,431.756,402.976,-126,-140,1.5,1
trayectoria,4.89,2,298.297,146.377,112,130,1.2,1
trayectoria,4.89,3,471.348,46.7721,-119,110,0.8,1
trayectoria,4.9,0,263.8,502.1,105,-120,1,1
trayectoria,4.9,1,430.496,401.576,-126,-140,1.5,1
trayectoria,4.9,2,299.417,147.677,112,130,1.2,1
trayectoria,4.9,3,470.158,47.8721,-119,110,0.8,1
trayectoria,4.91,0,264.85,500.9,105,-120,1,1
trayectoria,4.91,1,429.236,400.176,-126,-140,1.5,1
trayectoria,4.91,2,300.537,148.977,112,130,1.2,1
trayectoria,4.91,3,468.968,48.9721,-119,110,0.8,1
trayectoria,4.92,0,265.9,499.7,105,-120,1,1
trayectoria,4.92,1,427.976,398.776,-126,-140,1.5,1
trayectoria,4.92,2,301.657,150.277,112,130,1.2,1
trayectoria,4.92,3,467.778,50.0721,-119,110,0.8,1
trayectoria,4.93,0,266.95,498.5,105,-120,1,1
trayectoria,4.93,1,426.716,397.376,-126,-140,1.5,1
trayectoria,4.93,2,302.777,151.577,112,130,1.2,1
trayectoria,4.93,3,466.588,51.1721,-119,110,0.8,1
trayectoria,4.94,0,268,497.3,105,-120,1,1
trayectoria,4.94,1,425.456,395.976,-126,-140,1.5,1
trayectoria,4.94,2,303.897,152.877,112,130,1.2,1
trayectoria,4.94,3,465.398,52.2721,-119,110,0.8,1
trayectoria,4.95,0,269.05,496.1,105,-120,1,1
trayectoria,4.95,1,424.196,394.576,-126,-140,1.5,1
trayectoria,4.95,2,305.017,154.177,112,130,1.2,1
trayectoria,4.95,3,464.208,53.3721,-119,110,0.8,1
trayectoria,4.96,0,270.1,494.9,105,-120,1,1
trayectoria,4.96,1,422.936,393.176,-126,-140,1.5,1
trayectoria,4.96,2,306.137,155.477,112,130,1.2,1
trayectoria,4.96,3,463.018,54.4721,-119,110,0.8,1
trayectoria,4.97,0,271.15,493.7,105,-120,1,1
trayectoria,4.97,1,421.676,391.776,-126,-140,1.5,1
trayectoria,4.97,2,307.257,156.777,112,130,1.2,1
trayectoria,4.97,3,461.828,55.5721,-119,110,0.8,1
trayectoria,4.98,0,272.2,492.5,105,-120,1,1
trayectoria,4.98,1,420.416,390.376,-126,-140,1.5,1
trayectoria,4.98,2,308.377,158.077,112,130,1.2,1
trayectoria,4.98,3,460.638,56.6721,-119,110,0.8,1
trayectoria,4.99,0,273.25,491.3,105,-120,1,1
trayectoria,4.99,1,419.156,388.976,-126,-140,1.5,1
trayectoria,4.99,2,309.497,159.377,112,130,1.2,1
trayectoria,4.99,3,459.448,57.7721,-119,110,0.8,1
trayectoria,5,0,274.3,490.1,105,-120,1,1
trayectoria,5,1,417.896,387.576,-126,-140,1.5,1
trayectoria,5,2,310.617,160.677,112,130,1.2,1
trayectoria,5,3,458.258,58.8721,-119,110,0.8,1
trayectoria,5.01,0,275.35,488.9,105,-120,1,1
trayectoria,5.01,1,416.636,386.176,-126,-140,1.5,1
trayectoria,5.01,2,311.737,161.977,112,130,1.2,1
trayectoria,5.01,3,457.068,59.9721,-119,110,0.8,1
trayectoria,5.02,0,276.4,487.7,105,-120,1,1
trayectoria,5.02,1,415.376,384.776,-126,-140,1.5,1
trayectoria,5.02,2,312.857,163.277,112,130,1.2,1
trayectoria,5.02,3,455.878,61.0721,-119,110,0.8,1
trayectoria,5.03,0,277.45,486.5,105,-120,1,1
trayectoria,5.03,1,414.116,383.376,-126,-140,1.5,1
trayectoria,5.03,2,313.977,164.577,112,130,1.2,1
trayectoria,5.03,3,454.688,62.1721,-119,110,0.8,1
trayectoria,5.04,0,278.5,485.3,105,-120,1,1
trayectoria,5.04,1,412.856,381.976,-126,-140,1.5,1
trayectoria,5.04,2,315.097,165.877,112,130,1.2,1
trayectoria,5.04,3,453.498,63.2721,-119,110,0.8,1
trayectoria,5.05,0,279.55,484.1,105,-120,1,1
trayectoria,5.05,1,411.596,380.576,-126,-140,1.5,1
trayectoria,5.05,2,316.217,167.177,112,130,1.2,1
trayectoria,5.05,3,452.308,64.3721,-119,110,0.8,1
trayectoria,5.06,0,280.6,482.9,105,-120,1,1
trayectoria,5.06,1,410.336,379.176,-126,-140,1.5,1
trayectoria,5.06,2,317.337,168.477,112,130,1.2,1
trayectoria,5.06,3,451.118,65.4721,-119,110,0.8,1
trayectoria,5.07,0,281.65,481.7,105,-120,1,1
trayectoria,5.07,1,409.076,377.776,-126,-140,1.5,1
trayectoria,5.07,2,318.457,169.777,112,130,1.2,1
trayectoria,5.07,3,449.928,66.5721,-119,110,0.8,1
trayectoria,5.08,0,282.7,480.5,105,-120,1,1
trayectoria,5.08,1,407.816,376.376,-126,-140,1.5,1
trayectoria,5.08,2,319.577,171.077,112,130,1.2,1
trayectoria,5.08,3,448.738,67.6721,-119,110,0.8,1
trayectoria,5.09,0,283.75,479.3,105,-120,1,1
trayectoria,5.09,1,406.556,374.976,-126,-140,1.5,1
trayectoria,5.09,2,320.697,172.377,112,130,1.2,1
trayectoria,5.09,3,447.548,68.7721,-119,110,0.8,1
trayectoria,5.1,0,284.8,478.1,105,-120,1,1
trayectoria,5.1,1,405.296,373.576,-126,-140,1.5,1
trayectoria,5.1,2,321.817,173.677,112,130,1.2,1
trayectoria,5.1,3,446.358,69.8721,-119,110,0.8,1
trayectoria,5.11,0,285.85,476.9,105,-120,1,1
trayectoria,5.11,1,404.036,372.176,-126,-140,1.5,1
trayectoria,5.11,2,322.937,174.977,112,130,1.2,1
trayectoria,5.11,3,445.168,70.9721,-119,110,0.8,1
trayectoria,5.12,0,286.9,475.7,105,-120,1,1
trayectoria,5.12,1,402.776,370.776,-126,-140,1.5,1
trayectoria,5.12,2,324.057,176.277,112,130,1.2,1
trayectoria,5.12,3,443.978,72.0721,-119,110,0.8,1
trayectoria,5.13,0,287.95,474.5,105,-120,1,1
trayectoria,5.13,1,401.516,369.376,-126,-140,1.5,1
trayectoria,5.13,2,325.177,177.577,112,130,1.2,1
trayectoria,5.13,3,442.788,73.1721,-119,110,0.8,1
trayectoria,5.14,0,289,473.3,105,-120,1,1
trayectoria,5.14,1,400.256,367.976,-126,-140,1.5,1
trayectoria,5.14,2,326.297,178.877,112,130,1.2,1
trayectoria,5.14,3,441.598,74.2721,-119,110,0.8,1
trayectoria,5.15,0,290.05,472.1,105,-120,1,1
trayectoria,5.15,1,398.996,366.576,-126,-140,1.5,1
trayectoria,5.15,2,327.417,180.177,112,130,1.2,1
trayectoria,5.15,3,440.408,75.3721,-119,110,0.8,1
trayectoria,5.16,0,291.1,470.9,105,-120,1,1
trayectoria,5.16,1,397.736,365.176,-126,-140,1.5,1
trayectoria,5.16,2,328.537,181.477,112,130,1.2,1
trayectoria,5.16,3,439.218,76.4721,-119,110,0.8,1
trayectoria,5.17,0,292.15,469.7,105,-120,1,1
trayectoria,5.17,1,396.476,363.776,-126,-140,1.5,1
trayectoria,5.17,2,329.657,182.777,112,130,1.2,1
trayectoria,5.17,3,438.028,77.5721,-119,110,0.8,1
trayectoria,5.18,0,293.2,468.5,105,-120,1,1
trayectoria,5.18,1,395.216,362.376,-126,-140,1.5,1
trayectoria,5.18,2,330.777,184.077,112,130,1.2,1
trayectoria,5.18,3,436.838,78.6721,-119,110,0.8,1
trayectoria,5.19,0,294.25,467.3,105,-120,1,1
trayectoria,5.19,1,393.956,360.976,-126,-140,1.5,1
trayectoria,5.19,2,331.897,185.377,112,130,1.2,1
trayectoria,5.19,3,435.648,79.7721,-119,110,0.8,1
trayectoria,5.2,0,295.3,466.1,105,-120,1,1
trayectoria,5.2,1,392.696,359.576,-126,-140,1.5,1
trayectoria,5.2,2,333.017,186.677,112,130,1.2,1
trayectoria,5.2,3,434.458,80.8721,-119,110,0.8,1
trayectoria,5.21,0,296.35,464.9,105,-120,1,1
trayectoria,5.21,1,391.436,358.176,-126,-140,1.5,1
trayectoria,5.21,2,334.137,187.977,112,130,1.2,1
trayectoria,5.21,3,433.268,81.9721,-119,110,0.8,1
trayectoria,5.22,0,297.4,463.7,105,-120,1,1
trayectoria,5.22,1,390.176,356.776,-126,-140,1.5,1
trayectoria,5.22,2,335.257,189.277,112,130,1.2,1
trayectoria,5.22,3,432.078,83.0721,-119,110,0.8,1
trayectoria,5.23,0,298.45,462.5,105,-120,1,1
trayectoria,5.23,1,388.916,355.376,-126,-140,1.5,1
trayectoria,5.23,2,336.377,190.577,112,130,1.2,1
trayectoria,5.23,3,430.888,84.1721,-119,110,0.8,1
trayectoria,5.24,0,299.5,461.3,105,-120,1,1
trayectoria,5.24,1,387.656,353.976,-126,-140,1.5,1
trayectoria,5.24,2,337.497,191.877,112,130,1.2,1
trayectoria,5.24,3,429.698,85.2721,-119,110,0.8,1
trayectoria,5.25,0,300.55,460.1,105,-120,1,1
trayectoria,5.25,1,386.396,352.576,-126,-140,1.5,1
trayectoria,5.25,2,338.617,193.177,112,130,1.2,1
trayectoria,5.25,3,428.508,86.3721,-119,110,0.8,1
trayectoria,5.26,0,301.6,458.9,105,-120,1,1
trayectoria,5.26,1,385.136,351.176,-126,-140,1.5,1
trayectoria,5.26,2,339.737,194.477,112,130,1.2,1
trayectoria,5.26,3,427.318,87.4721,-119,110,0.8,1
trayectoria,5.27,0,302.65,457.7,105,-120,1,1
trayectoria,5.27,1,383.876,349.776,-126,-140,1.5,1
trayectoria,5.27,2,340.857,195.777,112,130,1.2,1
trayectoria,5.27,3,426.128,88.5721,-119,110,0.8,1
trayectoria,5.28,0,303.7,456.5,105,-120,1,1
trayectoria,5.28,1,382.616,348.376,-126,-140,1.5,1
trayectoria,5.28,2,341.977,197.077,112,130,1.2,1
trayectoria,5.28,3,424.938,89.6721,-119,110,0.8,1
trayectoria,5.29,0,304.75,455.3,105,-120,1,1
trayectoria,5.29,1,381.356,346.976,-126,-140,1.5,1
trayectoria,5.29,2,343.097,198.377,112,130,1.2,1
trayectoria,5.29,3,423.748,90.7721,-119,110,0.8,1
trayectoria,5.3,0,305.8,454.1,105,-120,1,1
trayectoria,5.3,1,380.096,345.576,-126,-140,1.5,1
trayectoria,5.3,2,344.217,199.677,112,130,1.2,1
trayectoria,5.3,3,422.558,91.8721,-119,110,0.8,1
trayectoria,5.31,0,306.85,452.9,105,-120,1,1
trayectoria,5.31,1,378.836,344.176,-126,-140,1.5,1
trayectoria,5.31,2,345.337,200.977,112,130,1.2,1
trayectoria,5.31,3,421.368,92.9721,-119,110,0.8,1
trayectoria,5.32,0,307.9,451.7,105,-120,1,1
trayectoria,5.32,1,377.576,342.776,-126,-140,1.5,1
trayectoria,5.32,2,346.457,202.277,112,130,1.2,1
trayectoria,5.32,3,420.178,94.0721,-119,110,0.8,1
trayectoria,5.33,0,308.95,450.5,105,-120,1,1
trayectoria,5.33,1,376.316,341.376,-126,-140,1.5,1
trayectoria,5.33,2,347.577,203.577,112,130,1.2,1
trayectoria,5.33,3,418.988,95.1721,-119,110,0.8,1
trayectoria,5.34,0,310,449.3,105,-120,1,1
trayectoria,5.34,1,375.056,339.976,-126,-140,1.5,1
trayectoria,5.34,2,348.697,204.877,112,130,1.2,1
trayectoria,5.34,3,417.798,96.2721,-119,110,0.8,1
trayectoria,5.35,0,311.05,448.1,105,-120,1,1
trayectoria,5.35,1,373.796,338.576,-126,-140,1.5,1
trayectoria,5.35,2,349.817,206.177,112,130,1.2,1
trayectoria,5.35,3,416.608,97.3721,-119,110,0.8,1
trayectoria,5.36,0,312.1,446.9,105,-120,1,1
trayectoria,5.36,1,372.536,337.176,-126,-140,1.5,1
trayectoria,5.36,2,350.937,207.477,112,130,1.2,1
trayectoria,5.36,3,415.418,98.4721,-119,110,0.8,1
trayectoria,5.37,0,313.15,445.7,105,-120,1,1
trayectoria,5.37,1,371.276,335.776,-126,-140,1.5,1
trayectoria,5.37,2,352.057,208.777,112,130,1.2,1
trayectoria,5.37,3,414.228,99.5721,-119,110,0.8,1
trayectoria,5.38,0,314.2,444.5,105,-120,1,1
trayectoria,5.38,1,370.016,334.376,-126,-140,1.5,1
trayectoria,5.38,2,353.177,210.077,112,130,1.2,1
trayectoria,5.38,3,413.038,100.672,-119,110,0.8,1
trayectoria,5.39,0,315.25,443.3,105,-120,1,1
trayectoria,5.39,1,368.756,332.976,-126,-140,1.5,1
trayectoria,5.39,2,354.297,211.377,112,130,1.2,1
trayectoria,5.39,3,411.848,101.772,-119,110,0.8,1
trayectoria,5.4,0,316.3,442.1,105,-120,1,1
trayectoria,5.4,1,367.496,331.576,-126,-140,1.5,1
trayectoria,5.4,2,355.417,212.677,112,130,1.2,1
trayectoria,5.4,3,410.658,102.872,-119,110,0.8,1
trayectoria,5.41,0,317.35,440.9,105,-120,1,1
trayectoria,5.41,1,366.236,330.176,-126,-140,1.5,1
trayectoria,5.41,2,356.537,213.977,112,130,1.2,1
trayectoria,5.41,3,409.468,103.972,-119,110,0.8,1
trayectoria,5.42,0,318.4,439.7,105,-120,1,1
trayectoria,5.42,1,364.976,328.776,-126,-140,1.5,1
trayectoria,5.42,2,357.657,215.277,112,130,1.2,1
trayectoria,5.42,3,408.278,105.072,-119,110,0.8,1
trayectoria,5.43,0,319.45,438.5,105,-120,1,1
trayectoria,5.43,1,363.716,327.376,-126,-140,1.5,1
trayectoria,5.43,2,358.777,216.577,112,130,1.2,1
trayectoria,5.43,3,407.088,106.172,-119,110,0.8,1
trayectoria,5.44,0,320.5,437.3,105,-120,1,1
trayectoria,5.44,1,362.456,325.976,-126,-140,1.5,1
trayectoria,5.44,2,359.897,217.877,112,130,1.2,1
trayectoria,5.44,3,405.898,107.272,-119,110,0.8,1
trayectoria,5.45,0,321.55,436.1,105,-120,1,1
trayectoria,5.45,1,361.196,324.576,-126,-140,1.5,1
trayectoria,5.45,2,361.017,219.177,112,130,1.2,1
trayectoria,5.45,3,404.708,108.372,-119,110,0.8,1
trayectoria,5.46,0,322.6,434.9,105,-120,1,1
trayectoria,5.46,1,359.936,323.176,-126,-140,1.5,1
trayectoria,5.46,2,362.137,220.477,112,130,1.2,1
trayectoria,5.46,3,403.518,109.472,-119,110,0.8,1
trayectoria,5.47,0,323.65,433.7,105,-120,1,1
trayectoria,5.47,1,358.676,321.776,-126,-140,1.5,1
trayectoria,5.47,2,363.257,221.777,112,130,1.2,1
trayectoria,5.47,3,402.328,110.572,-119,110,0.8,1
trayectoria,5.48,0,324.7,432.5,105,-120,1,1
trayectoria,5.48,1,357.416,320.376,-126,-140,1.5,1
trayectoria,5.48,2,364.377,223.077,112,130,1.2,1
trayectoria,5.48,3,401.138,111.672,-119,110,0.8,1
trayectoria,5.49,0,325.75,431.3,105,-120,1,1
trayectoria,5.49,1,356.156,318.976,-126,-140,1.5,1
trayectoria,5.49,2,365.497,224.377,112,130,1.2,1
trayectoria,5.49,3,399.948,112.772,-119,110,0.8,1
trayectoria,5.5,0,326.8,430.1,105,-120,1,1
trayectoria,5.5,1,354.896,317.576,-126,-140,1.5,1
trayectoria,5.5,2,366.617,225.677,112,130,1.2,1
trayectoria,5.5,3,398.758,113.872,-119,110,0.8,1
trayectoria,5.51,0,327.85,428.9,105,-120,1,1
trayectoria,5.51,1,353.636,316.176,-126,-140,1.5,1
trayectoria,5.51,2,367.737,226.977,112,130,1.2,1
trayectoria,5.51,3,397.568,114.972,-119,110,0.8,1
trayectoria,5.52,0,328.9,427.7,105,-120,1,1
trayectoria,5.52,1,352.376,314.776,-126,-140,1.5,1
trayectoria,5.52,2,368.857,228.277,112,130,1.2,1
trayectoria,5.52,3,396.378,116.072,-119,110,0.8,1
trayectoria,5.53,0,329.95,426.5,105,-120,1,1
trayectoria,5.53,1,351.116,313.376,-126,-140,1.5,1
trayectoria,5.53,2,369.977,229.577,112,130,1.2,1
trayectoria,5.53,3,395.188,117.172,-119,110,0.8,1
trayectoria,5.54,0,331,425.3,105,-120,1,1
trayectoria,5.54,1,349.856,311.976,-126,-140,1.5,1
trayectoria,5.54,2,371.097,230.877,112,130,1.2,1
trayectoria,5.54,3,393.998,118.272,-119,110,0.8,1
trayectoria,5.55,0,332.05,424.1,105,-120,1,1
trayectoria,5.55,1,348.596,310.576,-126,-140,1.5,1
trayectoria,5.55,2,372.217,232.177,112,130,1.2,1
trayectoria,5.55,3,392.808,119.372,-119,110,0.8,1
trayectoria,5.56,0,333.1,422.9,105,-120,1,1
trayectoria,5.56,1,347.336,309.176,-126,-140,1.5,1
trayectoria,5.56,2,373.337,233.477,112,130,1.2,1
trayectoria,5.56,3,391.618,120.472,-119,110,0.8,1
trayectoria,5.57,0,334.15,421.7,105,-120,1,1
trayectoria,5.57,1,346.076,307.776,-126,-140,1.5,1
trayectoria,5.57,2,374.457,234.777,112,130,1.2,1
trayectoria,5.57,3,390.428,121.572,-119,110,0.8,1
trayectoria,5.58,0,335.2,420.5,105,-120,1,1
trayectoria,5.58,1,344.816,306.376,-126,-140,1.5,1
trayectoria,5.58,2,375.577,236.077,112,130,1.2,1
trayectoria,5.58,3,389.238,122.672,-119,110,0.8,1
trayectoria,5.59,0,336.25,419.3,105,-120,1,1
trayectoria,5.59,1,343.556,304.976,-126,-140,1.5,1
trayectoria,5.59,2,376.697,237.377,112,130,1.2,1
trayectoria,5.59,3,388.048,123.772,-119,110,0.8,1
trayectoria,5.6,0,337.3,418.1,105,-120,1,1
trayectoria,5.6,1,342.296,303.576,-126,-140,1.5,1
trayectoria,5.6,2,377.817,238.677,112,130,1.2,1
trayectoria,5.6,3,386.858,124.872,-119,110,0.8,1
trayectoria,5.61,0,338.35,416.9,105,-120,1,1
trayectoria,5.61,1,341.036,302.176,-126,-140,1.5,1
trayectoria,5.61,2,378.937,239.977,112,130,1.2,1
trayectoria,5.61,3,385.668,125.972,-119,110,0.8,1
trayectoria,5.62,0,339.4,415.7,105,-120,1,1
trayectoria,5.62,1,339.776,300.776,-126,-140,1.5,1
trayectoria,5.62,2,380.057,241.277,112,130,1.2,1
trayectoria,5.62,3,384.478,127.072,-119,110,0.8,1
trayectoria,5.63,0,340.45,414.5,105,-120,1,1
trayectoria,5.63,1,338.516,299.376,-126,-140,1.5,1
trayectoria,5.63,2,381.177,242.577,112,130,1.2,1
trayectoria,5.63,3,383.288,128.172,-119,110,0.8,1
trayectoria,5.64,0,341.5,413.3,105,-120,1,1
trayectoria,5.64,1,337.256,297.976,-126,-140,1.5,1
trayectoria,5.64,2,382.297,243.877,112,130,1.2,1
trayectoria,5.64,3,382.098,129.272,-119,110,0.8,1
trayectoria,5.65,0,342.55,412.1,105,-120,1,1
trayectoria,5.65,1,335.996,296.576,-126,-140,1.5,1
trayectoria,5.65,2,383.417,245.177,112,130,1.2,1
trayectoria,5.65,3,380.908,130.372,-119,110,0.8,1
trayectoria,5.66,0,343.6,410.9,105,-120,1,1
trayectoria,5.66,1,334.736,295.176,-126,-140,1.5,1
trayectoria,5.66,2,384.537,246.477,112,130,1.2,1
trayectoria,5.66,3,379.718,131.472,-119,110,0.8,1
trayectoria,5.67,0,344.65,409.7,105,-120,1,1
trayectoria,5.67,1,333.476,293.776,-126,-140,1.5,1
trayectoria,5.67,2,385.657,247.777,112,130,1.2,1
trayectoria,5.67,3,378.528,132.572,-119,110,0.8,1
trayectoria,5.68,0,345.7,408.5,105,-120,1,1
trayectoria,5.68,1,332.216,292.376,-126,-140,1.5,1
trayectoria,5.68,2,386.777,249.077,112,130,1.2,1
trayectoria,5.68,3,377.338,133.672,-119,110,0.8,1
trayectoria,5.69,0,346.75,407.3,105,-120,1,1
trayectoria,5.69,1,330.956,290.976,-126,-140,1.5,1
trayectoria,5.69,2,387.897,250.377,112,130,1.2,1
trayectoria,5.69,3,376.148,134.772,-119,110,0.8,1
trayectoria,5.7,0,347.8,406.1,105,-120,1,1
trayectoria,5.7,1,329.696,289.576,-126,-140,1.5,1
trayectoria,5.7,2,389.017,251.677,112,130,1.2,1
trayectoria,5.7,3,374.958,135.872,-119,110,0.8,1
trayectoria,5.71,0,348.85,404.9,105,-120,1,1
trayectoria,5.71,1,328.436,288.176,-126,-140,1.5,1
trayectoria,5.71,2,390.137,252.977,112,130,1.2,1
trayectoria,5.71,3,373.768,136.972,-119,110,0.8,1
trayectoria,5.72,0,349.9,403.7,105,-120,1,1
trayectoria,5.72,1,327.176,286.776,-126,-140,1.5,1
trayectoria,5.72,2,391.257,254.277,112,130,1.2,1
trayectoria,5.72,3,372.578,138.072,-119,110,0.8,1
trayectoria,5.73,0,350.95,402.5,105,-120,1,1
trayectoria,5.73,1,325.916,285.376,-126,-140,1.5,1
trayectoria,5.73,2,392.377,255.577,112,130,1.2,1
trayectoria,5.73,3,371.388,139.172,-119,110,0.8,1
trayectoria,5.74,0,352,401.3,105,-120,1,1
trayectoria,5.74,1,324.656,283.976,-126,-140,1.5,1
trayectoria,5.74,2,393.497,256.877,112,130,1.2,1
trayectoria,5.74,3,370.198,140.272,-119,110,0.8,1
trayectoria,5.75,0,353.05,400.1,105,-120,1,1
trayectoria,5.75,1,323.396,282.576,-126,-140,1.5,1
trayectoria,5.75,2,394.617,258.177,112,130,1.2,1
trayectoria,5.75,3,369.008,141.372,-119,110,0.8,1
trayectoria,5.76,0,354.1,398.9,105,-120,1,1
trayectoria,5.76,1,322.136,281.176,-126,-140,1.5,1
trayectoria,5.76,2,395.737,259.477,112,130,1.2,1
trayectoria,5.76,3,367.818,142.472,-119,110,0.8,1
trayectoria,5.77,0,355.15,397.7,105,-120,1,1
trayectoria,5.77,1,320.876,279.776,-126,-140,1.5,1
trayectoria,5.77,2,396.857,260.777,112,130,1.2,1
trayectoria,5.77,3,366.628,143.572,-119,110,0.8,1
trayectoria,5.78,0,356.2,396.5,105,-120,1,1
trayectoria,5.78,1,319.616,278.376,-126,-140,1.5,1
trayectoria,5.78,2,397.977,262.077,112,130,1.2,1
trayectoria,5.78,3,365.438,144.672,-119,110,0.8,1
trayectoria,5.79,0,357.25,395.3,105,-120,1,1
trayectoria,5.79,1,318.356,276.976,-126,-140,1.5,1
trayectoria,5.79,2,399.097,263.377,112,130,1.2,1
trayectoria,5.79,3,364.248,145.772,-119,110,0.8,1
trayectoria,5.8,0,358.3,394.1,105,-120,1,1
trayectoria,5.8,1,317.096,275.576,-126,-140,1.5,1
trayectoria,5.8,2,400.217,264.677,112,130,1.2,1
trayectoria,5.8,3,363.058,146.872,-119,110,0.8,1
trayectoria,5.81,0,359.35,392.9,105,-120,1,1
trayectoria,5.81,1,315.836,274.176,-126,-140,1.5,1
trayectoria,5.81,2,401.337,265.977,112,130,1.2,1
trayectoria,5.81,3,361.868,147.972,-119,110,0.8,1
trayectoria,5.82,0,360.4,391.7,105,-120,1,1
trayectoria,5.82,1,314.576,272.776,-126,-140,1.5,1
trayectoria,5.82,2,402.457,267.277,112,130,1.2,1
trayectoria,5.82,3,360.678,149.072,-119,110,0.8,1
trayectoria,5.83,0,361.45,390.5,105,-120,1,1
trayectoria,5.83,1,313.316,271.376,-126,-140,1.5,1
trayectoria,5.83,2,403.577,268.577,112,130,1.2,1
trayectoria,5.83,3,359.488,150.172,-119,110,0.8,1
trayectoria,5.84,0,362.5,389.3,105,-120,1,1
trayectoria,5.84,1,312.056,269.976,-126,-140,1.5,1
trayectoria,5.84,2,404.697,269.877,112,130,1.2,1
trayectoria,5.84,3,358.298,151.272,-119,110,0.8,1
trayectoria,5.85,0,363.55,388.1,105,-120,1,1
trayectoria,5.85,1,310.796,268.576,-126,-140,1.5,1
trayectoria,5.85,2,405.817,271.177,112,130,1.2,1
trayectoria,5.85,3,357.108,152.372,-119,110,0.8,1
trayectoria,5.86,0,364.6,386.9,105,-120,1,1
trayectoria,5.86,1,309.536,267.176,-126,-140,1.5,1
trayectoria,5.86,2,406.937,272.477,112,130,1.2,1
trayectoria,5.86,3,355.918,153.472,-119,110,0.8,1
trayectoria,5.87,0,365.65,385.7,105,-120,1,1
trayectoria,5.87,1,308.276,265.776,-126,-140,1.5,1
trayectoria,5.87,2,408.057,273.777,112,130,1.2,1
trayectoria,5.87,3,354.728,154.572,-119,110,0.8,1
trayectoria,5.88,0,366.7,384.5,105,-120,1,1
trayectoria,5.88,1,307.016,264.376,-126,-140,1.5,1
trayectoria,5.88,2,409.177,275.077,112,130,1.2,1
trayectoria,5.88,3,353.538,155.672,-119,110,0.8,1
trayectoria,5.89,0,367.75,383.3,105,-120,1,1
trayectoria,5.89,1,305.756,262.976,-126,-140,1.5,1
trayectoria,5.89,2,410.297,276.377,112,130,1.2,1
trayectoria,5.89,3,352.348,156.772,-119,110,0.8,1
trayectoria,5.9,0,368.8,382.1,105,-120,1,1
trayectoria,5.9,1,304.496,261.576,-126,-140,1.5,1
trayectoria,5.9,2,411.417,277.677,112,130,1.2,1
trayectoria,5.9,3,351.158,157.872,-119,110,0.8,1
trayectoria,5.91,0,369.85,380.9,105,-120,1,1
trayectoria,5.91,1,303.236,260.176,-126,-140,1.5,1
trayectoria,5.91,2,412.537,278.977,112,130,1.2,1
trayectoria,5.91,3,349.968,158.972,-119,110,0.8,1
trayectoria,5.92,0,370.9,379.7,105,-120,1,1
trayectoria,5.92,1,301.976,258.776,-126,-140,1.5,1
trayectoria,5.92,2,413.657,280.277,112,130,1.2,1
trayectoria,5.92,3,348.778,160.072,-119,110,0.8,1
trayectoria,5.93,0,371.95,378.5,105,-120,1,1
trayectoria,5.93,1,300.716,257.376,-126,-140,1.5,1
trayectoria,5.93,2,414.777,281.577,112,130,1.2,1
trayectoria,5.93,3,347.588,161.172,-119,110,0.8,1
trayectoria,5.94,0,373,377.3,105,-120,1,1
trayectoria,5.94,1,299.456,255.976,-126,-140,1.5,1
trayectoria,5.94,2,415.897,282.877,112,130,1.2,1
trayectoria,5.94,3,346.398,162.272,-119,110,0.8,1
trayectoria,5.95,0,374.05,376.1,105,-120,1,1
trayectoria,5.95,1,298.196,254.576,-126,-140,1.5,1
trayectoria,5.95,2,417.017,284.177,112,130,1.2,1
trayectoria,5.95,3,345.208,163.372,-119,110,0.8,1
trayectoria,5.96,0,375.1,374.9,105,-120,1,1
trayectoria,5.96,1,296.936,253.176,-126,-140,1.5,1
trayectoria,5.96,2,418.137,285.477,112,130,1.2,1
trayectoria,5.96,3,344.018,164.472,-119,110,0.8,1
trayectoria,5.97,0,376.15,373.7,105,-120,1,1
trayectoria,5.97,1,295.676,251.776,-126,-140,1.5,1
trayectoria,5.97,2,419.257,286.777,112,130,1.2,1
trayectoria,5.97,3,342.828,165.572,-119,110,0.8,1
trayectoria,5.98,0,377.2,372.5,105,-120,1,1
trayectoria,5.98,1,294.416,250.376,-126,-140,1.5,1
trayectoria,5.98,2,420.377,288.077,112,130,1.2,1
trayectoria,5.98,3,341.638,166.672,-119,110,0.8,1
trayectoria,5.99,0,378.25,371.3,105,-120,1,1
trayectoria,5.99,1,293.156,248.976,-126,-140,1.5,1
trayectoria,5.99,2,421.497,289.377,112,130,1.2,1
trayectoria,5.99,3,340.448,167.772,-119,110,0.8,1
trayectoria,6,0,379.3,370.1,105,-120,1,1
trayectoria,6,1,291.896,247.576,-126,-140,1.5,1
trayectoria,6,2,422.617,290.677,112,130,1.2,1
trayectoria,6,3,339.258,168.872,-119,110,0.8,1
trayectoria,6.01,0,380.35,368.9,105,-120,1,1
trayectoria,6.01,1,290.636,246.176,-126,-140,1.5,1
trayectoria,6.01,2,423.737,291.977,112,130,1.2,1
trayectoria,6.01,3,338.068,169.972,-119,110,0.8,1
trayectoria,6.02,0,381.4,367.7,105,-120,1,1
trayectoria,6.02,1,289.376,244.776,-126,-140,1.5,1
trayectoria,6.02,2,424.857,293.277,112,130,1.2,1
trayectoria,6.02,3,336.878,171.072,-119,110,0.8,1
trayectoria,6.03,0,382.45,366.5,105,-120,1,1
trayectoria,6.03,1,288.116,243.376,-126,-140,1.5,1
trayectoria,6.03,2,425.977,294.577,112,130,1.2,1
trayectoria,6.03,3,335.688,172.172,-119,110,0.8,1
trayectoria,6.04,0,383.5,365.3,105,-120,1,1
trayectoria,6.04,1,286.856,241.976,-126,-140,1.5,1
trayectoria,6.04,2,427.097,295.877,112,130,1.2,1
trayectoria,6.04,3,334.498,173.272,-119,110,0.8,1
trayectoria,6.05,0,384.55,364.1,105,-120,1,1
trayectoria,6.05,1,285.596,240.576,-126,-140,1.5,1
trayectoria,6.05,2,428.217,297.177,112,130,1.2,1
trayectoria,6.05,3,333.308,174.372,-119,110,0.8,1
trayectoria,6.06,0,385.6,362.9,105,-120,1,1
trayectoria,6.06,1,284.336,239.176,-126,-140,1.5,1
trayectoria,6.06,2,429.337,298.477,112,130,1.2,1
trayectoria,6.06,3,332.118,175.472,-119,110,0.8,1
trayectoria,6.07,0,386.65,361.7,105,-120,1,1
trayectoria,6.07,1,283.076,237.776,-126,-140,1.5,1
trayectoria,6.07,2,430.457,299.777,112,130,1.2,1
trayectoria,6.07,3,330.928,176.572,-119,110,0.8,1
trayectoria,6.08,0,387.7,360.5,105,-120,1,1
trayectoria,6.08,1,281.816,236.376,-126,-140,1.5,1
trayectoria,6.08,2,431.577,301.077,112,130,1.2,1
trayectoria,6.08,3,329.738,177.672,-119,110,0.8,1
trayectoria,6.09,0,388.75,359.3,105,-120,1,1
trayectoria,6.09,1,287.124,234.976,88.2,-140,1.5,1
trayectoria,6.09,2,432.697,302.377,112,130,1.2,1
trayectoria,6.09,3,328.548,178.772,-119,110,0.8,1
trayectoria,6.1,0,389.8,358.1,105,-120,1,1
trayectoria,6.1,1,288.006,233.576,88.2,-140,1.5,1
trayectoria,6.1,2,433.817,303.677,112,130,1.2,1
trayectoria,6.1,3,327.358,179.872,-119,110,0.8,1
trayectoria,6.11,0,390.85,356.9,105,-120,1,1
trayectoria,6.11,1,288.888,232.176,88.2,-140,1.5,1
trayectoria,6.11,2,434.937,304.977,112,130,1.2,1
trayectoria,6.11,3,326.168,180.972,-119,110,0.8,1
trayectoria,6.12,0,391.9,355.7,105,-120,1,1
trayectoria,6.12,1,289.77,230.776,88.2,-140,1.5,1
trayectoria,6.12,2,436.057,306.277,112,130,1.2,1
trayectoria,6.12,3,324.978,182.072,-119,110,0.8,1
trayectoria,6.13,0,392.95,354.5,105,-120,1,1
trayectoria,6.13,1,290.652,229.376,88.2,-140,1.5,1
trayectoria,6.13,2,437.177,307.577,112,130,1.2,1
trayectoria,6.13,3,323.788,183.172,-119,110,0.8,1
trayectoria,6.14,0,394,353.3,105,-120,1,1
trayectoria,6.14,1,291.534,227.976,88.2,-140,1.5,1
trayectoria,6.14,2,438.297,308.877,112,130,1.2,1
trayectoria,6.14,3,322.598,184.272,-119,110,0.8,1
trayectoria,6.15,0,395.05,352.1,105,-120,1,1
trayectoria,6.15,1,292.416,226.576,88.2,-140,1.5,1
trayectoria,6.15,2,439.417,310.177,112,130,1.2,1
trayectoria,6.15,3,321.408,185.372,-119,110,0.8,1
trayectoria,6.16,0,396.1,350.9,105,-120,1,1
trayectoria,6.16,1,293.298,225.176,88.2,-140,1.5,1
trayectoria,6.16,2,440.537,311.477,112,130,1.2,1
trayectoria,6.16,3,320.218,186.472,-119,110,0.8,1
trayectoria,6.17,0,397.15,349.7,105,-120,1,1
trayectoria,6.17,1,294.18,223.776,88.2,-140,1.5,1
trayectoria,6.17,2,441.657,312.777,112,130,1.2,1
trayectoria,6.17,3,319.028,187.572,-119,110,0.8,1
trayectoria,6.18,0,398.2,348.5,105,-120,1,1
trayectoria,6.18,1,295.062,222.376,88.2,-140,1.5,1
trayectoria,6.18,2,442.777,314.077,112,130,1.2,1
trayectoria,6.18,3,317.838,188.672,-119,110,0.8,1
trayectoria,6.19,0,399.25,347.3,105,-120,1,1
trayectoria,6.19,1,295.944,220.976,88.2,-140,1.5,1
trayectoria,6.19,2,443.897,315.377,112,130,1.2,1
trayectoria,6.19,3,316.648,189.772,-119,110,0.8,1
trayectoria,6.2,0,400.3,346.1,105,-120,1,1
trayectoria,6.2,1,296.826,219.576,88.2,-140,1.5,1
trayectoria,6.2,2,445.017,316.677,112,130,1.2,1
trayectoria,6.2,3,315.458,190.872,-119,110,0.8,1
trayectoria,6.21,0,401.35,344.9,105,-120,1,1
trayectoria,6.21,1,297.708,218.176,88.2,-140,1.5,1
trayectoria,6.21,2,446.137,317.977,112,130,1.2,1
trayectoria,6.21,3,314.268,191.972,-119,110,0.8,1
trayectoria,6.22,0,402.4,343.7,105,-120,1,1
trayectoria,6.22,1,298.59,216.776,88.2,-140,1.5,1
trayectoria,6.22,2,447.257,319.277,112,130,1.2,1
trayectoria,6.22,3,313.078,193.072,-119,110,0.8,1
trayectoria,6.23,0,403.45,342.5,105,-120,1,1
trayectoria,6.23,1,299.472,215.376,88.2,-140,1.5,1
trayectoria,6.23,2,448.377,320.577,112,130,1.2,1
trayectoria,6.23,3,311.888,194.172,-119,110,0.8,1
trayectoria,6.24,0,404.5,341.3,105,-120,1,1
trayectoria,6.24,1,300.354,213.976,88.2,-140,1.5,1
trayectoria,6.24,2,449.497,321.877,112,130,1.2,1
trayectoria,6.24,3,310.698,195.272,-119,110,0.8,1
trayectoria,6.25,0,405.55,340.1,105,-120,1,1
trayectoria,6.25,1,301.236,212.576,88.2,-140,1.5,1
trayectoria,6.25,2,450.617,323.177,112,130,1.2,1
trayectoria,6.25,3,309.508,196.372,-119,110,0.8,1
trayectoria,6.26,0,406.6,338.9,105,-120,1,1
trayectoria,6.26,1,302.118,211.176,88.2,-140,1.5,1
trayectoria,6.26,2,451.737,324.477,112,130,1.2,1
trayectoria,6.26,3,308.318,197.472,-119,110,0.8,1
trayectoria,6.27,0,407.65,337.7,105,-120,1,1
trayectoria,6.27,1,303,209.776,88.2,-140,1.5,1
trayectoria,6.27,2,452.857,325.777,112,130,1.2,1
trayectoria,6.27,3,307.128,198.572,-119,110,0.8,1
trayectoria,6.28,0,408.7,336.5,105,-120,1,1
trayectoria,6.28,1,304.597,205.349,16.1304,-53.0435,2.3,1
trayectoria,6.28,2,453.977,327.077,112,130,1.2,1
trayectoria,6.28,3,305.938,199.672,-119,110,0.8,0
trayectoria,6.29,0,409.75,335.3,105,-120,1,1
trayectoria,6.29,1,304.758,204.818,16.1304,-53.0435,2.3,1
trayectoria,6.29,2,455.097,328.377,112,130,1.2,1
trayectoria,6.29,3,305.938,199.672,-119,110,0.8,0
trayectoria,6.3,0,410.8,334.1,105,-120,1,1
trayectoria,6.3,1,304.92,204.288,16.1304,-53.0435,2.3,1
trayectoria,6.3,2,456.217,329.677,112,130,1.2,1
trayectoria,6.3,3,305.938,199.672,-119,110,0.8,0
trayectoria,6.31,0,411.85,332.9,105,-120,1,1
trayectoria,6.31,1,305.081,203.757,16.1304,-53.0435,2.3,1
trayectoria,6.31,2,457.337,330.977,112,130,1.2,1
trayectoria,6.31,3,305.938,199.672,-119,110,0.8,0
trayectoria,6.32,0,412.9,331.7,105,-120,1,1
trayectoria,6.32,1,305.242,203.227,16.1304,-53.0435,2.3,1
trayectoria,6.32,2,458.457,332.277,112,130,1.2,1
trayectoria,6.32,3,305.938,199.672,-119,110,0.8,0
trayectoria,6.33,0,413.95,330.5,105,-120,1,1
trayectoria,6.33,1,305.403,202.697,16.1304,-53.0435,2.3,1
trayectoria,6.33,2,459.577,333.577,112,130,1.2,1
trayectoria,6.33,3,305.938,199.672,-119,110,0.8,0
trayectoria,6.34,0,415,329.3,105,-120,1,1
trayectoria,6.34,1,305.565,202.166,16.1304,-53.0435,2.3,1
trayectoria,6.34,2,460.697,334.877,112,130,1.2,1
trayectoria,6.34,3,305.938,199.672,-119,110,0.8,0
trayectoria,6.35,0,416.05,328.1,105,-120,1,1
trayectoria,6.35,1,305.726,201.636,16.1304,-53.0435,2.3,1
trayectoria,6.35,2,461.817,336.177,112,130,1.2,1
trayectoria,6.35,3,305.938,199.672,-119,110,0.8,0
trayectoria,6.36,0,417.1,326.9,105,-120,1,1
trayectoria,6.36,1,305.887,201.105,16.1304,-53.0435,2.3,1
trayectoria,6.36,2,462.937,337.477,112,130,1.2,1
trayectoria,6.36,3,305.938,199.672,-119,110,0.8,0
trayectoria,6.37,0,418.15,325.7,105,-120,1,1
trayectoria,6.37,1,306.049,200.575,16.1304,-53.0435,2.3,1
trayectoria,6.37,2,464.057,338.777,112,130,1.2,1
trayectoria,6.37,3,305.938,199.672,-119,110,0.8,0
trayectoria,6.38,0,419.2,324.5,105,-120,1,1
trayectoria,6.38,1,306.21,200.044,16.1304,-53.0435,2.3,1
trayectoria,6.38,2,465.177,340.077,112,130,1.2,1
trayectoria,6.38,3,305.938,199.672,-119,110,0.8,0
trayectoria,6.39,0,420.25,323.3,105,-120,1,1
trayectoria,6.39,1,306.371,199.514,16.1304,-53.0435,2.3,1
trayectoria,6.39,2,466.297,341.377,112,130,1.2,1
trayectoria,6.39,3,305.938,199.672,-119,110,0.8,0
trayectoria,6.4,0,421.3,322.1,105,-120,1,1
trayectoria,6.4,1,306.533,198.984,16.1304,-53.0435,2.3,1
trayectoria,6.4,2,467.417,342.677,112,130,1.2,1
trayectoria,6.4,3,305.938,199.672,-119,110,0.8,0
trayectoria,6.41,0,422.35,320.9,105,-120,1,1
trayectoria,6.41,1,306.694,198.453,16.1304,-53.0435,2.3,1
trayectoria,6.41,2,468.537,343.977,112,130,1.2,1
trayectoria,6.41,3,305.938,199.672,-119,110,0.8,0
trayectoria,6.42,0,423.4,319.7,105,-120,1,1
trayectoria,6.42,1,306.855,197.923,16.1304,-53.0435,2.3,1
trayectoria,6.42,2,469.657,345.277,112,130,1.2,1
trayectoria,6.42,3,305.938,199.672,-119,110,0.8,0
trayectoria,6.43,0,424.45,318.5,105,-120,1,1
trayectoria,6.43,1,307.016,197.392,16.1304,-53.0435,2.3,1
trayectoria,6.43,2,470.777,346.577,112,130,1.2,1
trayectoria,6.43,3,305.938,199.672,-119,110,0.8,0
trayectoria,6.44,0,425.5,317.3,105,-120,1,1
trayectoria,6.44,1,307.178,196.862,16.1304,-53.0435,2.3,1
trayectoria,6.44,2,471.897,347.877,112,130,1.2,1
trayectoria,6.44,3,305.938,199.672,-119,110,0.8,0
trayectoria,6.45,0,426.55,316.1,105,-120,1,1
trayectoria,6.45,1,307.339,196.331,16.1304,-53.0435,2.3,1
trayectoria,6.45,2,473.017,349.177,112,130,1.2,1
trayectoria,6.45,3,305.938,199.672,-119,110,0.8,0
trayectoria,6.46,0,427.6,314.9,105,-120,1,1
trayectoria,6.46,1,307.5,195.801,16.1304,-53.0435,2.3,1
trayectoria,6.46,2,474.137,350.477,112,130,1.2,1
trayectoria,6.46,3,305.938,199.672,-119,110,0.8,0
trayectoria,6.47,0,428.65,313.7,105,-120,1,1
trayectoria,6.47,1,307.662,195.27,16.1304,-53.0435,2.3,1
trayectoria,6.47,2,475.257,351.777,112,130,1.2,1
trayectoria,6.47,3,305.938,199.672,-119,110,0.8,0
trayectoria,6.48,0,429.7,312.5,105,-120,1,1
trayectoria,6.48,1,307.823,194.74,16.1304,-53.0435,2.3,1
trayectoria,6.48,2,476.377,353.077,112,130,1.2,1
trayectoria,6.48,3,305.938,199.672,-119,110,0.8,0
trayectoria,6.49,0,430.75,311.3,105,-120,1,1
trayectoria,6.49,1,307.984,194.21,16.1304,-53.0435,2.3,1
trayectoria,6.49,2,477.497,354.377,112,130,1.2,1
trayectoria,6.49,3,305.938,199.672,-119,110,0.8,0
trayectoria,6.5,0,431.8,310.1,105,-120,1,1
trayectoria,6.5,1,308.146,193.679,16.1304,-53.0435,2.3,1
trayectoria,6.5,2,478.617,355.677,112,130,1.2,1
trayectoria,6.5,3,305.938,199.672,-119,110,0.8,0
trayectoria,6.51,0,432.85,308.9,105,-120,1,1
trayectoria,6.51,1,308.307,193.149,16.1304,-53.0435,2.3,1
trayectoria,6.51,2,479.737,356.977,112,130,1.2,1
trayectoria,6.51,3,305.938,199.672,-119,110,0.8,0
trayectoria,6.52,0,433.9,307.7,105,-120,1,1
trayectoria,6.52,1,308.468,192.618,16.1304,-53.0435,2.3,1
trayectoria,6.52,2,480.857,358.277,112,130,1.2,1
trayectoria,6.52,3,305.938,199.672,-119,110,0.8,0
trayectoria,6.53,0,434.95,306.5,105,-120,1,1
trayectoria,6.53,1,308.63,192.088,16.1304,-53.0435,2.3,1
trayectoria,6.53,2,481.977,359.577,112,130,1.2,1
trayectoria,6.53,3,305.938,199.672,-119,110,0.8,0
trayectoria,6.54,0,436,305.3,105,-120,1,1
trayectoria,6.54,1,308.791,191.557,16.1304,-53.0435,2.3,1
trayectoria,6.54,2,483.097,360.877,112,130,1.2,1
trayectoria,6.54,3,305.938,199.672,-119,110,0.8,0
trayectoria,6.55,0,437.05,304.1,105,-120,1,1
trayectoria,6.55,1,308.952,191.027,16.1304,-53.0435,2.3,1
trayectoria,6.55,2,484.217,362.177,112,130,1.2,1
trayectoria,6.55,3,305.938,199.672,-119,110,0.8,0
trayectoria,6.56,0,438.1,302.9,105,-120,1,1
trayectoria,6.56,1,309.113,190.497,16.1304,-53.0435,2.3,1
trayectoria,6.56,2,485.337,363.477,112,130,1.2,1
trayectoria,6.56,3,305.938,199.672,-119,110,0.8,0
trayectoria,6.57,0,439.15,301.7,105,-120,1,1
trayectoria,6.57,1,309.275,189.966,16.1304,-53.0435,2.3,1
trayectoria,6.57,2,486.457,364.777,112,130,1.2,1
trayectoria,6.57,3,305.938,199.672,-119,110,0.8,0
trayectoria,6.58,0,440.2,300.5,105,-120,1,1
trayectoria,6.58,1,309.436,189.436,16.1304,-53.0435,2.3,1
trayectoria,6.58,2,487.577,366.077,112,130,1.2,1
trayectoria,6.58,3,305.938,199.672,-119,110,0.8,0
trayectoria,6.59,0,441.25,299.3,105,-120,1,1
trayectoria,6.59,1,309.597,188.905,16.1304,-53.0435,2.3,1
trayectoria,6.59,2,488.697,367.377,112,130,1.2,1
trayectoria,6.59,3,305.938,199.672,-119,110,0.8,0
trayectoria,6.6,0,442.3,298.1,105,-120,1,1
trayectoria,6.6,1,309.759,188.375,16.1304,-53.0435,2.3,1
trayectoria,6.6,2,489.817,368.677,112,130,1.2,1
trayectoria,6.6,3,305.938,199.672,-119,110,0.8,0
trayectoria,6.61,0,443.35,296.9,105,-120,1,1
trayectoria,6.61,1,309.92,187.844,16.1304,-53.0435,2.3,1
trayectoria,6.61,2,490.937,369.977,112,130,1.2,1
trayectoria,6.61,3,305.938,199.672,-119,110,0.8,0
trayectoria,6.62,0,444.4,295.7,105,-120,1,1
trayectoria,6.62,1,310.081,187.314,16.1304,-53.0435,2.3,1
trayectoria,6.62,2,492.057,371.277,112,130,1.2,1
trayectoria,6.62,3,305.938,199.672,-119,110,0.8,0
trayectoria,6.63,0,445.45,294.5,105,-120,1,1
trayectoria,6.63,1,310.243,186.784,16.1304,-53.0435,2.3,1
trayectoria,6.63,2,493.177,372.577,112,130,1.2,1
trayectoria,6.63,3,305.938,199.672,-119,110,0.8,0
trayectoria,6.64,0,446.5,293.3,105,-120,1,1
trayectoria,6.64,1,310.404,186.253,16.1304,-53.0435,2.3,1
trayectoria,6.64,2,494.297,373.877,112,130,1.2,1
trayectoria,6.64,3,305.938,199.672,-119,110,0.8,0
trayectoria,6.65,0,447.55,292.1,105,-120,1,1
trayectoria,6.65,1,310.565,185.723,16.1304,-53.0435,2.3,1
trayectoria,6.65,2,495.417,375.177,112,130,1.2,1
trayectoria,6.65,3,305.938,199.672,-119,110,0.8,0
trayectoria,6.66,0,448.6,290.9,105,-120,1,1
trayectoria,6.66,1,310.726,185.192,16.1304,-53.0435,2.3,1
trayectoria,6.66,2,496.537,376.477,112,130,1.2,1
trayectoria,6.66,3,305.938,199.672,-119,110,0.8,0
trayectoria,6.67,0,449.65,289.7,105,-120,1,1
trayectoria,6.67,1,310.888,184.662,16.1304,-53.0435,2.3,1
trayectoria,6.67,2,497.657,377.777,112,130,1.2,1
trayectoria,6.67,3,305.938,199.672,-119,110,0.8,0
trayectoria,6.68,0,450.7,288.5,105,-120,1,1
trayectoria,6.68,1,311.049,184.131,16.1304,-53.0435,2.3,1
trayectoria,6.68,2,498.777,379.077,112,130,1.2,1
trayectoria,6.68,3,305.938,199.672,-119,110,0.8,0
trayectoria,6.69,0,451.75,287.3,105,-120,1,1
trayectoria,6.69,1,311.21,183.601,16.1304,-53.0435,2.3,1
trayectoria,6.69,2,499.897,380.377,112,130,1.2,1
trayectoria,6.69,3,305.938,199.672,-119,110,0.8,0
trayectoria,6.7,0,452.8,286.1,105,-120,1,1
trayectoria,6.7,1,311.372,183.07,16.1304,-53.0435,2.3,1
trayectoria,6.7,2,501.017,381.677,112,130,1.2,1
trayectoria,6.7,3,305.938,199.672,-119,110,0.8,0
trayectoria,6.71,0,453.85,284.9,105,-120,1,1
trayectoria,6.71,1,311.533,182.54,16.1304,-53.0435,2.3,1
trayectoria,6.71,2,502.137,382.977,112,130,1.2,1
trayectoria,6.71,3,305.938,199.672,-119,110,0.8,0
trayectoria,6.72,0,454.9,283.7,105,-120,1,1
trayectoria,6.72,1,311.694,182.01,16.1304,-53.0435,2.3,1
trayectoria,6.72,2,503.257,384.277,112,130,1.2,1
trayectoria,6.72,3,305.938,199.672,-119,110,0.8,0
trayectoria,6.73,0,455.95,282.5,105,-120,1,1
trayectoria,6.73,1,311.856,181.479,16.1304,-53.0435,2.3,1
trayectoria,6.73,2,504.377,385.577,112,130,1.2,1
trayectoria,6.73,3,305.938,199.672,-119,110,0.8,0
trayectoria,6.74,0,457,281.3,105,-120,1,1
trayectoria,6.74,1,312.017,180.949,16.1304,-53.0435,2.3,1
trayectoria,6.74,2,505.497,386.877,112,130,1.2,1
trayectoria,6.74,3,305.938,199.672,-119,110,0.8,0
trayectoria,6.75,0,458.05,280.1,105,-120,1,1
trayectoria,6.75,1,312.178,180.418,16.1304,-53.0435,2.3,1
trayectoria,6.75,2,506.617,388.177,112,130,1.2,1
trayectoria,6.75,3,305.938,199.672,-119,110,0.8,0
trayectoria,6.76,0,459.1,278.9,105,-120,1,1
trayectoria,6.76,1,312.34,179.888,16.1304,-53.0435,2.3,1
trayectoria,6.76,2,507.737,389.477,112,130,1.2,1
trayectoria,6.76,3,305.938,199.672,-119,110,0.8,0
trayectoria,6.77,0,460.15,277.7,105,-120,1,1
trayectoria,6.77,1,312.501,179.357,16.1304,-53.0435,2.3,1
trayectoria,6.77,2,508.857,390.777,112,130,1.2,1
trayectoria,6.77,3,305.938,199.672,-119,110,0.8,0
trayectoria,6.78,0,461.2,276.5,105,-120,1,1
trayectoria,6.78,1,312.662,178.827,16.1304,-53.0435,2.3,1
trayectoria,6.78,2,509.977,392.077,112,130,1.2,1
trayectoria,6.78,3,305.938,199.672,-119,110,0.8,0
trayectoria,6.79,0,462.25,275.3,105,-120,1,1
trayectoria,6.79,1,312.823,178.297,16.1304,-53.0435,2.3,1
trayectoria,6.79,2,511.097,393.377,112,130,1.2,1
trayectoria,6.79,3,305.938,199.672,-119,110,0.8,0
trayectoria,6.8,0,463.3,274.1,105,-120,1,1
trayectoria,6.8,1,312.985,177.766,16.1304,-53.0435,2.3,1
trayectoria,6.8,2,512.217,394.677,112,130,1.2,1
trayectoria,6.8,3,305.938,199.672,-119,110,0.8,0
trayectoria,6.81,0,464.35,272.9,105,-120,1,1
trayectoria,6.81,1,313.146,177.236,16.1304,-53.0435,2.3,1
trayectoria,6.81,2,513.337,395.977,112,130,1.2,1
trayectoria,6.81,3,305.938,199.672,-119,110,0.8,0
trayectoria,6.82,0,465.4,271.7,105,-120,1,1
trayectoria,6.82,1,313.307,176.705,16.1304,-53.0435,2.3,1
trayectoria,6.82,2,514.457,397.277,112,130,1.2,1
trayectoria,6.82,3,305.938,199.672,-119,110,0.8,0
trayectoria,6.83,0,466.45,270.5,105,-120,1,1
trayectoria,6.83,1,313.469,176.175,16.1304,-53.0435,2.3,1
trayectoria,6.83,2,513.523,398.577,-78.4,130,1.2,1
trayectoria,6.83,3,305.938,199.672,-119,110,0.8,0
trayectoria,6.84,0,467.5,269.3,105,-120,1,1
trayectoria,6.84,1,313.63,175.644,16.1304,-53.0435,2.3,1
trayectoria,6.84,2,512.739,399.877,-78.4,130,1.2,1
trayectoria,6.84,3,305.938,199.672,-119,110,0.8,0
trayectoria,6.85,0,468.55,268.1,105,-120,1,1
trayectoria,6.85,1,313.791,175.114,16.1304,-53.0435,2.3,1
trayectoria,6.85,2,511.955,401.177,-78.4,130,1.2,1
trayectoria,6.85,3,305.938,199.672,-119,110,0.8,0
trayectoria,6.86,0,469.6,266.9,105,-120,1,1
trayectoria,6.86,1,313.953,174.584,16.1304,-53.0435,2.3,1
trayectoria,6.86,2,511.171,402.477,-78.4,130,1.2,1
trayectoria,6.86,3,305.938,199.672,-119,110,0.8,0
trayectoria,6.87,0,470.65,265.7,105,-120,1,1
trayectoria,6.87,1,314.114,174.053,16.1304,-53.0435,2.3,1
trayectoria,6.87,2,510.387,403.777,-78.4,130,1.2,1
trayectoria,6.87,3,305.938,199.672,-119,110,0.8,0
trayectoria,6.88,0,471.7,264.5,105,-120,1,1
trayectoria,6.88,1,314.275,173.523,16.1304,-53.0435,2.3,1
trayectoria,6.88,2,509.603,405.077,-78.4,130,1.2,1
trayectoria,6.88,3,305.938,199.672,-119,110,0.8,0
trayectoria,6.89,0,472.75,263.3,105,-120,1,1
trayectoria,6.89,1,314.436,172.992,16.1304,-53.0435,2.3,1
trayectoria,6.89,2,508.819,406.377,-78.4,130,1.2,1
trayectoria,6.89,3,305.938,199.672,-119,110,0.8,0
trayectoria,6.9,0,473.8,262.1,105,-120,1,1
trayectoria,6.9,1,314.598,172.462,16.1304,-53.0435,2.3,1
trayectoria,6.9,2,508.035,407.677,-78.4,130,1.2,1
trayectoria,6.9,3,305.938,199.672,-119,110,0.8,0
trayectoria,6.91,0,474.85,260.9,105,-120,1,1
trayectoria,6.91,1,314.759,171.931,16.1304,-53.0435,2.3,1
trayectoria,6.91,2,507.251,408.977,-78.4,130,1.2,1
trayectoria,6.91,3,305.938,199.672,-119,110,0.8,0
trayectoria,6.92,0,475.9,259.7,105,-120,1,1
trayectoria,6.92,1,314.92,171.401,16.1304,-53.0435,2.3,1
trayectoria,6.92,2,506.467,410.277,-78.4,130,1.2,1
trayectoria,6.92,3,305.938,199.672,-119,110,0.8,0
trayectoria,6.93,0,476.95,258.5,105,-120,1,1
trayectoria,6.93,1,315.082,170.87,16.1304,-53.0435,2.3,1
trayectoria,6.93,2,505.683,411.577,-78.4,130,1.2,1
trayectoria,6.93,3,305.938,199.672,-119,110,0.8,0
trayectoria,6.94,0,478,257.3,105,-120,1,1
trayectoria,6.94,1,315.243,170.34,16.1304,-53.0435,2.3,1
trayectoria,6.94,2,504.899,412.877,-78.4,130,1.2,1
trayectoria,6.94,3,305.938,199.672,-119,110,0.8,0
trayectoria,6.95,0,479.05,256.1,105,-120,1,1
trayectoria,6.95,1,315.404,169.81,16.1304,-53.0435,2.3,1
trayectoria,6.95,2,504.115,414.177,-78.4,130,1.2,1
trayectoria,6.95,3,305.938,199.672,-119,110,0.8,0
trayectoria,6.96,0,480.1,254.9,105,-120,1,1
trayectoria,6.96,1,315.566,169.279,16.1304,-53.0435,2.3,1
trayectoria,6.96,2,503.331,415.477,-78.4,130,1.2,1
trayectoria,6.96,3,305.938,199.672,-119,110,0.8,0
trayectoria,6.97,0,481.15,253.7,105,-120,1,1
trayectoria,6.97,1,315.727,168.749,16.1304,-53.0435,2.3,1
trayectoria,6.97,2,502.547,416.777,-78.4,130,1.2,1
trayectoria,6.97,3,305.938,199.672,-119,110,0.8,0
trayectoria,6.98,0,482.2,252.5,105,-120,1,1
trayectoria,6.98,1,315.888,168.218,16.1304,-53.0435,2.3,1
trayectoria,6.98,2,501.763,418.077,-78.4,130,1.2,1
trayectoria,6.98,3,305.938,199.672,-119,110,0.8,0
trayectoria,6.99,0,483.25,251.3,105,-120,1,1
trayectoria,6.99,1,316.05,167.688,16.1304,-53.0435,2.3,1
trayectoria,6.99,2,500.979,419.377,-78.4,130,1.2,1
trayectoria,6.99,3,305.938,199.672,-119,110,0.8,0
trayectoria,7,0,484.3,250.1,105,-120,1,1
trayectoria,7,1,316.211,167.157,16.1304,-53.0435,2.3,1
trayectoria,7,2,500.195,420.677,-78.4,130,1.2,1
trayectoria,7,3,305.938,199.672,-119,110,0.8,0
trayectoria,7.01,0,485.35,248.9,105,-120,1,1
trayectoria,7.01,1,316.372,166.627,16.1304,-53.0435,2.3,1
trayectoria,7.01,2,499.411,421.977,-78.4,130,1.2,1
trayectoria,7.01,3,305.938,199.672,-119,110,0.8,0
trayectoria,7.02,0,486.4,247.7,105,-120,1,1
trayectoria,7.02,1,316.533,166.097,16.1304,-53.0435,2.3,1
trayectoria,7.02,2,498.627,423.277,-78.4,130,1.2,1
trayectoria,7.02,3,305.938,199.672,-119,110,0.8,0
trayectoria,7.03,0,487.45,246.5,105,-120,1,1
trayectoria,7.03,1,316.695,165.566,16.1304,-53.0435,2.3,1
trayectoria,7.03,2,497.843,424.577,-78.4,130,1.2,1
trayectoria,7.03,3,305.938,199.672,-119,110,0.8,0
trayectoria,7.04,0,488.5,245.3,105,-120,1,1
trayectoria,7.04,1,316.856,165.036,16.1304,-53.0435,2.3,1
trayectoria,7.04,2,497.059,425.877,-78.4,130,1.2,1
trayectoria,7.04,3,305.938,199.672,-119,110,0.8,0
trayectoria,7.05,0,489.55,244.1,105,-120,1,1
trayectoria,7.05,1,317.017,164.505,16.1304,-53.0435,2.3,1
trayectoria,7.05,2,496.275,427.177,-78.4,130,1.2,1
trayectoria,7.05,3,305.938,199.672,-119,110,0.8,0
trayectoria,7.06,0,490.6,242.9,105,-120,1,1
trayectoria,7.06,1,317.179,163.975,16.1304,-53.0435,2.3,1
trayectoria,7.06,2,495.491,428.477,-78.4,130,1.2,1
trayectoria,7.06,3,305.938,199.672,-119,110,0.8,0
trayectoria,7.07,0,491.65,241.7,105,-120,1,1
trayectoria,7.07,1,317.34,163.444,16.1304,-53.0435,2.3,1
trayectoria,7.07,2,494.707,429.777,-78.4,130,1.2,1
trayectoria,7.07,3,305.938,199.672,-119,110,0.8,0
trayectoria,7.08,0,492.7,240.5,105,-120,1,1
trayectoria,7.08,1,317.501,162.914,16.1304,-53.0435,2.3,1
trayectoria,7.08,2,493.923,431.077,-78.4,130,1.2,1
trayectoria,7.08,3,305.938,199.672,-119,110,0.8,0
trayectoria,7.09,0,493.75,239.3,105,-120,1,1
trayectoria,7.09,1,317.663,162.384,16.1304,-53.0435,2.3,1
trayectoria,7.09,2,493.139,432.377,-78.4,130,1.2,1
trayectoria,7.09,3,305.938,199.672,-119,110,0.8,0
trayectoria,7.1,0,494.8,238.1,105,-120,1,1
trayectoria,7.1,1,317.824,161.853,16.1304,-53.0435,2.3,1
trayectoria,7.1,2,492.355,433.677,-78.4,130,1.2,1
trayectoria,7.1,3,305.938,199.672,-119,110,0.8,0
trayectoria,7.11,0,495.85,236.9,105,-120,1,1
trayectoria,7.11,1,317.985,161.323,16.1304,-53.0435,2.3,1
trayectoria,7.11,2,491.571,434.977,-78.4,130,1.2,1
trayectoria,7.11,3,305.938,199.672,-119,110,0.8,0
trayectoria,7.12,0,496.9,235.7,105,-120,1,1
trayectoria,7.12,1,318.146,160.792,16.1304,-53.0435,2.3,1
trayectoria,7.12,2,490.787,436.277,-78.4,130,1.2,1
trayectoria,7.12,3,305.938,199.672,-119,110,0.8,0
trayectoria,7.13,0,497.95,234.5,105,-120,1,1
trayectoria,7.13,1,318.308,160.262,16.1304,-53.0435,2.3,1
trayectoria,7.13,2,490.003,437.577,-78.4,130,1.2,1
trayectoria,7.13,3,305.938,199.672,-119,110,0.8,0
trayectoria,7.14,0,499,233.3,105,-120,1,1
trayectoria,7.14,1,318.469,159.731,16.1304,-53.0435,2.3,1
trayectoria,7.14,2,489.219,438.877,-78.4,130,1.2,1
trayectoria,7.14,3,305.938,199.672,-119,110,0.8,0
trayectoria,7.15,0,500.05,232.1,105,-120,1,1
trayectoria,7.15,1,318.63,159.201,16.1304,-53.0435,2.3,1
trayectoria,7.15,2,488.435,440.177,-78.4,130,1.2,1
trayectoria,7.15,3,305.938,199.672,-119,110,0.8,0
trayectoria,7.16,0,501.1,230.9,105,-120,1,1
trayectoria,7.16,1,318.792,158.67,16.1304,-53.0435,2.3,1
trayectoria,7.16,2,487.651,441.477,-78.4,130,1.2,1
trayectoria,7.16,3,305.938,199.672,-119,110,0.8,0
trayectoria,7.17,0,502.15,229.7,105,-120,1,1
trayectoria,7.17,1,318.953,158.14,16.1304,-53.0435,2.3,1
trayectoria,7.17,2,486.867,442.777,-78.4,130,1.2,1
trayectoria,7.17,3,305.938,199.672,-119,110,0.8,0
trayectoria,7.18,0,503.2,228.5,105,-120,1,1
trayectoria,7.18,1,319.114,157.61,16.1304,-53.0435,2.3,1
trayectoria,7.18,2,486.083,444.077,-78.4,130,1.2,1
trayectoria,7.18,3,305.938,199.672,-119,110,0.8,0
trayectoria,7.19,0,504.25,227.3,105,-120,1,1
trayectoria,7.19,1,319.276,157.079,16.1304,-53.0435,2.3,1
trayectoria,7.19,2,485.299,445.377,-78.4,130,1.2,1
trayectoria,7.19,3,305.938,199.672,-119,110,0.8,0
trayectoria,7.2,0,505.3,226.1,105,-120,1,1
trayectoria,7.2,1,319.437,156.549,16.1304,-53.0435,2.3,1
trayectoria,7.2,2,484.515,446.677,-78.4,130,1.2,1
trayectoria,7.2,3,305.938,199.672,-119,110,0.8,0
trayectoria,7.21,0,506.35,224.9,105,-120,1,1
trayectoria,7.21,1,319.598,156.018,16.1304,-53.0435,2.3,1
trayectoria,7.21,2,483.731,447.977,-78.4,130,1.2,1
trayectoria,7.21,3,305.938,199.672,-119,110,0.8,0
trayectoria,7.22,0,507.4,223.7,105,-120,1,1
trayectoria,7.22,1,319.76,155.488,16.1304,-53.0435,2.3,1
trayectoria,7.22,2,482.947,449.277,-78.4,130,1.2,1
trayectoria,7.22,3,305.938,199.672,-119,110,0.8,0
trayectoria,7.23,0,508.45,222.5,105,-120,1,1
trayectoria,7.23,1,319.921,154.957,16.1304,-53.0435,2.3,1
trayectoria,7.23,2,482.163,450.577,-78.4,130,1.2,1
trayectoria,7.23,3,305.938,199.672,-119,110,0.8,0
trayectoria,7.24,0,509.5,221.3,105,-120,1,1
trayectoria,7.24,1,320.082,154.427,16.1304,-53.0435,2.3,1
trayectoria,7.24,2,481.379,451.877,-78.4,130,1.2,1
trayectoria,7.24,3,305.938,199.672,-119,110,0.8,0
trayectoria,7.25,0,510.55,220.1,105,-120,1,1
trayectoria,7.25,1,320.243,153.897,16.1304,-53.0435,2.3,1
trayectoria,7.25,2,480.595,453.177,-78.4,130,1.2,1
trayectoria,7.25,3,305.938,199.672,-119,110,0.8,0
trayectoria,7.26,0,511.6,218.9,105,-120,1,1
trayectoria,7.26,1,320.405,153.366,16.1304,-53.0435,2.3,1
trayectoria,7.26,2,479.811,454.477,-78.4,130,1.2,1
trayectoria,7.26,3,305.938,199.672,-119,110,0.8,0
trayectoria,7.27,0,512.65,217.7,105,-120,1,1
trayectoria,7.27,1,320.566,152.836,16.1304,-53.0435,2.3,1
trayectoria,7.27,2,479.027,455.777,-78.4,130,1.2,1
trayectoria,7.27,3,305.938,199.672,-119,110,0.8,0
trayectoria,7.28,0,513.7,216.5,105,-120,1,1
trayectoria,7.28,1,320.727,152.305,16.1304,-53.0435,2.3,1
trayectoria,7.28,2,478.243,457.077,-78.4,130,1.2,1
trayectoria,7.28,3,305.938,199.672,-119,110,0.8,0
trayectoria,7.29,0,514.75,215.3,105,-120,1,1
trayectoria,7.29,1,320.889,151.775,16.1304,-53.0435,2.3,1
trayectoria,7.29,2,477.459,458.377,-78.4,130,1.2,1
trayectoria,7.29,3,305.938,199.672,-119,110,0.8,0
trayectoria,7.3,0,514,214.1,-73.5,-120,1,1
trayectoria,7.3,1,321.05,151.244,16.1304,-53.0435,2.3,1
trayectoria,7.3,2,476.675,459.677,-78.4,130,1.2,1
trayectoria,7.3,3,305.938,199.672,-119,110,0.8,0
trayectoria,7.31,0,513.265,212.9,-73.5,-120,1,1
trayectoria,7.31,1,321.211,150.714,16.1304,-53.0435,2.3,1
trayectoria,7.31,2,475.891,460.977,-78.4,130,1.2,1
trayectoria,7.31,3,305.938,199.672,-119,110,0.8,0
trayectoria,7.32,0,512.53,211.7,-73.5,-120,1,1
trayectoria,7.32,1,321.373,150.184,16.1304,-53.0435,2.3,1
trayectoria,7.32,2,475.107,462.277,-78.4,130,1.2,1
trayectoria,7.32,3,305.938,199.672,-119,110,0.8,0
trayectoria,7.33,0,511.795,210.5,-73.5,-120,1,1
trayectoria,7.33,1,321.534,149.653,16.1304,-53.0435,2.3,1
trayectoria,7.33,2,474.323,463.577,-78.4,130,1.2,1
trayectoria,7.33,3,305.938,199.672,-119,110,0.8,0
trayectoria,7.34,0,511.06,209.3,-73.5,-120,1,1
trayectoria,7.34,1,321.695,149.123,16.1304,-53.0435,2.3,1
trayectoria,7.34,2,473.539,464.877,-78.4,130,1.2,1
trayectoria,7.34,3,305.938,199.672,-119,110,0.8,0
trayectoria,7.35,0,510.325,208.1,-73.5,-120,1,1
trayectoria,7.35,1,321.856,148.592,16.1304,-53.0435,2.3,1
trayectoria,7.35,2,472.755,466.177,-78.4,130,1.2,1
trayectoria,7.35,3,305.938,199.672,-119,110,0.8,0
trayectoria,7.36,0,509.59,206.9,-73.5,-120,1,1
trayectoria,7.36,1,322.018,148.062,16.1304,-53.0435,2.3,1
trayectoria,7.36,2,471.971,467.477,-78.4,130,1.2,1
trayectoria,7.36,3,305.938,199.672,-119,110,0.8,0
trayectoria,7.37,0,508.855,205.7,-73.5,-120,1,1
trayectoria,7.37,1,322.179,147.531,16.1304,-53.0435,2.3,1
trayectoria,7.37,2,471.187,468.777,-78.4,130,1.2,1
trayectoria,7.37,3,305.938,199.672,-119,110,0.8,0
trayectoria,7.38,0,508.12,204.5,-73.5,-120,1,1
trayectoria,7.38,1,322.34,147.001,16.1304,-53.0435,2.3,1
trayectoria,7.38,2,470.403,470.077,-78.4,130,1.2,1
trayectoria,7.38,3,305.938,199.672,-119,110,0.8,0
trayectoria,7.39,0,507.385,203.3,-73.5,-120,1,1
trayectoria,7.39,1,322.502,146.47,16.1304,-53.0435,2.3,1
trayectoria,7.39,2,469.619,471.377,-78.4,130,1.2,1
trayectoria,7.39,3,305.938,199.672,-119,110,0.8,0
trayectoria,7.4,0,506.65,202.1,-73.5,-120,1,1
trayectoria,7.4,1,322.663,145.94,16.1304,-53.0435,2.3,1
trayectoria,7.4,2,468.835,472.677,-78.4,130,1.2,1
trayectoria,7.4,3,305.938,199.672,-119,110,0.8,0
trayectoria,7.41,0,505.915,200.9,-73.5,-120,1,1
trayectoria,7.41,1,322.824,145.41,16.1304,-53.0435,2.3,1
trayectoria,7.41,2,468.051,473.977,-78.4,130,1.2,1
trayectoria,7.41,3,305.938,199.672,-119,110,0.8,0
trayectoria,7.42,0,505.18,199.7,-73.5,-120,1,1
trayectoria,7.42,1,322.986,144.879,16.1304,-53.0435,2.3,1
trayectoria,7.42,2,467.267,475.277,-78.4,130,1.2,1
trayectoria,7.42,3,305.938,199.672,-119,110,0.8,0
trayectoria,7.43,0,504.445,198.5,-73.5,-120,1,1
trayectoria,7.43,1,323.147,144.349,16.1304,-53.0435,2.3,1
trayectoria,7.43,2,466.483,476.577,-78.4,130,1.2,1
trayectoria,7.43,3,305.938,199.672,-119,110,0.8,0
trayectoria,7.44,0,503.71,197.3,-73.5,-120,1,1
trayectoria,7.44,1,323.308,143.818,16.1304,-53.0435,2.3,1
trayectoria,7.44,2,465.699,477.877,-78.4,130,1.2,1
trayectoria,7.44,3,305.938,199.672,-119,110,0.8,0
trayectoria,7.45,0,502.975,196.1,-73.5,-120,1,1
trayectoria,7.45,1,323.47,143.288,16.1304,-53.0435,2.3,1
trayectoria,7.45,2,464.915,479.177,-78.4,130,1.2,1
trayectoria,7.45,3,305.938,199.672,-119,110,0.8,0
trayectoria,7.46,0,502.24,194.9,-73.5,-120,1,1
trayectoria,7.46,1,323.631,142.757,16.1304,-53.0435,2.3,1
trayectoria,7.46,2,464.131,480.477,-78.4,130,1.2,1
trayectoria,7.46,3,305.938,199.672,-119,110,0.8,0
trayectoria,7.47,0,501.505,193.7,-73.5,-120,1,1
trayectoria,7.47,1,323.792,142.227,16.1304,-53.0435,2.3,1
trayectoria,7.47,2,463.347,481.777,-78.4,130,1.2,1
trayectoria,7.47,3,305.938,199.672,-119,110,0.8,0
trayectoria,7.48,0,500.77,192.5,-73.5,-120,1,1
trayectoria,7.48,1,323.953,141.697,16.1304,-53.0435,2.3,1
trayectoria,7.48,2,462.563,483.077,-78.4,130,1.2,1
trayectoria,7.48,3,305.938,199.672,-119,110,0.8,0
trayectoria,7.49,0,500.035,191.3,-73.5,-120,1,1
trayectoria,7.49,1,324.115,141.166,16.1304,-53.0435,2.3,1
trayectoria,7.49,2,461.779,484.377,-78.4,130,1.2,1
trayectoria,7.49,3,305.938,199.672,-119,110,0.8,0
trayectoria,7.5,0,499.3,190.1,-73.5,-120,1,1
trayectoria,7.5,1,324.276,140.636,16.1304,-53.0435,2.3,1
trayectoria,7.5,2,460.995,485.677,-78.4,130,1.2,1
trayectoria,7.5,3,305.938,199.672,-119,110,0.8,0
trayectoria,7.51,0,498.565,188.9,-73.5,-120,1,1
trayectoria,7.51,1,324.437,140.105,16.1304,-53.0435,2.3,1
trayectoria,7.51,2,460.211,486.977,-78.4,130,1.2,1
trayectoria,7.51,3,305.938,199.672,-119,110,0.8,0
trayectoria,7.52,0,497.83,187.7,-73.5,-120,1,1
trayectoria,7.52,1,324.599,139.575,16.1304,-53.0435,2.3,1
trayectoria,7.52,2,459.427,488.277,-78.4,130,1.2,1
trayectoria,7.52,3,305.938,199.672,-119,110,0.8,0
trayectoria,7.53,0,497.095,186.5,-73.5,-120,1,1
trayectoria,7.53,1,324.76,139.044,16.1304,-53.0435,2.3,1
trayectoria,7.53,2,458.643,489.577,-78.4,130,1.2,1
trayectoria,7.53,3,305.938,199.672,-119,110,0.8,0
trayectoria,7.54,0,496.36,185.3,-73.5,-120,1,1
trayectoria,7.54,1,324.921,138.514,16.1304,-53.0435,2.3,1
trayectoria,7.54,2,457.859,490.877,-78.4,130,1.2,1
trayectoria,7.54,3,305.938,199.672,-119,110,0.8,0
trayectoria,7.55,0,495.625,184.1,-73.5,-120,1,1
trayectoria,7.55,1,325.083,137.984,16.1304,-53.0435,2.3,1
trayectoria,7.55,2,457.075,492.177,-78.4,130,1.2,1
trayectoria,7.55,3,305.938,199.672,-119,110,0.8,0
trayectoria,7.56,0,494.89,182.9,-73.5,-120,1,1
trayectoria,7.56,1,325.244,137.453,16.1304,-53.0435,2.3,1
trayectoria,7.56,2,456.291,493.477,-78.4,130,1.2,1
trayectoria,7.56,3,305.938,199.672,-119,110,0.8,0
trayectoria,7.57,0,494.155,181.7,-73.5,-120,1,1
trayectoria,7.57,1,325.405,136.923,16.1304,-53.0435,2.3,1
trayectoria,7.57,2,455.507,494.777,-78.4,130,1.2,1
trayectoria,7.57,3,305.938,199.672,-119,110,0.8,0
trayectoria,7.58,0,493.42,180.5,-73.5,-120,1,1
trayectoria,7.58,1,325.566,136.392,16.1304,-53.0435,2.3,1
trayectoria,7.58,2,454.723,496.077,-78.4,130,1.2,1
trayectoria,7.58,3,305.938,199.672,-119,110,0.8,0
trayectoria,7.59,0,492.685,179.3,-73.5,-120,1,1
trayectoria,7.59,1,325.728,135.862,16.1304,-53.0435,2.3,1
trayectoria,7.59,2,453.939,497.377,-78.4,130,1.2,1
trayectoria,7.59,3,305.938,199.672,-119,110,0.8,0
trayectoria,7.6,0,491.95,178.1,-73.5,-120,1,1
trayectoria,7.6,1,325.889,135.331,16.1304,-53.0435,2.3,1
trayectoria,7.6,2,453.155,498.677,-78.4,130,1.2,1
trayectoria,7.6,3,305.938,199.672,-119,110,0.8,0
trayectoria,7.61,0,491.215,176.9,-73.5,-120,1,1
trayectoria,7.61,1,326.05,134.801,16.1304,-53.0435,2.3,1
trayectoria,7.61,2,452.371,499.977,-78.4,130,1.2,1
trayectoria,7.61,3,305.938,199.672,-119,110,0.8,0
trayectoria,7.62,0,490.48,175.7,-73.5,-120,1,1
trayectoria,7.62,1,326.212,134.27,16.1304,-53.0435,2.3,1
trayectoria,7.62,2,451.587,501.277,-78.4,130,1.2,1
trayectoria,7.62,3,305.938,199.672,-119,110,0.8,0
trayectoria,7.63,0,489.745,174.5,-73.5,-120,1,1
trayectoria,7.63,1,326.373,133.74,16.1304,-53.0435,2.3,1
trayectoria,7.63,2,450.803,502.577,-78.4,130,1.2,1
trayectoria,7.63,3,305.938,199.672,-119,110,0.8,0
trayectoria,7.64,0,489.01,173.3,-73.5,-120,1,1
trayectoria,7.64,1,326.534,133.21,16.1304,-53.0435,2.3,1
trayectoria,7.64,2,450.019,503.877,-78.4,130,1.2,1
trayectoria,7.64,3,305.938,199.672,-119,110,0.8,0
trayectoria,7.65,0,488.275,172.1,-73.5,-120,1,1
trayectoria,7.65,1,326.696,132.679,16.1304,-53.0435,2.3,1
trayectoria,7.65,2,449.235,505.177,-78.4,130,1.2,1
trayectoria,7.65,3,305.938,199.672,-119,110,0.8,0
trayectoria,7.66,0,487.54,170.9,-73.5,-120,1,1
trayectoria,7.66,1,326.857,132.149,16.1304,-53.0435,2.3,1
trayectoria,7.66,2,448.451,506.477,-78.4,130,1.2,1
trayectoria,7.66,3,305.938,199.672,-119,110,0.8,0
trayectoria,7.67,0,486.805,169.7,-73.5,-120,1,1
trayectoria,7.67,1,327.018,131.618,16.1304,-53.0435,2.3,1
trayectoria,7.67,2,447.667,507.777,-78.4,130,1.2,1
trayectoria,7.67,3,305.938,199.672,-119,110,0.8,0
trayectoria,7.68,0,486.07,168.5,-73.5,-120,1,1
trayectoria,7.68,1,327.18,131.088,16.1304,-53.0435,2.3,1
trayectoria,7.68,2,446.883,509.077,-78.4,130,1.2,1
trayectoria,7.68,3,305.938,199.672,-119,110,0.8,0
trayectoria,7.69,0,485.335,167.3,-73.5,-120,1,1
trayectoria,7.69,1,327.341,130.557,16.1304,-53.0435,2.3,1
trayectoria,7.69,2,446.099,510.377,-78.4,130,1.2,1
trayectoria,7.69,3,305.938,199.672,-119,110,0.8,0
trayectoria,7.7,0,484.6,166.1,-73.5,-120,1,1
trayectoria,7.7,1,327.502,130.027,16.1304,-53.0435,2.3,1
trayectoria,7.7,2,445.315,511.677,-78.4,130,1.2,1
trayectoria,7.7,3,305.938,199.672,-119,110,0.8,0
trayectoria,7.71,0,483.865,164.9,-73.5,-120,1,1
trayectoria,7.71,1,327.663,129.497,16.1304,-53.0435,2.3,1
trayectoria,7.71,2,444.531,512.977,-78.4,130,1.2,1
trayectoria,7.71,3,305.938,199.672,-119,110,0.8,0
trayectoria,7.72,0,483.13,163.7,-73.5,-120,1,1
trayectoria,7.72,1,327.825,128.966,16.1304,-53.0435,2.3,1
trayectoria,7.72,2,443.747,514.277,-78.4,130,1.2,1
trayectoria,7.72,3,305.938,199.672,-119,110,0.8,0
trayectoria,7.73,0,482.395,162.5,-73.5,-120,1,1
trayectoria,7.73,1,327.986,128.436,16.1304,-53.0435,2.3,1
trayectoria,7.73,2,442.963,515.577,-78.4,130,1.2,1
trayectoria,7.73,3,305.938,199.672,-119,110,0.8,0
trayectoria,7.74,0,481.66,161.3,-73.5,-120,1,1
trayectoria,7.74,1,328.147,127.905,16.1304,-53.0435,2.3,1
trayectoria,7.74,2,442.179,516.877,-78.4,130,1.2,1
trayectoria,7.74,3,305.938,199.672,-119,110,0.8,0
trayectoria,7.75,0,480.925,160.1,-73.5,-120,1,1
trayectoria,7.75,1,328.309,127.375,16.1304,-53.0435,2.3,1
trayectoria,7.75,2,441.395,518.177,-78.4,130,1.2,1
trayectoria,7.75,3,305.938,199.672,-119,110,0.8,0
trayectoria,7.76,0,480.19,158.9,-73.5,-120,1,1
trayectoria,7.76,1,328.47,126.844,16.1304,-53.0435,2.3,1
trayectoria,7.76,2,440.611,519.477,-78.4,130,1.2,1
trayectoria,7.76,3,305.938,199.672,-119,110,0.8,0
trayectoria,7.77,0,479.455,157.7,-73.5,-120,1,1
trayectoria,7.77,1,328.631,126.314,16.1304,-53.0435,2.3,1
trayectoria,7.77,2,439.827,520.777,-78.4,130,1.2,1
trayectoria,7.77,3,305.938,199.672,-119,110,0.8,0
trayectoria,7.78,0,478.72,156.5,-73.5,-120,1,1
trayectoria,7.78,1,328.793,125.784,16.1304,-53.0435,2.3,1
trayectoria,7.78,2,439.043,522.077,-78.4,130,1.2,1
trayectoria,7.78,3,305.938,199.672,-119,110,0.8,0
trayectoria,7.79,0,477.985,155.3,-73.5,-120,1,1
trayectoria,7.79,1,328.954,125.253,16.1304,-53.0435,2.3,1
trayectoria,7.79,2,438.259,523.377,-78.4,130,1.2,1
trayectoria,7.79,3,305.938,199.672,-119,110,0.8,0
trayectoria,7.8,0,477.25,154.1,-73.5,-120,1,1
trayectoria,7.8,1,329.115,124.723,16.1304,-53.0435,2.3,1
trayectoria,7.8,2,437.475,524.677,-78.4,130,1.2,1
trayectoria,7.8,3,305.938,199.672,-119,110,0.8,0
trayectoria,7.81,0,476.515,152.9,-73.5,-120,1,1
trayectoria,7.81,1,329.276,124.192,16.1304,-53.0435,2.3,1
trayectoria,7.81,2,436.691,525.977,-78.4,130,1.2,1
trayectoria,7.81,3,305.938,199.672,-119,110,0.8,0
trayectoria,7.82,0,475.78,151.7,-73.5,-120,1,1
trayectoria,7.82,1,329.438,123.662,16.1304,-53.0435,2.3,1
trayectoria,7.82,2,435.907,527.277,-78.4,130,1.2,1
trayectoria,7.82,3,305.938,199.672,-119,110,0.8,0
trayectoria,7.83,0,475.045,150.5,-73.5,-120,1,1
trayectoria,7.83,1,329.599,123.131,16.1304,-53.0435,2.3,1
trayectoria,7.83,2,435.123,528.577,-78.4,130,1.2,1
trayectoria,7.83,3,305.938,199.672,-119,110,0.8,0
trayectoria,7.84,0,474.31,149.3,-73.5,-120,1,1
trayectoria,7.84,1,329.76,122.601,16.1304,-53.0435,2.3,1
trayectoria,7.84,2,434.339,529.877,-78.4,130,1.2,1
trayectoria,7.84,3,305.938,199.672,-119,110,0.8,0
trayectoria,7.85,0,473.575,148.1,-73.5,-120,1,1
trayectoria,7.85,1,329.922,122.07,16.1304,-53.0435,2.3,1
trayectoria,7.85,2,433.555,531.177,-78.4,130,1.2,1
trayectoria,7.85,3,305.938,199.672,-119,110,0.8,0
trayectoria,7.86,0,472.84,146.9,-73.5,-120,1,1
trayectoria,7.86,1,330.083,121.54,16.1304,-53.0435,2.3,1
trayectoria,7.86,2,432.771,532.477,-78.4,130,1.2,1
trayectoria,7.86,3,305.938,199.672,-119,110,0.8,0
trayectoria,7.87,0,472.105,145.7,-73.5,-120,1,1
trayectoria,7.87,1,330.244,121.01,16.1304,-53.0435,2.3,1
trayectoria,7.87,2,431.987,533.777,-78.4,130,1.2,1
trayectoria,7.87,3,305.938,199.672,-119,110,0.8,0
trayectoria,7.88,0,471.37,144.5,-73.5,-120,1,1
trayectoria,7.88,1,330.406,120.479,16.1304,-53.0435,2.3,1
trayectoria,7.88,2,431.203,535.077,-78.4,130,1.2,1
trayectoria,7.88,3,305.938,199.672,-119,110,0.8,0
trayectoria,7.89,0,470.635,143.3,-73.5,-120,1,1
trayectoria,7.89,1,330.567,119.949,16.1304,-53.0435,2.3,1
trayectoria,7.89,2,430.419,536.377,-78.4,130,1.2,1
trayectoria,7.89,3,305.938,199.672,-119,110,0.8,0
trayectoria,7.9,0,469.9,142.1,-73.5,-120,1,1
trayectoria,7.9,1,330.728,119.418,16.1304,-53.0435,2.3,1
trayectoria,7.9,2,429.635,537.677,-78.4,130,1.2,1
trayectoria,7.9,3,305.938,199.672,-119,110,0.8,0
trayectoria,7.91,0,469.165,140.9,-73.5,-120,1,1
trayectoria,7.91,1,330.89,118.888,16.1304,-53.0435,2.3,1
trayectoria,7.91,2,428.851,538.977,-78.4,130,1.2,1
trayectoria,7.91,3,305.938,199.672,-119,110,0.8,0
trayectoria,7.92,0,468.43,139.7,-73.5,-120,1,1
trayectoria,7.92,1,331.051,118.357,16.1304,-53.0435,2.3,1
trayectoria,7.92,2,428.067,540.277,-78.4,130,1.2,1
trayectoria,7.92,3,305.938,199.672,-119,110,0.8,0
trayectoria,7.93,0,467.695,138.5,-73.5,-120,1,1
trayectoria,7.93,1,331.212,117.827,16.1304,-53.0435,2.3,1
trayectoria,7.93,2,427.283,541.577,-78.4,130,1.2,1
trayectoria,7.93,3,305.938,199.672,-119,110,0.8,0
trayectoria,7.94,0,466.96,137.3,-73.5,-120,1,1
trayectoria,7.94,1,331.373,117.297,16.1304,-53.0435,2.3,1
trayectoria,7.94,2,426.499,542.877,-78.4,130,1.2,1
trayectoria,7.94,3,305.938,199.672,-119,110,0.8,0
trayectoria,7.95,0,466.225,136.1,-73.5,-120,1,1
trayectoria,7.95,1,331.535,116.766,16.1304,-53.0435,2.3,1
trayectoria,7.95,2,425.715,544.177,-78.4,130,1.2,1
trayectoria,7.95,3,305.938,199.672,-119,110,0.8,0
trayectoria,7.96,0,465.49,134.9,-73.5,-120,1,1
trayectoria,7.96,1,331.696,116.236,16.1304,-53.0435,2.3,1
trayectoria,7.96,2,424.931,545.477,-78.4,130,1.2,1
trayectoria,7.96,3,305.938,199.672,-119,110,0.8,0
trayectoria,7.97,0,464.755,133.7,-73.5,-120,1,1
trayectoria,7.97,1,331.857,115.705,16.1304,-53.0435,2.3,1
trayectoria,7.97,2,424.147,546.777,-78.4,130,1.2,1
trayectoria,7.97,3,305.938,199.672,-119,110,0.8,0
trayectoria,7.98,0,464.02,132.5,-73.5,-120,1,1
trayectoria,7.98,1,332.019,115.175,16.1304,-53.0435,2.3,1
trayectoria,7.98,2,423.363,548.077,-78.4,130,1.2,1
trayectoria,7.98,3,305.938,199.672,-119,110,0.8,0
trayectoria,7.99,0,463.285,131.3,-73.5,-120,1,1
trayectoria,7.99,1,332.18,114.644,16.1304,-53.0435,2.3,1
trayectoria,7.99,2,422.579,549.377,-78.4,130,1.2,1
trayectoria,7.99,3,305.938,199.672,-119,110,0.8,0
trayectoria,8,0,462.55,130.1,-73.5,-120,1,1
trayectoria,8,1,332.341,114.114,16.1304,-53.0435,2.3,1
trayectoria,8,2,421.795,550.677,-78.4,130,1.2,1
trayectoria,8,3,305.938,199.672,-119,110,0.8,0
trayectoria,8.01,0,461.815,128.9,-73.5,-120,1,1
trayectoria,8.01,1,332.503,113.584,16.1304,-53.0435,2.3,1
trayectoria,8.01,2,421.011,551.977,-78.4,130,1.2,1
trayectoria,8.01,3,305.938,199.672,-119,110,0.8,0
trayectoria,8.02,0,461.08,127.7,-73.5,-120,1,1
trayectoria,8.02,1,332.664,113.053,16.1304,-53.0435,2.3,1
trayectoria,8.02,2,420.227,553.277,-78.4,130,1.2,1
trayectoria,8.02,3,305.938,199.672,-119,110,0.8,0
trayectoria,8.03,0,460.345,126.5,-73.5,-120,1,1
trayectoria,8.03,1,332.825,112.523,16.1304,-53.0435,2.3,1
trayectoria,8.03,2,419.443,554.577,-78.4,130,1.2,1
trayectoria,8.03,3,305.938,199.672,-119,110,0.8,0
trayectoria,8.04,0,459.61,125.3,-73.5,-120,1,1
trayectoria,8.04,1,332.986,111.992,16.1304,-53.0435,2.3,1
trayectoria,8.04,2,418.659,555.877,-78.4,130,1.2,1
trayectoria,8.04,3,305.938,199.672,-119,110,0.8,0
trayectoria,8.05,0,458.875,124.1,-73.5,-120,1,1
trayectoria,8.05,1,333.148,111.462,16.1304,-53.0435,2.3,1
trayectoria,8.05,2,417.875,557.177,-78.4,130,1.2,1
trayectoria,8.05,3,305.938,199.672,-119,110,0.8,0
trayectoria,8.06,0,458.14,122.9,-73.5,-120,1,1
trayectoria,8.06,1,333.309,110.931,16.1304,-53.0435,2.3,1
trayectoria,8.06,2,417.091,558.477,-78.4,130,1.2,1
trayectoria,8.06,3,305.938,199.672,-119,110,0.8,0
trayectoria,8.07,0,457.405,121.7,-73.5,-120,1,1
trayectoria,8.07,1,333.47,110.401,16.1304,-53.0435,2.3,1
trayectoria,8.07,2,416.307,559.777,-78.4,130,1.2,1
trayectoria,8.07,3,305.938,199.672,-119,110,0.8,0
trayectoria,8.08,0,456.67,120.5,-73.5,-120,1,1
trayectoria,8.08,1,333.632,109.87,16.1304,-53.0435,2.3,1
trayectoria,8.08,2,415.523,561.077,-78.4,130,1.2,1
trayectoria,8.08,3,305.938,199.672,-119,110,0.8,0
trayectoria,8.09,0,455.935,119.3,-73.5,-120,1,1
trayectoria,8.09,1,333.793,109.34,16.1304,-53.0435,2.3,1
trayectoria,8.09,2,414.739,562.377,-78.4,130,1.2,1
trayectoria,8.09,3,305.938,199.672,-119,110,0.8,0
trayectoria,8.1,0,455.2,118.1,-73.5,-120,1,1
trayectoria,8.1,1,333.954,108.81,16.1304,-53.0435,2.3,1
trayectoria,8.1,2,413.955,563.677,-78.4,130,1.2,1
trayectoria,8.1,3,305.938,199.672,-119,110,0.8,0
trayectoria,8.11,0,454.465,116.9,-73.5,-120,1,1
trayectoria,8.11,1,334.116,108.279,16.1304,-53.0435,2.3,1
trayectoria,8.11,2,413.171,564.977,-78.4,130,1.2,1
trayectoria,8.11,3,305.938,199.672,-119,110,0.8,0
trayectoria,8.12,0,453.73,115.7,-73.5,-120,1,1
trayectoria,8.12,1,334.277,107.749,16.1304,-53.0435,2.3,1
trayectoria,8.12,2,412.387,566.277,-78.4,130,1.2,1
trayectoria,8.12,3,305.938,199.672,-119,110,0.8,0
trayectoria,8.13,0,452.995,114.5,-73.5,-120,1,1
trayectoria,8.13,1,334.438,107.218,16.1304,-53.0435,2.3,1
trayectoria,8.13,2,411.603,567.577,-78.4,130,1.2,1
trayectoria,8.13,3,305.938,199.672,-119,110,0.8,0
trayectoria,8.14,0,452.26,113.3,-73.5,-120,1,1
trayectoria,8.14,1,334.6,106.688,16.1304,-53.0435,2.3,1
trayectoria,8.14,2,410.819,568.877,-78.4,130,1.2,1
trayectoria,8.14,3,305.938,199.672,-119,110,0.8,0
trayectoria,8.15,0,451.525,112.1,-73.5,-120,1,1
trayectoria,8.15,1,334.761,106.157,16.1304,-53.0435,2.3,1
trayectoria,8.15,2,410.035,570.177,-78.4,130,1.2,1
trayectoria,8.15,3,305.938,199.672,-119,110,0.8,0
trayectoria,8.16,0,450.79,110.9,-73.5,-120,1,1
trayectoria,8.16,1,334.922,105.627,16.1304,-53.0435,2.3,1
trayectoria,8.16,2,409.251,571.477,-78.4,130,1.2,1
trayectoria,8.16,3,305.938,199.672,-119,110,0.8,0
trayectoria,8.17,0,450.055,109.7,-73.5,-120,1,1
trayectoria,8.17,1,335.083,105.097,16.1304,-53.0435,2.3,1
trayectoria,8.17,2,408.467,572.777,-78.4,130,1.2,1
trayectoria,8.17,3,305.938,199.672,-119,110,0.8,0
trayectoria,8.18,0,449.32,108.5,-73.5,-120,1,1
trayectoria,8.18,1,335.245,104.566,16.1304,-53.0435,2.3,1
trayectoria,8.18,2,407.683,574.077,-78.4,130,1.2,1
trayectoria,8.18,3,305.938,199.672,-119,110,0.8,0
trayectoria,8.19,0,448.585,107.3,-73.5,-120,1,1
trayectoria,8.19,1,335.406,104.036,16.1304,-53.0435,2.3,1
trayectoria,8.19,2,406.899,575.377,-78.4,130,1.2,1
trayectoria,8.19,3,305.938,199.672,-119,110,0.8,0
trayectoria,8.2,0,447.85,106.1,-73.5,-120,1,1
trayectoria,8.2,1,335.567,103.505,16.1304,-53.0435,2.3,1
trayectoria,8.2,2,406.115,576.677,-78.4,130,1.2,1
trayectoria,8.2,3,305.938,199.672,-119,110,0.8,0
trayectoria,8.21,0,447.115,104.9,-73.5,-120,1,1
trayectoria,8.21,1,335.729,102.975,16.1304,-53.0435,2.3,1
trayectoria,8.21,2,405.331,577.977,-78.4,130,1.2,1
trayectoria,8.21,3,305.938,199.672,-119,110,0.8,0
trayectoria,8.22,0,446.38,103.7,-73.5,-120,1,1
trayectoria,8.22,1,335.89,102.444,16.1304,-53.0435,2.3,1
trayectoria,8.22,2,404.547,579.277,-78.4,130,1.2,1
trayectoria,8.22,3,305.938,199.672,-119,110,0.8,0
trayectoria,8.23,0,445.645,102.5,-73.5,-120,1,1
trayectoria,8.23,1,336.051,101.914,16.1304,-53.0435,2.3,1
trayectoria,8.23,2,403.763,580.577,-78.4,130,1.2,1
trayectoria,8.23,3,305.938,199.672,-119,110,0.8,0
trayectoria,8.24,0,444.91,101.3,-73.5,-120,1,1
trayectoria,8.24,1,336.213,101.384,16.1304,-53.0435,2.3,1
trayectoria,8.24,2,402.979,581.877,-78.4,130,1.2,1
trayectoria,8.24,3,305.938,199.672,-119,110,0.8,0
trayectoria,8.25,0,444.175,100.1,-73.5,-120,1,1
trayectoria,8.25,1,336.374,100.853,16.1304,-53.0435,2.3,1
trayectoria,8.25,2,402.195,583.177,-78.4,130,1.2,1
trayectoria,8.25,3,305.938,199.672,-119,110,0.8,0
trayectoria,8.26,0,443.44,98.9,-73.5,-120,1,1
trayectoria,8.26,1,336.535,100.323,16.1304,-53.0435,2.3,1
trayectoria,8.26,2,401.411,584.477,-78.4,130,1.2,1
trayectoria,8.26,3,305.938,199.672,-119,110,0.8,0
trayectoria,8.27,0,442.705,97.7,-73.5,-120,1,1
trayectoria,8.27,1,336.696,99.7922,16.1304,-53.0435,2.3,1
trayectoria,8.27,2,400.627,585.777,-78.4,130,1.2,1
trayectoria,8.27,3,305.938,199.672,-119,110,0.8,0
trayectoria,8.28,0,441.97,96.5,-73.5,-120,1,1
trayectoria,8.28,1,336.858,99.2618,16.1304,-53.0435,2.3,1
trayectoria,8.28,2,399.843,587.077,-78.4,130,1.2,1
trayectoria,8.28,3,305.938,199.672,-119,110,0.8,0
trayectoria,8.29,0,441.235,95.3,-73.5,-120,1,1
trayectoria,8.29,1,337.019,98.7314,16.1304,-53.0435,2.3,1
trayectoria,8.29,2,399.059,588.377,-78.4,130,1.2,1
trayectoria,8.29,3,305.938,199.672,-119,110,0.8,0
trayectoria,8.3,0,440.5,94.1,-73.5,-120,1,1
trayectoria,8.3,1,337.18,98.2009,16.1304,-53.0435,2.3,1
trayectoria,8.3,2,398.275,589.677,-78.4,130,1.2,1
trayectoria,8.3,3,305.938,199.672,-119,110,0.8,0
trayectoria,8.31,0,439.765,92.9,-73.5,-120,1,1
trayectoria,8.31,1,337.342,97.6705,16.1304,-53.0435,2.3,1
trayectoria,8.31,2,397.491,590.977,-78.4,130,1.2,1
trayectoria,8.31,3,305.938,199.672,-119,110,0.8,0
trayectoria,8.32,0,439.03,91.7,-73.5,-120,1,1
trayectoria,8.32,1,337.503,97.1401,16.1304,-53.0435,2.3,1
trayectoria,8.32,2,396.707,592.277,-78.4,130,1.2,1
trayectoria,8.32,3,305.938,199.672,-119,110,0.8,0
trayectoria,8.33,0,438.295,90.5,-73.5,-120,1,1
trayectoria,8.33,1,337.664,96.6096,16.1304,-53.0435,2.3,1
trayectoria,8.33,2,395.923,593.577,-78.4,130,1.2,1
trayectoria,8.33,3,305.938,199.672,-119,110,0.8,0
trayectoria,8.34,0,437.56,89.3,-73.5,-120,1,1
trayectoria,8.34,1,337.826,96.0792,16.1304,-53.0435,2.3,1
trayectoria,8.34,2,395.139,594.023,-78.4,-130,1.2,1
trayectoria,8.34,3,305.938,199.672,-119,110,0.8,0
trayectoria,8.35,0,436.825,88.1,-73.5,-120,1,1
trayectoria,8.35,1,337.987,95.5487,16.1304,-53.0435,2.3,1
trayectoria,8.35,2,394.355,592.723,-78.4,-130,1.2,1
trayectoria,8.35,3,305.938,199.672,-119,110,0.8,0
trayectoria,8.36,0,436.09,86.9,-73.5,-120,1,1
trayectoria,8.36,1,338.148,95.0183,16.1304,-53.0435,2.3,1
trayectoria,8.36,2,393.571,591.423,-78.4,-130,1.2,1
trayectoria,8.36,3,305.938,199.672,-119,110,0.8,0
trayectoria,8.37,0,435.355,85.7,-73.5,-120,1,1
trayectoria,8.37,1,338.31,94.4879,16.1304,-53.0435,2.3,1
trayectoria,8.37,2,392.787,590.123,-78.4,-130,1.2,1
trayectoria,8.37,3,305.938,199.672,-119,110,0.8,0
trayectoria,8.38,0,434.62,84.5,-73.5,-120,1,1
trayectoria,8.38,1,338.471,93.9574,16.1304,-53.0435,2.3,1
trayectoria,8.38,2,392.003,588.823,-78.4,-130,1.2,1
trayectoria,8.38,3,305.938,199.672,-119,110,0.8,0
trayectoria,8.39,0,433.885,83.3,-73.5,-120,1,1
trayectoria,8.39,1,338.632,93.427,16.1304,-53.0435,2.3,1
trayectoria,8.39,2,391.219,587.523,-78.4,-130,1.2,1
trayectoria,8.39,3,305.938,199.672,-119,110,0.8,0
trayectoria,8.4,0,433.15,82.1,-73.5,-120,1,1
trayectoria,8.4,1,338.793,92.8966,16.1304,-53.0435,2.3,1
trayectoria,8.4,2,390.435,586.223,-78.4,-130,1.2,1
trayectoria,8.4,3,305.938,199.672,-119,110,0.8,0
trayectoria,8.41,0,432.415,80.9,-73.5,-120,1,1
trayectoria,8.41,1,338.955,92.3661,16.1304,-53.0435,2.3,1
trayectoria,8.41,2,389.651,584.923,-78.4,-130,1.2,1
trayectoria,8.41,3,305.938,199.672,-119,110,0.8,0
trayectoria,8.42,0,431.68,79.7,-73.5,-120,1,1
trayectoria,8.42,1,339.116,91.8357,16.1304,-53.0435,2.3,1
trayectoria,8.42,2,388.867,583.623,-78.4,-130,1.2,1
trayectoria,8.42,3,305.938,199.672,-119,110,0.8,0
trayectoria,8.43,0,430.945,78.5,-73.5,-120,1,1
trayectoria,8.43,1,339.277,91.3053,16.1304,-53.0435,2.3,1
trayectoria,8.43,2,388.083,582.323,-78.4,-130,1.2,1
trayectoria,8.43,3,305.938,199.672,-119,110,0.8,0
trayectoria,8.44,0,430.21,77.3,-73.5,-120,1,1
trayectoria,8.44,1,339.439,90.7748,16.1304,-53.0435,2.3,1
trayectoria,8.44,2,387.299,581.023,-78.4,-130,1.2,1
trayectoria,8.44,3,305.938,199.672,-119,110,0.8,0
trayectoria,8.45,0,429.475,76.1,-73.5,-120,1,1
trayectoria,8.45,1,339.6,90.2444,16.1304,-53.0435,2.3,1
trayectoria,8.45,2,386.515,579.723,-78.4,-130,1.2,1
trayectoria,8.45,3,305.938,199.672,-119,110,0.8,0
trayectoria,8.46,0,428.74,74.9,-73.5,-120,1,1
trayectoria,8.46,1,339.761,89.714,16.1304,-53.0435,2.3,1
trayectoria,8.46,2,385.731,578.423,-78.4,-130,1.2,1
trayectoria,8.46,3,305.938,199.672,-119,110,0.8,0
trayectoria,8.47,0,428.005,73.7,-73.5,-120,1,1
trayectoria,8.47,1,339.923,89.1835,16.1304,-53.0435,2.3,1
trayectoria,8.47,2,384.947,577.123,-78.4,-130,1.2,1
trayectoria,8.47,3,305.938,199.672,-119,110,0.8,0
trayectoria,8.48,0,427.27,72.5,-73.5,-120,1,1
trayectoria,8.48,1,340.084,88.6531,16.1304,-53.0435,2.3,1
trayectoria,8.48,2,384.163,575.823,-78.4,-130,1.2,1
trayectoria,8.48,3,305.938,199.672,-119,110,0.8,0
trayectoria,8.49,0,426.535,71.3,-73.5,-120,1,1
trayectoria,8.49,1,340.245,88.1227,16.1304,-53.0435,2.3,1
trayectoria,8.49,2,383.379,574.523,-78.4,-130,1.2,1
trayectoria,8.49,3,305.938,199.672,-119,110,0.8,0
trayectoria,8.5,0,425.8,70.1,-73.5,-120,1,1
trayectoria,8.5,1,340.406,87.5922,16.1304,-53.0435,2.3,1
trayectoria,8.5,2,382.595,573.223,-78.4,-130,1.2,1
trayectoria,8.5,3,305.938,199.672,-119,110,0.8,0
trayectoria,8.51,0,425.065,68.9,-73.5,-120,1,1
trayectoria,8.51,1,340.568,87.0618,16.1304,-53.0435,2.3,1
trayectoria,8.51,2,381.811,571.923,-78.4,-130,1.2,1
trayectoria,8.51,3,305.938,199.672,-119,110,0.8,0
trayectoria,8.52,0,424.33,67.7,-73.5,-120,1,1
trayectoria,8.52,1,340.729,86.5314,16.1304,-53.0435,2.3,1
trayectoria,8.52,2,381.027,570.623,-78.4,-130,1.2,1
trayectoria,8.52,3,305.938,199.672,-119,110,0.8,0
trayectoria,8.53,0,423.595,66.5,-73.5,-120,1,1
trayectoria,8.53,1,340.89,86.0009,16.1304,-53.0435,2.3,1
trayectoria,8.53,2,380.243,569.323,-78.4,-130,1.2,1
trayectoria,8.53,3,305.938,199.672,-119,110,0.8,0
trayectoria,8.54,0,422.86,65.3,-73.5,-120,1,1
trayectoria,8.54,1,341.052,85.4705,16.1304,-53.0435,2.3,1
trayectoria,8.54,2,379.459,568.023,-78.4,-130,1.2,1
trayectoria,8.54,3,305.938,199.672,-119,110,0.8,0
trayectoria,8.55,0,422.125,64.1,-73.5,-120,1,1
trayectoria,8.55,1,341.213,84.9401,16.1304,-53.0435,2.3,1
trayectoria,8.55,2,378.675,566.723,-78.4,-130,1.2,1
trayectoria,8.55,3,305.938,199.672,-119,110,0.8,0
trayectoria,8.56,0,421.39,62.9,-73.5,-120,1,1
trayectoria,8.56,1,341.374,84.4096,16.1304,-53.0435,2.3,1
trayectoria,8.56,2,377.891,565.423,-78.4,-130,1.2,1
trayectoria,8.56,3,305.938,199.672,-119,110,0.8,0
trayectoria,8.57,0,420.655,61.7,-73.5,-120,1,1
trayectoria,8.57,1,341.536,83.8792,16.1304,-53.0435,2.3,1
trayectoria,8.57,2,377.107,564.123,-78.4,-130,1.2,1
trayectoria,8.57,3,305.938,199.672,-119,110,0.8,0
trayectoria,8.58,0,419.92,60.5,-73.5,-120,1,1
trayectoria,8.58,1,341.697,83.3487,16.1304,-53.0435,2.3,1
trayectoria,8.58,2,376.323,562.823,-78.4,-130,1.2,1
trayectoria,8.58,3,305.938,199.672,-119,110,0.8,0
trayectoria,8.59,0,419.185,59.3,-73.5,-120,1,1
trayectoria,8.59,1,341.858,82.8183,16.1304,-53.0435,2.3,1
trayectoria,8.59,2,375.539,561.523,-78.4,-130,1.2,1
trayectoria,8.59,3,305.938,199.672,-119,110,0.8,0
trayectoria,8.6,0,418.45,58.1,-73.5,-120,1,1
trayectoria,8.6,1,342.02,82.2879,16.1304,-53.0435,2.3,1
trayectoria,8.6,2,374.755,560.223,-78.4,-130,1.2,1
trayectoria,8.6,3,305.938,199.672,-119,110,0.8,0
trayectoria,8.61,0,417.715,56.9,-73.5,-120,1,1
trayectoria,8.61,1,342.181,81.7574,16.1304,-53.0435,2.3,1
trayectoria,8.61,2,373.971,558.923,-78.4,-130,1.2,1
trayectoria,8.61,3,305.938,199.672,-119,110,0.8,0
trayectoria,8.62,0,416.98,55.7,-73.5,-120,1,1
trayectoria,8.62,1,342.342,81.227,16.1304,-53.0435,2.3,1
trayectoria,8.62,2,373.187,557.623,-78.4,-130,1.2,1
trayectoria,8.62,3,305.938,199.672,-119,110,0.8,0
trayectoria,8.63,0,416.245,54.5,-73.5,-120,1,1
trayectoria,8.63,1,342.503,80.6966,16.1304,-53.0435,2.3,1
trayectoria,8.63,2,372.403,556.323,-78.4,-130,1.2,1
trayectoria,8.63,3,305.938,199.672,-119,110,0.8,0
trayectoria,8.64,0,415.51,53.3,-73.5,-120,1,1
trayectoria,8.64,1,342.665,80.1661,16.1304,-53.0435,2.3,1
trayectoria,8.64,2,371.619,555.023,-78.4,-130,1.2,1
trayectoria,8.64,3,305.938,199.672,-119,110,0.8,0
trayectoria,8.65,0,414.775,52.1,-73.5,-120,1,1
trayectoria,8.65,1,342.826,79.6357,16.1304,-53.0435,2.3,1
trayectoria,8.65,2,370.835,553.723,-78.4,-130,1.2,1
trayectoria,8.65,3,305.938,199.672,-119,110,0.8,0
trayectoria,8.66,0,414.04,50.9,-73.5,-120,1,1
trayectoria,8.66,1,342.987,79.1053,16.1304,-53.0435,2.3,1
trayectoria,8.66,2,370.051,552.423,-78.4,-130,1.2,1
trayectoria,8.66,3,305.938,199.672,-119,110,0.8,0
trayectoria,8.67,0,413.305,49.7,-73.5,-120,1,1
trayectoria,8.67,1,343.149,78.5748,16.1304,-53.0435,2.3,1
trayectoria,8.67,2,369.267,551.123,-78.4,-130,1.2,1
trayectoria,8.67,3,305.938,199.672,-119,110,0.8,0
trayectoria,8.68,0,412.57,48.5,-73.5,-120,1,1
trayectoria,8.68,1,343.31,78.0444,16.1304,-53.0435,2.3,1
trayectoria,8.68,2,368.483,549.823,-78.4,-130,1.2,1
trayectoria,8.68,3,305.938,199.672,-119,110,0.8,0
trayectoria,8.69,0,411.835,47.3,-73.5,-120,1,1
trayectoria,8.69,1,343.471,77.514,16.1304,-53.0435,2.3,1
trayectoria,8.69,2,367.699,548.523,-78.4,-130,1.2,1
trayectoria,8.69,3,305.938,199.672,-119,110,0.8,0
trayectoria,8.7,0,411.1,46.1,-73.5,-120,1,1
trayectoria,8.7,1,343.633,76.9835,16.1304,-53.0435,2.3,1
trayectoria,8.7,2,366.915,547.223,-78.4,-130,1.2,1
trayectoria,8.7,3,305.938,199.672,-119,110,0.8,0
trayectoria,8.71,0,410.365,44.9,-73.5,-120,1,1
trayectoria,8.71,1,343.794,76.4531,16.1304,-53.0435,2.3,1
trayectoria,8.71,2,366.131,545.923,-78.4,-130,1.2,1
trayectoria,8.71,3,305.938,199.672,-119,110,0.8,0
trayectoria,8.72,0,409.63,43.7,-73.5,-120,1,1
trayectoria,8.72,1,343.955,75.9227,16.1304,-53.0435,2.3,1
trayectoria,8.72,2,365.347,544.623,-78.4,-130,1.2,1
trayectoria,8.72,3,305.938,199.672,-119,110,0.8,0
trayectoria,8.73,0,408.895,42.5,-73.5,-120,1,1
trayectoria,8.73,1,344.116,75.3922,16.1304,-53.0435,2.3,1
trayectoria,8.73,2,364.563,543.323,-78.4,-130,1.2,1
trayectoria,8.73,3,305.938,199.672,-119,110,0.8,0
trayectoria,8.74,0,408.16,41.3,-73.5,-120,1,1
trayectoria,8.74,1,344.278,74.8618,16.1304,-53.0435,2.3,1
trayectoria,8.74,2,363.779,542.023,-78.4,-130,1.2,1
trayectoria,8.74,3,305.938,199.672,-119,110,0.8,0
trayectoria,8.75,0,407.425,40.1,-73.5,-120,1,1
trayectoria,8.75,1,344.439,74.3314,16.1304,-53.0435,2.3,1
trayectoria,8.75,2,362.995,540.723,-78.4,-130,1.2,1
trayectoria,8.75,3,305.938,199.672,-119,110,0.8,0
trayectoria,8.76,0,406.69,38.9,-73.5,-120,1,1
trayectoria,8.76,1,344.6,73.8009,16.1304,-53.0435,2.3,1
trayectoria,8.76,2,362.211,539.423,-78.4,-130,1.2,1
trayectoria,8.76,3,305.938,199.672,-119,110,0.8,0
trayectoria,8.77,0,405.955,37.7,-73.5,-120,1,1
trayectoria,8.77,1,344.762,73.2705,16.1304,-53.0435,2.3,1
trayectoria,8.77,2,361.427,538.123,-78.4,-130,1.2,1
trayectoria,8.77,3,305.938,199.672,-119,110,0.8,0
trayectoria,8.78,0,405.22,36.5,-73.5,-120,1,1
trayectoria,8.78,1,344.923,72.7401,16.1304,-53.0435,2.3,1
trayectoria,8.78,2,360.643,536.823,-78.4,-130,1.2,1
trayectoria,8.78,3,305.938,199.672,-119,110,0.8,0
trayectoria,8.79,0,404.485,35.3,-73.5,-120,1,1
trayectoria,8.79,1,345.084,72.2096,16.1304,-53.0435,2.3,1
trayectoria,8.79,2,359.859,535.523,-78.4,-130,1.2,1
trayectoria,8.79,3,305.938,199.672,-119,110,0.8,0
trayectoria,8.8,0,403.75,34.1,-73.5,-120,1,1
trayectoria,8.8,1,345.246,71.6792,16.1304,-53.0435,2.3,1
trayectoria,8.8,2,359.075,534.223,-78.4,-130,1.2,1
trayectoria,8.8,3,305.938,199.672,-119,110,0.8,0
trayectoria,8.81,0,403.015,32.9,-73.5,-120,1,1
trayectoria,8.81,1,345.407,71.1487,16.1304,-53.0435,2.3,1
trayectoria,8.81,2,358.291,532.923,-78.4,-130,1.2,1
trayectoria,8.81,3,305.938,199.672,-119,110,0.8,0
trayectoria,8.82,0,402.28,31.7,-73.5,-120,1,1
trayectoria,8.82,1,345.568,70.6183,16.1304,-53.0435,2.3,1
trayectoria,8.82,2,357.507,531.623,-78.4,-130,1.2,1
trayectoria,8.82,3,305.938,199.672,-119,110,0.8,0
trayectoria,8.83,0,401.545,30.5,-73.5,-120,1,1
trayectoria,8.83,1,345.73,70.0879,16.1304,-53.0435,2.3,1
trayectoria,8.83,2,356.723,530.323,-78.4,-130,1.2,1
trayectoria,8.83,3,305.938,199.672,-119,110,0.8,0
trayectoria,8.84,0,400.81,29.3,-73.5,-120,1,1
trayectoria,8.84,1,345.891,69.5574,16.1304,-53.0435,2.3,1
trayectoria,8.84,2,355.939,529.023,-78.4,-130,1.2,1
trayectoria,8.84,3,305.938,199.672,-119,110,0.8,0
trayectoria,8.85,0,400.075,28.1,-73.5,-120,1,1
trayectoria,8.85,1,346.052,69.027,16.1304,-53.0435,2.3,1
trayectoria,8.85,2,355.155,527.723,-78.4,-130,1.2,1
trayectoria,8.85,3,305.938,199.672,-119,110,0.8,0
trayectoria,8.86,0,399.34,26.9,-73.5,-120,1,1
trayectoria,8.86,1,346.213,68.4966,16.1304,-53.0435,2.3,1
trayectoria,8.86,2,354.371,526.423,-78.4,-130,1.2,1
trayectoria,8.86,3,305.938,199.672,-119,110,0.8,0
trayectoria,8.87,0,398.605,25.7,-73.5,-120,1,1
trayectoria,8.87,1,346.375,67.9661,16.1304,-53.0435,2.3,1
trayectoria,8.87,2,353.587,525.123,-78.4,-130,1.2,1
trayectoria,8.87,3,305.938,199.672,-119,110,0.8,0
trayectoria,8.88,0,397.87,24.5,-73.5,-120,1,1
trayectoria,8.88,1,346.536,67.4357,16.1304,-53.0435,2.3,1
trayectoria,8.88,2,352.803,523.823,-78.4,-130,1.2,1
trayectoria,8.88,3,305.938,199.672,-119,110,0.8,0
trayectoria,8.89,0,397.135,23.3,-73.5,-120,1,1
trayectoria,8.89,1,346.697,66.9053,16.1304,-53.0435,2.3,1
trayectoria,8.89,2,352.019,522.523,-78.4,-130,1.2,1
trayectoria,8.89,3,305.938,199.672,-119,110,0.8,0
trayectoria,8.9,0,396.4,22.1,-73.5,-120,1,1
trayectoria,8.9,1,346.859,66.3748,16.1304,-53.0435,2.3,1
trayectoria,8.9,2,351.235,521.223,-78.4,-130,1.2,1
trayectoria,8.9,3,305.938,199.672,-119,110,0.8,0
trayectoria,8.91,0,395.665,20.9,-73.5,-120,1,1
trayectoria,8.91,1,347.02,65.8444,16.1304,-53.0435,2.3,1
trayectoria,8.91,2,350.451,519.923,-78.4,-130,1.2,1
trayectoria,8.91,3,305.938,199.672,-119,110,0.8,0
trayectoria,8.92,0,394.93,19.7,-73.5,-120,1,1
trayectoria,8.92,1,347.181,65.314,16.1304,-53.0435,2.3,1
trayectoria,8.92,2,349.667,518.623,-78.4,-130,1.2,1
trayectoria,8.92,3,305.938,199.672,-119,110,0.8,0
trayectoria,8.93,0,394.195,18.5,-73.5,-120,1,1
trayectoria,8.93,1,347.343,64.7835,16.1304,-53.0435,2.3,1
trayectoria,8.93,2,348.883,517.323,-78.4,-130,1.2,1
trayectoria,8.93,3,305.938,199.672,-119,110,0.8,0
trayectoria,8.94,0,393.46,17.3,-73.5,-120,1,1
trayectoria,8.94,1,347.504,64.2531,16.1304,-53.0435,2.3,1
trayectoria,8.94,2,348.099,516.023,-78.4,-130,1.2,1
trayectoria,8.94,3,305.938,199.672,-119,110,0.8,0
trayectoria,8.95,0,392.725,16.1,-73.5,-120,1,1
trayectoria,8.95,1,347.665,63.7227,16.1304,-53.0435,2.3,1
trayectoria,8.95,2,347.315,514.723,-78.4,-130,1.2,1
trayectoria,8.95,3,305.938,199.672,-119,110,0.8,0
trayectoria,8.96,0,391.99,14.9,-73.5,-120,1,1
trayectoria,8.96,1,347.826,63.1922,16.1304,-53.0435,2.3,1
trayectoria,8.96,2,346.531,513.423,-78.4,-130,1.2,1
trayectoria,8.96,3,305.938,199.672,-119,110,0.8,0
trayectoria,8.97,0,391.255,13.7,-73.5,-120,1,1
trayectoria,8.97,1,347.988,62.6618,16.1304,-53.0435,2.3,1
trayectoria,8.97,2,345.747,512.123,-78.4,-130,1.2,1
trayectoria,8.97,3,305.938,199.672,-119,110,0.8,0
trayectoria,8.98,0,390.52,12.5,-73.5,-120,1,1
trayectoria,8.98,1,348.149,62.1314,16.1304,-53.0435,2.3,1
trayectoria,8.98,2,344.963,510.823,-78.4,-130,1.2,1
trayectoria,8.98,3,305.938,199.672,-119,110,0.8,0
trayectoria,8.99,0,389.785,11.3,-73.5,-120,1,1
trayectoria,8.99,1,348.31,61.6009,16.1304,-53.0435,2.3,1
trayectoria,8.99,2,344.179,509.523,-78.4,-130,1.2,1
trayectoria,8.99,3,305.938,199.672,-119,110,0.8,0
trayectoria,9,0,389.05,10.1,-73.5,-120,1,1
trayectoria,9,1,348.472,61.0705,16.1304,-53.0435,2.3,1
trayectoria,9,2,343.395,508.223,-78.4,-130,1.2,1
trayectoria,9,3,305.938,199.672,-119,110,0.8,0
trayectoria,9.01,0,388.315,8.9,-73.5,-120,1,1
trayectoria,9.01,1,348.633,60.5401,16.1304,-53.0435,2.3,1
trayectoria,9.01,2,342.611,506.923,-78.4,-130,1.2,1
trayectoria,9.01,3,305.938,199.672,-119,110,0.8,0
trayectoria,9.02,0,387.58,7.7,-73.5,-120,1,1
trayectoria,9.02,1,348.794,60.0096,16.1304,-53.0435,2.3,1
trayectoria,9.02,2,341.827,505.623,-78.4,-130,1.2,1
trayectoria,9.02,3,305.938,199.672,-119,110,0.8,0
trayectoria,9.03,0,386.845,6.5,-73.5,-120,1,1
trayectoria,9.03,1,348.956,59.4792,16.1304,-53.0435,2.3,1
trayectoria,9.03,2,341.043,504.323,-78.4,-130,1.2,1
trayectoria,9.03,3,305.938,199.672,-119,110,0.8,0
trayectoria,9.04,0,386.11,5.3,-73.5,-120,1,1
trayectoria,9.04,1,349.117,58.9487,16.1304,-53.0435,2.3,1
trayectoria,9.04,2,340.259,503.023,-78.4,-130,1.2,1
trayectoria,9.04,3,305.938,199.672,-119,110,0.8,0
trayectoria,9.05,0,385.375,5.5,-73.5,120,1,1
trayectoria,9.05,1,349.278,58.4183,16.1304,-53.0435,2.3,1
trayectoria,9.05,2,339.475,501.723,-78.4,-130,1.2,1
trayectoria,9.05,3,305.938,199.672,-119,110,0.8,0
trayectoria,9.06,0,384.64,6.7,-73.5,120,1,1
trayectoria,9.06,1,349.44,57.8879,16.1304,-53.0435,2.3,1
trayectoria,9.06,2,338.691,500.423,-78.4,-130,1.2,1
trayectoria,9.06,3,305.938,199.672,-119,110,0.8,0
trayectoria,9.07,0,383.905,7.9,-73.5,120,1,1
trayectoria,9.07,1,349.601,57.3574,16.1304,-53.0435,2.3,1
trayectoria,9.07,2,337.907,499.123,-78.4,-130,1.2,1
trayectoria,9.07,3,305.938,199.672,-119,110,0.8,0
trayectoria,9.08,0,383.17,9.1,-73.5,120,1,1
trayectoria,9.08,1,349.762,56.827,16.1304,-53.0435,2.3,1
trayectoria,9.08,2,337.123,497.823,-78.4,-130,1.2,1
trayectoria,9.08,3,305.938,199.672,-119,110,0.8,0
trayectoria,9.09,0,382.435,10.3,-73.5,120,1,1
trayectoria,9.09,1,349.923,56.2966,16.1304,-53.0435,2.3,1
trayectoria,9.09,2,336.339,496.523,-78.4,-130,1.2,1
trayectoria,9.09,3,305.938,199.672,-119,110,0.8,0
trayectoria,9.1,0,381.7,11.5,-73.5,120,1,1
trayectoria,9.1,1,350.085,55.7661,16.1304,-53.0435,2.3,1
trayectoria,9.1,2,335.555,495.223,-78.4,-130,1.2,1
trayectoria,9.1,3,305.938,199.672,-119,110,0.8,0
trayectoria,9.11,0,380.965,12.7,-73.5,120,1,1
trayectoria,9.11,1,350.246,55.2357,16.1304,-53.0435,2.3,1
trayectoria,9.11,2,334.771,493.923,-78.4,-130,1.2,1
trayectoria,9.11,3,305.938,199.672,-119,110,0.8,0
trayectoria,9.12,0,380.23,13.9,-73.5,120,1,1
trayectoria,9.12,1,350.407,54.7053,16.1304,-53.0435,2.3,1
trayectoria,9.12,2,333.987,492.623,-78.4,-130,1.2,1
trayectoria,9.12,3,305.938,199.672,-119,110,0.8,0
trayectoria,9.13,0,379.495,15.1,-73.5,120,1,1
trayectoria,9.13,1,350.569,54.1748,16.1304,-53.0435,2.3,1
trayectoria,9.13,2,333.203,491.323,-78.4,-130,1.2,1
trayectoria,9.13,3,305.938,199.672,-119,110,0.8,0
trayectoria,9.14,0,378.76,16.3,-73.5,120,1,1
trayectoria,9.14,1,350.73,53.6444,16.1304,-53.0435,2.3,1
trayectoria,9.14,2,332.419,490.023,-78.4,-130,1.2,1
trayectoria,9.14,3,305.938,199.672,-119,110,0.8,0
trayectoria,9.15,0,378.025,17.5,-73.5,120,1,1
trayectoria,9.15,1,350.891,53.114,16.1304,-53.0435,2.3,1
trayectoria,9.15,2,331.635,488.723,-78.4,-130,1.2,1
trayectoria,9.15,3,305.938,199.672,-119,110,0.8,0
trayectoria,9.16,0,377.29,18.7,-73.5,120,1,1
trayectoria,9.16,1,351.053,52.5835,16.1304,-53.0435,2.3,1
trayectoria,9.16,2,330.851,487.423,-78.4,-130,1.2,1
trayectoria,9.16,3,305.938,199.672,-119,110,0.8,0
trayectoria,9.17,0,376.555,19.9,-73.5,120,1,1
trayectoria,9.17,1,351.214,52.0531,16.1304,-53.0435,2.3,1
trayectoria,9.17,2,330.067,486.123,-78.4,-130,1.2,1
trayectoria,9.17,3,305.938,199.672,-119,110,0.8,0
trayectoria,9.18,0,375.82,21.1,-73.5,120,1,1
trayectoria,9.18,1,351.375,51.5227,16.1304,-53.0435,2.3,1
trayectoria,9.18,2,329.283,484.823,-78.4,-130,1.2,1
trayectoria,9.18,3,305.938,199.672,-119,110,0.8,0
trayectoria,9.19,0,375.085,22.3,-73.5,120,1,1
trayectoria,9.19,1,351.536,50.9922,16.1304,-53.0435,2.3,1
trayectoria,9.19,2,328.499,483.523,-78.4,-130,1.2,1
trayectoria,9.19,3,305.938,199.672,-119,110,0.8,0
trayectoria,9.2,0,374.35,23.5,-73.5,120,1,1
trayectoria,9.2,1,351.698,50.4618,16.1304,-53.0435,2.3,1
trayectoria,9.2,2,327.715,482.223,-78.4,-130,1.2,1
trayectoria,9.2,3,305.938,199.672,-119,110,0.8,0
trayectoria,9.21,0,373.615,24.7,-73.5,120,1,1
trayectoria,9.21,1,351.859,49.9314,16.1304,-53.0435,2.3,1
trayectoria,9.21,2,326.931,480.923,-78.4,-130,1.2,1
trayectoria,9.21,3,305.938,199.672,-119,110,0.8,0
trayectoria,9.22,0,372.88,25.9,-73.5,120,1,1
trayectoria,9.22,1,352.02,49.4009,16.1304,-53.0435,2.3,1
trayectoria,9.22,2,326.147,479.623,-78.4,-130,1.2,1
trayectoria,9.22,3,305.938,199.672,-119,110,0.8,0
trayectoria,9.23,0,372.145,27.1,-73.5,120,1,1
trayectoria,9.23,1,352.182,48.8705,16.1304,-53.0435,2.3,1
trayectoria,9.23,2,325.363,478.323,-78.4,-130,1.2,1
trayectoria,9.23,3,305.938,199.672,-119,110,0.8,0
trayectoria,9.24,0,371.41,28.3,-73.5,120,1,1
trayectoria,9.24,1,352.343,48.3401,16.1304,-53.0435,2.3,1
trayectoria,9.24,2,324.579,477.023,-78.4,-130,1.2,1
trayectoria,9.24,3,305.938,199.672,-119,110,0.8,0
trayectoria,9.25,0,370.675,29.5,-73.5,120,1,1
trayectoria,9.25,1,352.504,47.8096,16.1304,-53.0435,2.3,1
trayectoria,9.25,2,323.795,475.723,-78.4,-130,1.2,1
trayectoria,9.25,3,305.938,199.672,-119,110,0.8,0
trayectoria,9.26,0,369.94,30.7,-73.5,120,1,1
trayectoria,9.26,1,352.666,47.2792,16.1304,-53.0435,2.3,1
trayectoria,9.26,2,323.011,474.423,-78.4,-130,1.2,1
trayectoria,9.26,3,305.938,199.672,-119,110,0.8,0
trayectoria,9.27,0,369.205,31.9,-73.5,120,1,1
trayectoria,9.27,1,352.827,46.7487,16.1304,-53.0435,2.3,1
trayectoria,9.27,2,322.227,473.123,-78.4,-130,1.2,1
trayectoria,9.27,3,305.938,199.672,-119,110,0.8,0
trayectoria,9.28,0,368.47,33.1,-73.5,120,1,1
trayectoria,9.28,1,352.988,46.2183,16.1304,-53.0435,2.3,1
trayectoria,9.28,2,321.443,471.823,-78.4,-130,1.2,1
trayectoria,9.28,3,305.938,199.672,-119,110,0.8,0
trayectoria,9.29,0,367.735,34.3,-73.5,120,1,1
trayectoria,9.29,1,353.15,45.6879,16.1304,-53.0435,2.3,1
trayectoria,9.29,2,320.659,470.523,-78.4,-130,1.2,1
trayectoria,9.29,3,305.938,199.672,-119,110,0.8,0
trayectoria,9.3,0,367,35.5,-73.5,120,1,1
trayectoria,9.3,1,353.311,45.1574,16.1304,-53.0435,2.3,1
trayectoria,9.3,2,319.875,469.223,-78.4,-130,1.2,1
trayectoria,9.3,3,305.938,199.672,-119,110,0.8,0
trayectoria,9.31,0,366.265,36.7,-73.5,120,1,1
trayectoria,9.31,1,353.472,44.627,16.1304,-53.0435,2.3,1
trayectoria,9.31,2,319.091,467.923,-78.4,-130,1.2,1
trayectoria,9.31,3,305.938,199.672,-119,110,0.8,0
trayectoria,9.32,0,365.53,37.9,-73.5,120,1,1
trayectoria,9.32,1,353.633,44.0966,16.1304,-53.0435,2.3,1
trayectoria,9.32,2,318.307,466.623,-78.4,-130,1.2,1
trayectoria,9.32,3,305.938,199.672,-119,110,0.8,0
trayectoria,9.33,0,357.128,42.2128,-11.0303,-0.606061,3.3,1
trayectoria,9.33,1,353.795,43.5661,16.1304,-53.0435,2.3,0
trayectoria,9.33,2,317.523,465.323,-78.4,-130,1.2,1
trayectoria,9.33,3,305.938,199.672,-119,110,0.8,0
trayectoria,9.34,0,357.018,42.2067,-11.0303,-0.606061,3.3,1
trayectoria,9.34,1,353.795,43.5661,16.1304,-53.0435,2.3,0
trayectoria,9.34,2,316.739,464.023,-78.4,-130,1.2,1
trayectoria,9.34,3,305.938,199.672,-119,110,0.8,0
trayectoria,9.35,0,356.908,42.2006,-11.0303,-0.606061,3.3,1
trayectoria,9.35,1,353.795,43.5661,16.1304,-53.0435,2.3,0
trayectoria,9.35,2,315.955,462.723,-78.4,-130,1.2,1
trayectoria,9.35,3,305.938,199.672,-119,110,0.8,0
trayectoria,9.36,0,356.797,42.1946,-11.0303,-0.606061,3.3,1
trayectoria,9.36,1,353.795,43.5661,16.1304,-53.0435,2.3,0
trayectoria,9.36,2,315.171,461.423,-78.4,-130,1.2,1
trayectoria,9.36,3,305.938,199.672,-119,110,0.8,0
trayectoria,9.37,0,356.687,42.1885,-11.0303,-0.606061,3.3,1
trayectoria,9.37,1,353.795,43.5661,16.1304,-53.0435,2.3,0
trayectoria,9.37,2,314.387,460.123,-78.4,-130,1.2,1
trayectoria,9.37,3,305.938,199.672,-119,110,0.8,0
trayectoria,9.38,0,356.577,42.1825,-11.0303,-0.606061,3.3,1
trayectoria,9.38,1,353.795,43.5661,16.1304,-53.0435,2.3,0
trayectoria,9.38,2,313.603,458.823,-78.4,-130,1.2,1
trayectoria,9.38,3,305.938,199.672,-119,110,0.8,0
trayectoria,9.39,0,356.466,42.1764,-11.0303,-0.606061,3.3,1
trayectoria,9.39,1,353.795,43.5661,16.1304,-53.0435,2.3,0
trayectoria,9.39,2,312.819,457.523,-78.4,-130,1.2,1
trayectoria,9.39,3,305.938,199.672,-119,110,0.8,0
trayectoria,9.4,0,356.356,42.1703,-11.0303,-0.606061,3.3,1
trayectoria,9.4,1,353.795,43.5661,16.1304,-53.0435,2.3,0
trayectoria,9.4,2,312.035,456.223,-78.4,-130,1.2,1
trayectoria,9.4,3,305.938,199.672,-119,110,0.8,0
trayectoria,9.41,0,356.246,42.1643,-11.0303,-0.606061,3.3,1
trayectoria,9.41,1,353.795,43.5661,16.1304,-53.0435,2.3,0
trayectoria,9.41,2,311.251,454.923,-78.4,-130,1.2,1
trayectoria,9.41,3,305.938,199.672,-119,110,0.8,0
trayectoria,9.42,0,356.135,42.1582,-11.0303,-0.606061,3.3,1
trayectoria,9.42,1,353.795,43.5661,16.1304,-53.0435,2.3,0
trayectoria,9.42,2,310.467,453.623,-78.4,-130,1.2,1
trayectoria,9.42,3,305.938,199.672,-119,110,0.8,0
trayectoria,9.43,0,356.025,42.1522,-11.0303,-0.606061,3.3,1
trayectoria,9.43,1,353.795,43.5661,16.1304,-53.0435,2.3,0
trayectoria,9.43,2,309.683,452.323,-78.4,-130,1.2,1
trayectoria,9.43,3,305.938,199.672,-119,110,0.8,0
trayectoria,9.44,0,355.915,42.1461,-11.0303,-0.606061,3.3,1
trayectoria,9.44,1,353.795,43.5661,16.1304,-53.0435,2.3,0
trayectoria,9.44,2,308.899,451.023,-78.4,-130,1.2,1
trayectoria,9.44,3,305.938,199.672,-119,110,0.8,0
trayectoria,9.45,0,355.805,42.14,-11.0303,-0.606061,3.3,1
trayectoria,9.45,1,353.795,43.5661,16.1304,-53.0435,2.3,0
trayectoria,9.45,2,308.115,449.723,-78.4,-130,1.2,1
trayectoria,9.45,3,305.938,199.672,-119,110,0.8,0
trayectoria,9.46,0,355.694,42.134,-11.0303,-0.606061,3.3,1
trayectoria,9.46,1,353.795,43.5661,16.1304,-53.0435,2.3,0
trayectoria,9.46,2,307.331,448.423,-78.4,-130,1.2,1
trayectoria,9.46,3,305.938,199.672,-119,110,0.8,0
trayectoria,9.47,0,355.584,42.1279,-11.0303,-0.606061,3.3,1
trayectoria,9.47,1,353.795,43.5661,16.1304,-53.0435,2.3,0
trayectoria,9.47,2,306.547,447.123,-78.4,-130,1.2,1
trayectoria,9.47,3,305.938,199.672,-119,110,0.8,0
trayectoria,9.48,0,355.474,42.1219,-11.0303,-0.606061,3.3,1
trayectoria,9.48,1,353.795,43.5661,16.1304,-53.0435,2.3,0
trayectoria,9.48,2,305.763,445.823,-78.4,-130,1.2,1
trayectoria,9.48,3,305.938,199.672,-119,110,0.8,0
trayectoria,9.49,0,355.363,42.1158,-11.0303,-0.606061,3.3,1
trayectoria,9.49,1,353.795,43.5661,16.1304,-53.0435,2.3,0
trayectoria,9.49,2,304.979,444.523,-78.4,-130,1.2,1
trayectoria,9.49,3,305.938,199.672,-119,110,0.8,0
trayectoria,9.5,0,355.253,42.1097,-11.0303,-0.606061,3.3,1
trayectoria,9.5,1,353.795,43.5661,16.1304,-53.0435,2.3,0
trayectoria,9.5,2,304.195,443.223,-78.4,-130,1.2,1
trayectoria,9.5,3,305.938,199.672,-119,110,0.8,0
trayectoria,9.51,0,355.143,42.1037,-11.0303,-0.606061,3.3,1
trayectoria,9.51,1,353.795,43.5661,16.1304,-53.0435,2.3,0
trayectoria,9.51,2,303.411,441.923,-78.4,-130,1.2,1
trayectoria,9.51,3,305.938,199.672,-119,110,0.8,0
trayectoria,9.52,0,355.032,42.0976,-11.0303,-0.606061,3.3,1
trayectoria,9.52,1,353.795,43.5661,16.1304,-53.0435,2.3,0
trayectoria,9.52,2,302.627,440.623,-78.4,-130,1.2,1
trayectoria,9.52,3,305.938,199.672,-119,110,0.8,0
trayectoria,9.53,0,354.922,42.0916,-11.0303,-0.606061,3.3,1
trayectoria,9.53,1,353.795,43.5661,16.1304,-53.0435,2.3,0
trayectoria,9.53,2,301.843,439.323,-78.4,-130,1.2,1
trayectoria,9.53,3,305.938,199.672,-119,110,0.8,0
trayectoria,9.54,0,354.812,42.0855,-11.0303,-0.606061,3.3,1
trayectoria,9.54,1,353.795,43.5661,16.1304,-53.0435,2.3,0
trayectoria,9.54,2,301.059,438.023,-78.4,-130,1.2,1
trayectoria,9.54,3,305.938,199.672,-119,110,0.8,0
trayectoria,9.55,0,354.701,42.0794,-11.0303,-0.606061,3.3,1
trayectoria,9.55,1,353.795,43.5661,16.1304,-53.0435,2.3,0
trayectoria,9.55,2,300.275,436.723,-78.4,-130,1.2,1
trayectoria,9.55,3,305.938,199.672,-119,110,0.8,0
trayectoria,9.56,0,354.591,42.0734,-11.0303,-0.606061,3.3,1
trayectoria,9.56,1,353.795,43.5661,16.1304,-53.0435,2.3,0
trayectoria,9.56,2,299.491,435.423,-78.4,-130,1.2,1
trayectoria,9.56,3,305.938,199.672,-119,110,0.8,0
trayectoria,9.57,0,354.481,42.0673,-11.0303,-0.606061,3.3,1
trayectoria,9.57,1,353.795,43.5661,16.1304,-53.0435,2.3,0
trayectoria,9.57,2,298.707,434.123,-78.4,-130,1.2,1
trayectoria,9.57,3,305.938,199.672,-119,110,0.8,0
trayectoria,9.58,0,354.371,42.0612,-11.0303,-0.606061,3.3,1
trayectoria,9.58,1,353.795,43.5661,16.1304,-53.0435,2.3,0
trayectoria,9.58,2,297.923,432.823,-78.4,-130,1.2,1
trayectoria,9.58,3,305.938,199.672,-119,110,0.8,0
trayectoria,9.59,0,354.26,42.0552,-11.0303,-0.606061,3.3,1
trayectoria,9.59,1,353.795,43.5661,16.1304,-53.0435,2.3,0
trayectoria,9.59,2,297.139,431.523,-78.4,-130,1.2,1
trayectoria,9.59,3,305.938,199.672,-119,110,0.8,0
trayectoria,9.6,0,354.15,42.0491,-11.0303,-0.606061,3.3,1
trayectoria,9.6,1,353.795,43.5661,16.1304,-53.0435,2.3,0
trayectoria,9.6,2,296.355,430.223,-78.4,-130,1.2,1
trayectoria,9.6,3,305.938,199.672,-119,110,0.8,0
trayectoria,9.61,0,354.04,42.0431,-11.0303,-0.606061,3.3,1
trayectoria,9.61,1,353.795,43.5661,16.1304,-53.0435,2.3,0
trayectoria,9.61,2,295.571,428.923,-78.4,-130,1.2,1
trayectoria,9.61,3,305.938,199.672,-119,110,0.8,0
trayectoria,9.62,0,353.929,42.037,-11.0303,-0.606061,3.3,1
trayectoria,9.62,1,353.795,43.5661,16.1304,-53.0435,2.3,0
trayectoria,9.62,2,294.787,427.623,-78.4,-130,1.2,1
trayectoria,9.62,3,305.938,199.672,-119,110,0.8,0
trayectoria,9.63,0,353.819,42.0309,-11.0303,-0.606061,3.3,1
trayectoria,9.63,1,353.795,43.5661,16.1304,-53.0435,2.3,0
trayectoria,9.63,2,294.003,426.323,-78.4,-130,1.2,1
trayectoria,9.63,3,305.938,199.672,-119,110,0.8,0
trayectoria,9.64,0,353.709,42.0249,-11.0303,-0.606061,3.3,1
trayectoria,9.64,1,353.795,43.5661,16.1304,-53.0435,2.3,0
trayectoria,9.64,2,293.219,425.023,-78.4,-130,1.2,1
trayectoria,9.64,3,305.938,199.672,-119,110,0.8,0
trayectoria,9.65,0,353.598,42.0188,-11.0303,-0.606061,3.3,1
trayectoria,9.65,1,353.795,43.5661,16.1304,-53.0435,2.3,0
trayectoria,9.65,2,292.435,423.723,-78.4,-130,1.2,1
trayectoria,9.65,3,305.938,199.672,-119,110,0.8,0
trayectoria,9.66,0,353.488,42.0128,-11.0303,-0.606061,3.3,1
trayectoria,9.66,1,353.795,43.5661,16.1304,-53.0435,2.3,0
trayectoria,9.66,2,291.651,422.423,-78.4,-130,1.2,1
trayectoria,9.66,3,305.938,199.672,-119,110,0.8,0
trayectoria,9.67,0,353.378,42.0067,-11.0303,-0.606061,3.3,1
trayectoria,9.67,1,353.795,43.5661,16.1304,-53.0435,2.3,0
trayectoria,9.67,2,290.867,421.123,-78.4,-130,1.2,1
trayectoria,9.67,3,305.938,199.672,-119,110,0.8,0
trayectoria,9.68,0,353.268,42.0006,-11.0303,-0.606061,3.3,1
trayectoria,9.68,1,353.795,43.5661,16.1304,-53.0435,2.3,0
trayectoria,9.68,2,290.083,419.823,-78.4,-130,1.2,1
trayectoria,9.68,3,305.938,199.672,-119,110,0.8,0
trayectoria,9.69,0,353.157,41.9946,-11.0303,-0.606061,3.3,1
trayectoria,9.69,1,353.795,43.5661,16.1304,-53.0435,2.3,0
trayectoria,9.69,2,289.299,418.523,-78.4,-130,1.2,1
trayectoria,9.69,3,305.938,199.672,-119,110,0.8,0
trayectoria,9.7,0,353.047,41.9885,-11.0303,-0.606061,3.3,1
trayectoria,9.7,1,353.795,43.5661,16.1304,-53.0435,2.3,0
trayectoria,9.7,2,288.515,417.223,-78.4,-130,1.2,1
trayectoria,9.7,3,305.938,199.672,-119,110,0.8,0
trayectoria,9.71,0,352.937,41.9825,-11.0303,-0.606061,3.3,1
trayectoria,9.71,1,353.795,43.5661,16.1304,-53.0435,2.3,0
trayectoria,9.71,2,287.731,415.923,-78.4,-130,1.2,1
trayectoria,9.71,3,305.938,199.672,-119,110,0.8,0
trayectoria,9.72,0,352.826,41.9764,-11.0303,-0.606061,3.3,1
trayectoria,9.72,1,353.795,43.5661,16.1304,-53.0435,2.3,0
trayectoria,9.72,2,286.947,414.623,-78.4,-130,1.2,1
trayectoria,9.72,3,305.938,199.672,-119,110,0.8,0
trayectoria,9.73,0,352.716,41.9703,-11.0303,-0.606061,3.3,1
trayectoria,9.73,1,353.795,43.5661,16.1304,-53.0435,2.3,0
trayectoria,9.73,2,286.163,413.323,-78.4,-130,1.2,1
trayectoria,9.73,3,305.938,199.672,-119,110,0.8,0
trayectoria,9.74,0,352.606,41.9643,-11.0303,-0.606061,3.3,1
trayectoria,9.74,1,353.795,43.5661,16.1304,-53.0435,2.3,0
trayectoria,9.74,2,286.477,412.023,54.88,-130,1.2,1
trayectoria,9.74,3,305.938,199.672,-119,110,0.8,0
trayectoria,9.75,0,352.495,41.9582,-11.0303,-0.606061,3.3,1
trayectoria,9.75,1,353.795,43.5661,16.1304,-53.0435,2.3,0
trayectoria,9.75,2,287.026,410.723,54.88,-130,1.2,1
trayectoria,9.75,3,305.938,199.672,-119,110,0.8,0
trayectoria,9.76,0,352.385,41.9522,-11.0303,-0.606061,3.3,1
trayectoria,9.76,1,353.795,43.5661,16.1304,-53.0435,2.3,0
trayectoria,9.76,2,287.575,409.423,54.88,-130,1.2,1
trayectoria,9.76,3,305.938,199.672,-119,110,0.8,0
trayectoria,9.77,0,352.275,41.9461,-11.0303,-0.606061,3.3,1
trayectoria,9.77,1,353.795,43.5661,16.1304,-53.0435,2.3,0
trayectoria,9.77,2,288.124,408.123,54.88,-130,1.2,1
trayectoria,9.77,3,305.938,199.672,-119,110,0.8,0
trayectoria,9.78,0,352.165,41.94,-11.0303,-0.606061,3.3,1
trayectoria,9.78,1,353.795,43.5661,16.1304,-53.0435,2.3,0
trayectoria,9.78,2,288.672,406.823,54.88,-130,1.2,1
trayectoria,9.78,3,305.938,199.672,-119,110,0.8,0
trayectoria,9.79,0,352.054,41.934,-11.0303,-0.606061,3.3,1
trayectoria,9.79,1,353.795,43.5661,16.1304,-53.0435,2.3,0
trayectoria,9.79,2,289.221,405.523,54.88,-130,1.2,1
trayectoria,9.79,3,305.938,199.672,-119,110,0.8,0
trayectoria,9.8,0,351.944,41.9279,-11.0303,-0.606061,3.3,1
trayectoria,9.8,1,353.795,43.5661,16.1304,-53.0435,2.3,0
trayectoria,9.8,2,289.77,404.223,54.88,-130,1.2,1
trayectoria,9.8,3,305.938,199.672,-119,110,0.8,0
trayectoria,9.81,0,351.834,41.9219,-11.0303,-0.606061,3.3,1
trayectoria,9.81,1,353.795,43.5661,16.1304,-53.0435,2.3,0
trayectoria,9.81,2,290.319,402.923,54.88,-130,1.2,1
trayectoria,9.81,3,305.938,199.672,-119,110,0.8,0
trayectoria,9.82,0,351.723,41.9158,-11.0303,-0.606061,3.3,1
trayectoria,9.82,1,353.795,43.5661,16.1304,-53.0435,2.3,0
trayectoria,9.82,2,290.868,401.623,54.88,-130,1.2,1
trayectoria,9.82,3,305.938,199.672,-119,110,0.8,0
trayectoria,9.83,0,351.613,41.9097,-11.0303,-0.606061,3.3,1
trayectoria,9.83,1,353.795,43.5661,16.1304,-53.0435,2.3,0
trayectoria,9.83,2,291.416,400.323,54.88,-130,1.2,1
trayectoria,9.83,3,305.938,199.672,-119,110,0.8,0
trayectoria,9.84,0,351.503,41.9037,-11.0303,-0.606061,3.3,1
trayectoria,9.84,1,353.795,43.5661,16.1304,-53.0435,2.3,0
trayectoria,9.84,2,291.965,399.023,54.88,-130,1.2,1
trayectoria,9.84,3,305.938,199.672,-119,110,0.8,0
trayectoria,9.85,0,351.392,41.8976,-11.0303,-0.606061,3.3,1
trayectoria,9.85,1,353.795,43.5661,16.1304,-53.0435,2.3,0
trayectoria,9.85,2,292.514,397.723,54.88,-130,1.2,1
trayectoria,9.85,3,305.938,199.672,-119,110,0.8,0
trayectoria,9.86,0,351.282,41.8916,-11.0303,-0.606061,3.3,1
trayectoria,9.86,1,353.795,43.5661,16.1304,-53.0435,2.3,0
trayectoria,9.86,2,293.063,396.423,54.88,-130,1.2,1
trayectoria,9.86,3,305.938,199.672,-119,110,0.8,0
trayectoria,9.87,0,351.172,41.8855,-11.0303,-0.606061,3.3,1
trayectoria,9.87,1,353.795,43.5661,16.1304,-53.0435,2.3,0
trayectoria,9.87,2,293.612,395.123,54.88,-130,1.2,1
trayectoria,9.87,3,305.938,199.672,-119,110,0.8,0
trayectoria,9.88,0,351.061,41.8794,-11.0303,-0.606061,3.3,1
trayectoria,9.88,1,353.795,43.5661,16.1304,-53.0435,2.3,0
trayectoria,9.88,2,294.16,393.823,54.88,-130,1.2,1
trayectoria,9.88,3,305.938,199.672,-119,110,0.8,0
trayectoria,9.89,0,350.951,41.8734,-11.0303,-0.606061,3.3,1
trayectoria,9.89,1,353.795,43.5661,16.1304,-53.0435,2.3,0
trayectoria,9.89,2,294.709,392.523,54.88,-130,1.2,1
trayectoria,9.89,3,305.938,199.672,-119,110,0.8,0
trayectoria,9.9,0,350.841,41.8673,-11.0303,-0.606061,3.3,1
trayectoria,9.9,1,353.795,43.5661,16.1304,-53.0435,2.3,0
trayectoria,9.9,2,295.258,391.223,54.88,-130,1.2,1
trayectoria,9.9,3,305.938,199.672,-119,110,0.8,0
trayectoria,9.91,0,350.731,41.8612,-11.0303,-0.606061,3.3,1
trayectoria,9.91,1,353.795,43.5661,16.1304,-53.0435,2.3,0
trayectoria,9.91,2,295.807,389.923,54.88,-130,1.2,1
trayectoria,9.91,3,305.938,199.672,-119,110,0.8,0
trayectoria,9.92,0,350.62,41.8552,-11.0303,-0.606061,3.3,1
trayectoria,9.92,1,353.795,43.5661,16.1304,-53.0435,2.3,0
trayectoria,9.92,2,296.356,388.623,54.88,-130,1.2,1
trayectoria,9.92,3,305.938,199.672,-119,110,0.8,0
trayectoria,9.93,0,350.51,41.8491,-11.0303,-0.606061,3.3,1
trayectoria,9.93,1,353.795,43.5661,16.1304,-53.0435,2.3,0
trayectoria,9.93,2,296.904,387.323,54.88,-130,1.2,1
trayectoria,9.93,3,305.938,199.672,-119,110,0.8,0
trayectoria,9.94,0,350.4,41.8431,-11.0303,-0.606061,3.3,1
trayectoria,9.94,1,353.795,43.5661,16.1304,-53.0435,2.3,0
trayectoria,9.94,2,297.453,386.023,54.88,-130,1.2,1
trayectoria,9.94,3,305.938,199.672,-119,110,0.8,0
trayectoria,9.95,0,350.289,41.837,-11.0303,-0.606061,3.3,1
trayectoria,9.95,1,353.795,43.5661,16.1304,-53.0435,2.3,0
trayectoria,9.95,2,298.002,384.723,54.88,-130,1.2,1
trayectoria,9.95,3,305.938,199.672,-119,110,0.8,0
trayectoria,9.96,0,350.179,41.8309,-11.0303,-0.606061,3.3,1
trayectoria,9.96,1,353.795,43.5661,16.1304,-53.0435,2.3,0
trayectoria,9.96,2,298.551,383.423,54.88,-130,1.2,1
trayectoria,9.96,3,305.938,199.672,-119,110,0.8,0
trayectoria,9.97,0,350.069,41.8249,-11.0303,-0.606061,3.3,1
trayectoria,9.97,1,353.795,43.5661,16.1304,-53.0435,2.3,0
trayectoria,9.97,2,299.1,382.123,54.88,-130,1.2,1
trayectoria,9.97,3,305.938,199.672,-119,110,0.8,0
trayectoria,9.98,0,349.958,41.8188,-11.0303,-0.606061,3.3,1
trayectoria,9.98,1,353.795,43.5661,16.1304,-53.0435,2.3,0
trayectoria,9.98,2,299.648,380.823,54.88,-130,1.2,1
trayectoria,9.98,3,305.938,199.672,-119,110,0.8,0
trayectoria,9.99,0,349.848,41.8128,-11.0303,-0.606061,3.3,1
trayectoria,9.99,1,353.795,43.5661,16.1304,-53.0435,2.3,0
trayectoria,9.99,2,300.197,379.523,54.88,-130,1.2,1
trayectoria,9.99,3,305.938,199.672,-119,110,0.8,0
trayectoria,10,0,349.738,41.8067,-11.0303,-0.606061,3.3,1
trayectoria,10,1,353.795,43.5661,16.1304,-53.0435,2.3,0
trayectoria,10,2,300.746,378.223,54.88,-130,1.2,1
trayectoria,10,3,305.938,199.672,-119,110,0.8,0
trayectoria,10.01,0,349.628,41.8006,-11.0303,-0.606061,3.3,1
trayectoria,10.01,1,353.795,43.5661,16.1304,-53.0435,2.3,0
trayectoria,10.01,2,301.295,376.923,54.88,-130,1.2,1
trayectoria,10.01,3,305.938,199.672,-119,110,0.8,0
trayectoria,10.02,0,349.517,41.7946,-11.0303,-0.606061,3.3,1
trayectoria,10.02,1,353.795,43.5661,16.1304,-53.0435,2.3,0
trayectoria,10.02,2,301.844,375.623,54.88,-130,1.2,1
trayectoria,10.02,3,305.938,199.672,-119,110,0.8,0
trayectoria,10.03,0,349.407,41.7885,-11.0303,-0.606061,3.3,1
trayectoria,10.03,1,353.795,43.5661,16.1304,-53.0435,2.3,0
trayectoria,10.03,2,302.392,374.323,54.88,-130,1.2,1
trayectoria,10.03,3,305.938,199.672,-119,110,0.8,0
trayectoria,10.04,0,349.297,41.7825,-11.0303,-0.606061,3.3,1
trayectoria,10.04,1,353.795,43.5661,16.1304,-53.0435,2.3,0
trayectoria,10.04,2,302.941,373.023,54.88,-130,1.2,1
trayectoria,10.04,3,305.938,199.672,-119,110,0.8,0
trayectoria,10.05,0,349.186,41.7764,-11.0303,-0.606061,3.3,1
trayectoria,10.05,1,353.795,43.5661,16.1304,-53.0435,2.3,0
trayectoria,10.05,2,303.49,371.723,54.88,-130,1.2,1
trayectoria,10.05,3,305.938,199.672,-119,110,0.8,0
trayectoria,10.06,0,349.076,41.7703,-11.0303,-0.606061,3.3,1
trayectoria,10.06,1,353.795,43.5661,16.1304,-53.0435,2.3,0
trayectoria,10.06,2,304.039,370.423,54.88,-130,1.2,1
trayectoria,10.06,3,305.938,199.672,-119,110,0.8,0
trayectoria,10.07,0,348.966,41.7643,-11.0303,-0.606061,3.3,1
trayectoria,10.07,1,353.795,43.5661,16.1304,-53.0435,2.3,0
trayectoria,10.07,2,304.588,369.123,54.88,-130,1.2,1
trayectoria,10.07,3,305.938,199.672,-119,110,0.8,0
trayectoria,10.08,0,348.855,41.7582,-11.0303,-0.606061,3.3,1
trayectoria,10.08,1,353.795,43.5661,16.1304,-53.0435,2.3,0
trayectoria,10.08,2,305.136,367.823,54.88,-130,1.2,1
trayectoria,10.08,3,305.938,199.672,-119,110,0.8,0
trayectoria,10.09,0,348.745,41.7522,-11.0303,-0.606061,3.3,1
trayectoria,10.09,1,353.795,43.5661,16.1304,-53.0435,2.3,0
trayectoria,10.09,2,305.685,366.523,54.88,-130,1.2,1
trayectoria,10.09,3,305.938,199.672,-119,110,0.8,0
trayectoria,10.1,0,348.635,41.7461,-11.0303,-0.606061,3.3,1
trayectoria,10.1,1,353.795,43.5661,16.1304,-53.0435,2.3,0
trayectoria,10.1,2,306.234,365.223,54.88,-130,1.2,1
trayectoria,10.1,3,305.938,199.672,-119,110,0.8,0
trayectoria,10.11,0,348.525,41.74,-11.0303,-0.606061,3.3,1
trayectoria,10.11,1,353.795,43.5661,16.1304,-53.0435,2.3,0
trayectoria,10.11,2,306.783,363.923,54.88,-130,1.2,1
trayectoria,10.11,3,305.938,199.672,-119,110,0.8,0
trayectoria,10.12,0,348.414,41.734,-11.0303,-0.606061,3.3,1
trayectoria,10.12,1,353.795,43.5661,16.1304,-53.0435,2.3,0
trayectoria,10.12,2,307.332,362.623,54.88,-130,1.2,1
trayectoria,10.12,3,305.938,199.672,-119,110,0.8,0
trayectoria,10.13,0,348.304,41.7279,-11.0303,-0.606061,3.3,1
trayectoria,10.13,1,353.795,43.5661,16.1304,-53.0435,2.3,0
trayectoria,10.13,2,307.88,361.323,54.88,-130,1.2,1
trayectoria,10.13,3,305.938,199.672,-119,110,0.8,0
trayectoria,10.14,0,348.194,41.7219,-11.0303,-0.606061,3.3,1
trayectoria,10.14,1,353.795,43.5661,16.1304,-53.0435,2.3,0
trayectoria,10.14,2,308.429,360.023,54.88,-130,1.2,1
trayectoria,10.14,3,305.938,199.672,-119,110,0.8,0
trayectoria,10.15,0,348.083,41.7158,-11.0303,-0.606061,3.3,1
trayectoria,10.15,1,353.795,43.5661,16.1304,-53.0435,2.3,0
trayectoria,10.15,2,308.978,358.723,54.88,-130,1.2,1
trayectoria,10.15,3,305.938,199.672,-119,110,0.8,0
trayectoria,10.16,0,347.973,41.7097,-11.0303,-0.606061,3.3,1
trayectoria,10.16,1,353.795,43.5661,16.1304,-53.0435,2.3,0
trayectoria,10.16,2,309.527,357.423,54.88,-130,1.2,1
trayectoria,10.16,3,305.938,199.672,-119,110,0.8,0
trayectoria,10.17,0,347.863,41.7037,-11.0303,-0.606061,3.3,1
trayectoria,10.17,1,353.795,43.5661,16.1304,-53.0435,2.3,0
trayectoria,10.17,2,310.076,356.123,54.88,-130,1.2,1
trayectoria,10.17,3,305.938,199.672,-119,110,0.8,0
trayectoria,10.18,0,347.752,41.6976,-11.0303,-0.606061,3.3,1
trayectoria,10.18,1,353.795,43.5661,16.1304,-53.0435,2.3,0
trayectoria,10.18,2,310.624,354.823,54.88,-130,1.2,1
trayectoria,10.18,3,305.938,199.672,-119,110,0.8,0
trayectoria,10.19,0,347.642,41.6916,-11.0303,-0.606061,3.3,1
trayectoria,10.19,1,353.795,43.5661,16.1304,-53.0435,2.3,0
trayectoria,10.19,2,311.173,353.523,54.88,-130,1.2,1
trayectoria,10.19,3,305.938,199.672,-119,110,0.8,0
trayectoria,10.2,0,347.532,41.6855,-11.0303,-0.606061,3.3,1
trayectoria,10.2,1,353.795,43.5661,16.1304,-53.0435,2.3,0
trayectoria,10.2,2,311.722,352.223,54.88,-130,1.2,1
trayectoria,10.2,3,305.938,199.672,-119,110,0.8,0
trayectoria,10.21,0,347.421,41.6794,-11.0303,-0.606061,3.3,1
trayectoria,10.21,1,353.795,43.5661,16.1304,-53.0435,2.3,0
trayectoria,10.21,2,312.271,350.923,54.88,-130,1.2,1
trayectoria,10.21,3,305.938,199.672,-119,110,0.8,0
trayectoria,10.22,0,347.311,41.6734,-11.0303,-0.606061,3.3,1
trayectoria,10.22,1,353.795,43.5661,16.1304,-53.0435,2.3,0
trayectoria,10.22,2,312.82,349.623,54.88,-130,1.2,1
trayectoria,10.22,3,305.938,199.672,-119,110,0.8,0
trayectoria,10.23,0,347.201,41.6673,-11.0303,-0.606061,3.3,1
trayectoria,10.23,1,353.795,43.5661,16.1304,-53.0435,2.3,0
trayectoria,10.23,2,313.368,348.323,54.88,-130,1.2,1
trayectoria,10.23,3,305.938,199.672,-119,110,0.8,0
trayectoria,10.24,0,347.091,41.6612,-11.0303,-0.606061,3.3,1
trayectoria,10.24,1,353.795,43.5661,16.1304,-53.0435,2.3,0
trayectoria,10.24,2,313.917,347.023,54.88,-130,1.2,1
trayectoria,10.24,3,305.938,199.672,-119,110,0.8,0
trayectoria,10.25,0,346.98,41.6552,-11.0303,-0.606061,3.3,1
trayectoria,10.25,1,353.795,43.5661,16.1304,-53.0435,2.3,0
trayectoria,10.25,2,314.466,345.723,54.88,-130,1.2,1
trayectoria,10.25,3,305.938,199.672,-119,110,0.8,0
trayectoria,10.26,0,346.87,41.6491,-11.0303,-0.606061,3.3,1
trayectoria,10.26,1,353.795,43.5661,16.1304,-53.0435,2.3,0
trayectoria,10.26,2,315.015,344.423,54.88,-130,1.2,1
trayectoria,10.26,3,305.938,199.672,-119,110,0.8,0
trayectoria,10.27,0,346.76,41.6431,-11.0303,-0.606061,3.3,1
trayectoria,10.27,1,353.795,43.5661,16.1304,-53.0435,2.3,0
trayectoria,10.27,2,315.564,343.123,54.88,-130,1.2,1
trayectoria,10.27,3,305.938,199.672,-119,110,0.8,0
trayectoria,10.28,0,346.649,41.637,-11.0303,-0.606061,3.3,1
trayectoria,10.28,1,353.795,43.5661,16.1304,-53.0435,2.3,0
trayectoria,10.28,2,316.112,341.823,54.88,-130,1.2,1
trayectoria,10.28,3,305.938,199.672,-119,110,0.8,0
trayectoria,10.29,0,346.539,41.6309,-11.0303,-0.606061,3.3,1
trayectoria,10.29,1,353.795,43.5661,16.1304,-53.0435,2.3,0
trayectoria,10.29,2,316.661,340.523,54.88,-130,1.2,1
trayectoria,10.29,3,305.938,199.672,-119,110,0.8,0
trayectoria,10.3,0,346.429,41.6249,-11.0303,-0.606061,3.3,1
trayectoria,10.3,1,353.795,43.5661,16.1304,-53.0435,2.3,0
trayectoria,10.3,2,317.21,339.223,54.88,-130,1.2,1
trayectoria,10.3,3,305.938,199.672,-119,110,0.8,0
trayectoria,10.31,0,346.318,41.6188,-11.0303,-0.606061,3.3,1
trayectoria,10.31,1,353.795,43.5661,16.1304,-53.0435,2.3,0
trayectoria,10.31,2,317.759,337.923,54.88,-130,1.2,1
trayectoria,10.31,3,305.938,199.672,-119,110,0.8,0
trayectoria,10.32,0,346.208,41.6128,-11.0303,-0.606061,3.3,1
trayectoria,10.32,1,353.795,43.5661,16.1304,-53.0435,2.3,0
trayectoria,10.32,2,318.308,336.623,54.88,-130,1.2,1
trayectoria,10.32,3,305.938,199.672,-119,110,0.8,0
trayectoria,10.33,0,346.098,41.6067,-11.0303,-0.606061,3.3,1
trayectoria,10.33,1,353.795,43.5661,16.1304,-53.0435,2.3,0
trayectoria,10.33,2,318.856,335.323,54.88,-130,1.2,1
trayectoria,10.33,3,305.938,199.672,-119,110,0.8,0
trayectoria,10.34,0,345.988,41.6006,-11.0303,-0.606061,3.3,1
trayectoria,10.34,1,353.795,43.5661,16.1304,-53.0435,2.3,0
trayectoria,10.34,2,319.405,334.023,54.88,-130,1.2,1
trayectoria,10.34,3,305.938,199.672,-119,110,0.8,0
trayectoria,10.35,0,345.877,41.5946,-11.0303,-0.606061,3.3,1
trayectoria,10.35,1,353.795,43.5661,16.1304,-53.0435,2.3,0
trayectoria,10.35,2,319.954,332.723,54.88,-130,1.2,1
trayectoria,10.35,3,305.938,199.672,-119,110,0.8,0
trayectoria,10.36,0,345.767,41.5885,-11.0303,-0.606061,3.3,1
trayectoria,10.36,1,353.795,43.5661,16.1304,-53.0435,2.3,0
trayectoria,10.36,2,320.503,331.423,54.88,-130,1.2,1
trayectoria,10.36,3,305.938,199.672,-119,110,0.8,0
trayectoria,10.37,0,345.657,41.5825,-11.0303,-0.606061,3.3,1
trayectoria,10.37,1,353.795,43.5661,16.1304,-53.0435,2.3,0
trayectoria,10.37,2,321.052,330.123,54.88,-130,1.2,1
trayectoria,10.37,3,305.938,199.672,-119,110,0.8,0
trayectoria,10.38,0,345.546,41.5764,-11.0303,-0.606061,3.3,1
trayectoria,10.38,1,353.795,43.5661,16.1304,-53.0435,2.3,0
trayectoria,10.38,2,321.6,328.823,54.88,-130,1.2,1
trayectoria,10.38,3,305.938,199.672,-119,110,0.8,0
trayectoria,10.39,0,345.436,41.5703,-11.0303,-0.606061,3.3,1
trayectoria,10.39,1,353.795,43.5661,16.1304,-53.0435,2.3,0
trayectoria,10.39,2,322.149,327.523,54.88,-130,1.2,1
trayectoria,10.39,3,305.938,199.672,-119,110,0.8,0
trayectoria,10.4,0,345.326,41.5643,-11.0303,-0.606061,3.3,1
trayectoria,10.4,1,353.795,43.5661,16.1304,-53.0435,2.3,0
trayectoria,10.4,2,322.698,326.223,54.88,-130,1.2,1
trayectoria,10.4,3,305.938,199.672,-119,110,0.8,0
trayectoria,10.41,0,345.215,41.5582,-11.0303,-0.606061,3.3,1
trayectoria,10.41,1,353.795,43.5661,16.1304,-53.0435,2.3,0
trayectoria,10.41,2,323.247,324.923,54.88,-130,1.2,1
trayectoria,10.41,3,305.938,199.672,-119,110,0.8,0
trayectoria,10.42,0,345.105,41.5522,-11.0303,-0.606061,3.3,1
trayectoria,10.42,1,353.795,43.5661,16.1304,-53.0435,2.3,0
trayectoria,10.42,2,323.796,323.623,54.88,-130,1.2,1
trayectoria,10.42,3,305.938,199.672,-119,110,0.8,0
trayectoria,10.43,0,344.995,41.5461,-11.0303,-0.606061,3.3,1
trayectoria,10.43,1,353.795,43.5661,16.1304,-53.0435,2.3,0
trayectoria,10.43,2,324.344,322.323,54.88,-130,1.2,1
trayectoria,10.43,3,305.938,199.672,-119,110,0.8,0
trayectoria,10.44,0,344.885,41.54,-11.0303,-0.606061,3.3,1
trayectoria,10.44,1,353.795,43.5661,16.1304,-53.0435,2.3,0
trayectoria,10.44,2,324.893,321.023,54.88,-130,1.2,1
trayectoria,10.44,3,305.938,199.672,-119,110,0.8,0
trayectoria,10.45,0,344.774,41.534,-11.0303,-0.606061,3.3,1
trayectoria,10.45,1,353.795,43.5661,16.1304,-53.0435,2.3,0
trayectoria,10.45,2,325.442,319.723,54.88,-130,1.2,1
trayectoria,10.45,3,305.938,199.672,-119,110,0.8,0
trayectoria,10.46,0,344.664,41.5279,-11.0303,-0.606061,3.3,1
trayectoria,10.46,1,353.795,43.5661,16.1304,-53.0435,2.3,0
trayectoria,10.46,2,325.991,318.423,54.88,-130,1.2,1
trayectoria,10.46,3,305.938,199.672,-119,110,0.8,0
trayectoria,10.47,0,344.554,41.5219,-11.0303,-0.606061,3.3,1
trayectoria,10.47,1,353.795,43.5661,16.1304,-53.0435,2.3,0
trayectoria,10.47,2,326.54,317.123,54.88,-130,1.2,1
trayectoria,10.47,3,305.938,199.672,-119,110,0.8,0
trayectoria,10.48,0,344.443,41.5158,-11.0303,-0.606061,3.3,1
trayectoria,10.48,1,353.795,43.5661,16.1304,-53.0435,2.3,0
trayectoria,10.48,2,327.088,315.823,54.88,-130,1.2,1
trayectoria,10.48,3,305.938,199.672,-119,110,0.8,0
trayectoria,10.49,0,344.333,41.5097,-11.0303,-0.606061,3.3,1
trayectoria,10.49,1,353.795,43.5661,16.1304,-53.0435,2.3,0
trayectoria,10.49,2,327.637,314.523,54.88,-130,1.2,1
trayectoria,10.49,3,305.938,199.672,-119,110,0.8,0
trayectoria,10.5,0,344.223,41.5037,-11.0303,-0.606061,3.3,1
trayectoria,10.5,1,353.795,43.5661,16.1304,-53.0435,2.3,0
trayectoria,10.5,2,328.186,313.223,54.88,-130,1.2,1
trayectoria,10.5,3,305.938,199.672,-119,110,0.8,0
trayectoria,10.51,0,344.112,41.4976,-11.0303,-0.606061,3.3,1
trayectoria,10.51,1,353.795,43.5661,16.1304,-53.0435,2.3,0
trayectoria,10.51,2,328.735,311.923,54.88,-130,1.2,1
trayectoria,10.51,3,305.938,199.672,-119,110,0.8,0
trayectoria,10.52,0,344.002,41.4916,-11.0303,-0.606061,3.3,1
trayectoria,10.52,1,353.795,43.5661,16.1304,-53.0435,2.3,0
trayectoria,10.52,2,329.284,310.623,54.88,-130,1.2,1
trayectoria,10.52,3,305.938,199.672,-119,110,0.8,0
trayectoria,10.53,0,343.892,41.4855,-11.0303,-0.606061,3.3,1
trayectoria,10.53,1,353.795,43.5661,16.1304,-53.0435,2.3,0
trayectoria,10.53,2,329.832,309.323,54.88,-130,1.2,1
trayectoria,10.53,3,305.938,199.672,-119,110,0.8,0
trayectoria,10.54,0,343.781,41.4794,-11.0303,-0.606061,3.3,1
trayectoria,10.54,1,353.795,43.5661,16.1304,-53.0435,2.3,0
trayectoria,10.54,2,330.381,308.023,54.88,-130,1.2,1
trayectoria,10.54,3,305.938,199.672,-119,110,0.8,0
trayectoria,10.55,0,343.671,41.4734,-11.0303,-0.606061,3.3,1
trayectoria,10.55,1,353.795,43.5661,16.1304,-53.0435,2.3,0
trayectoria,10.55,2,330.93,306.723,54.88,-130,1.2,1
trayectoria,10.55,3,305.938,199.672,-119,110,0.8,0
trayectoria,10.56,0,343.561,41.4673,-11.0303,-0.606061,3.3,1
trayectoria,10.56,1,353.795,43.5661,16.1304,-53.0435,2.3,0
trayectoria,10.56,2,331.479,305.423,54.88,-130,1.2,1
trayectoria,10.56,3,305.938,199.672,-119,110,0.8,0
trayectoria,10.57,0,343.451,41.4612,-11.0303,-0.606061,3.3,1
trayectoria,10.57,1,353.795,43.5661,16.1304,-53.0435,2.3,0
trayectoria,10.57,2,332.028,304.123,54.88,-130,1.2,1
trayectoria,10.57,3,305.938,199.672,-119,110,0.8,0
trayectoria,10.58,0,343.34,41.4552,-11.0303,-0.606061,3.3,1
trayectoria,10.58,1,353.795,43.5661,16.1304,-53.0435,2.3,0
trayectoria,10.58,2,332.576,302.823,54.88,-130,1.2,1
trayectoria,10.58,3,305.938,199.672,-119,110,0.8,0
trayectoria,10.59,0,343.23,41.4491,-11.0303,-0.606061,3.3,1
trayectoria,10.59,1,353.795,43.5661,16.1304,-53.0435,2.3,0
trayectoria,10.59,2,333.125,301.523,54.88,-130,1.2,1
trayectoria,10.59,3,305.938,199.672,-119,110,0.8,0
trayectoria,10.6,0,343.12,41.4431,-11.0303,-0.606061,3.3,1
trayectoria,10.6,1,353.795,43.5661,16.1304,-53.0435,2.3,0
trayectoria,10.6,2,333.674,300.223,54.88,-130,1.2,1
trayectoria,10.6,3,305.938,199.672,-119,110,0.8,0
trayectoria,10.61,0,343.009,41.437,-11.0303,-0.606061,3.3,1
trayectoria,10.61,1,353.795,43.5661,16.1304,-53.0435,2.3,0
trayectoria,10.61,2,334.223,298.923,54.88,-130,1.2,1
trayectoria,10.61,3,305.938,199.672,-119,110,0.8,0
trayectoria,10.62,0,342.899,41.4309,-11.0303,-0.606061,3.3,1
trayectoria,10.62,1,353.795,43.5661,16.1304,-53.0435,2.3,0
trayectoria,10.62,2,334.772,297.623,54.88,-130,1.2,1
trayectoria,10.62,3,305.938,199.672,-119,110,0.8,0
trayectoria,10.63,0,342.789,41.4249,-11.0303,-0.606061,3.3,1
trayectoria,10.63,1,353.795,43.5661,16.1304,-53.0435,2.3,0
trayectoria,10.63,2,335.32,296.323,54.88,-130,1.2,1
trayectoria,10.63,3,305.938,199.672,-119,110,0.8,0
trayectoria,10.64,0,342.678,41.4188,-11.0303,-0.606061,3.3,1
trayectoria,10.64,1,353.795,43.5661,16.1304,-53.0435,2.3,0
trayectoria,10.64,2,335.869,295.023,54.88,-130,1.2,1
trayectoria,10.64,3,305.938,199.672,-119,110,0.8,0
trayectoria,10.65,0,342.568,41.4128,-11.0303,-0.606061,3.3,1
trayectoria,10.65,1,353.795,43.5661,16.1304,-53.0435,2.3,0
trayectoria,10.65,2,336.418,293.723,54.88,-130,1.2,1
trayectoria,10.65,3,305.938,199.672,-119,110,0.8,0
trayectoria,10.66,0,342.458,41.4067,-11.0303,-0.606061,3.3,1
trayectoria,10.66,1,353.795,43.5661,16.1304,-53.0435,2.3,0
trayectoria,10.66,2,336.967,292.423,54.88,-130,1.2,1
trayectoria,10.66,3,305.938,199.672,-119,110,0.8,0
trayectoria,10.67,0,342.348,41.4006,-11.0303,-0.606061,3.3,1
trayectoria,10.67,1,353.795,43.5661,16.1304,-53.0435,2.3,0
trayectoria,10.67,2,337.516,291.123,54.88,-130,1.2,1
trayectoria,10.67,3,305.938,199.672,-119,110,0.8,0
trayectoria,10.68,0,342.237,41.3946,-11.0303,-0.606061,3.3,1
trayectoria,10.68,1,353.795,43.5661,16.1304,-53.0435,2.3,0
trayectoria,10.68,2,338.064,289.823,54.88,-130,1.2,1
trayectoria,10.68,3,305.938,199.672,-119,110,0.8,0
trayectoria,10.69,0,342.127,41.3885,-11.0303,-0.606061,3.3,1
trayectoria,10.69,1,353.795,43.5661,16.1304,-53.0435,2.3,0
trayectoria,10.69,2,338.613,288.523,54.88,-130,1.2,1
trayectoria,10.69,3,305.938,199.672,-119,110,0.8,0
trayectoria,10.7,0,342.017,41.3825,-11.0303,-0.606061,3.3,1
trayectoria,10.7,1,353.795,43.5661,16.1304,-53.0435,2.3,0
trayectoria,10.7,2,339.162,287.223,54.88,-130,1.2,1
trayectoria,10.7,3,305.938,199.672,-119,110,0.8,0
trayectoria,10.71,0,341.906,41.3764,-11.0303,-0.606061,3.3,1
trayectoria,10.71,1,353.795,43.5661,16.1304,-53.0435,2.3,0
trayectoria,10.71,2,339.711,285.923,54.88,-130,1.2,1
trayectoria,10.71,3,305.938,199.672,-119,110,0.8,0
trayectoria,10.72,0,341.796,41.3703,-11.0303,-0.606061,3.3,1
trayectoria,10.72,1,353.795,43.5661,16.1304,-53.0435,2.3,0
trayectoria,10.72,2,340.26,284.623,54.88,-130,1.2,1
trayectoria,10.72,3,305.938,199.672,-119,110,0.8,0
trayectoria,10.73,0,341.686,41.3643,-11.0303,-0.606061,3.3,1
trayectoria,10.73,1,353.795,43.5661,16.1304,-53.0435,2.3,0
trayectoria,10.73,2,340.808,283.323,54.88,-130,1.2,1
trayectoria,10.73,3,305.938,199.672,-119,110,0.8,0
trayectoria,10.74,0,341.575,41.3582,-11.0303,-0.606061,3.3,1
trayectoria,10.74,1,353.795,43.5661,16.1304,-53.0435,2.3,0
trayectoria,10.74,2,341.357,282.023,54.88,-130,1.2,1
trayectoria,10.74,3,305.938,199.672,-119,110,0.8,0
trayectoria,10.75,0,341.465,41.3522,-11.0303,-0.606061,3.3,1
trayectoria,10.75,1,353.795,43.5661,16.1304,-53.0435,2.3,0
trayectoria,10.75,2,341.906,280.723,54.88,-130,1.2,1
trayectoria,10.75,3,305.938,199.672,-119,110,0.8,0
trayectoria,10.76,0,341.355,41.3461,-11.0303,-0.606061,3.3,1
trayectoria,10.76,1,353.795,43.5661,16.1304,-53.0435,2.3,0
trayectoria,10.76,2,342.455,279.423,54.88,-130,1.2,1
trayectoria,10.76,3,305.938,199.672,-119,110,0.8,0
trayectoria,10.77,0,341.245,41.34,-11.0303,-0.606061,3.3,1
trayectoria,10.77,1,353.795,43.5661,16.1304,-53.0435,2.3,0
trayectoria,10.77,2,343.004,278.123,54.88,-130,1.2,1
trayectoria,10.77,3,305.938,199.672,-119,110,0.8,0
trayectoria,10.78,0,341.134,41.334,-11.0303,-0.606061,3.3,1
trayectoria,10.78,1,353.795,43.5661,16.1304,-53.0435,2.3,0
trayectoria,10.78,2,343.552,276.823,54.88,-130,1.2,1
trayectoria,10.78,3,305.938,199.672,-119,110,0.8,0
trayectoria,10.79,0,341.024,41.3279,-11.0303,-0.606061,3.3,1
trayectoria,10.79,1,353.795,43.5661,16.1304,-53.0435,2.3,0
trayectoria,10.79,2,344.101,275.523,54.88,-130,1.2,1
trayectoria,10.79,3,305.938,199.672,-119,110,0.8,0
trayectoria,10.8,0,340.914,41.3219,-11.0303,-0.606061,3.3,1
trayectoria,10.8,1,353.795,43.5661,16.1304,-53.0435,2.3,0
trayectoria,10.8,2,344.65,274.223,54.88,-130,1.2,1
trayectoria,10.8,3,305.938,199.672,-119,110,0.8,0
trayectoria,10.81,0,340.803,41.3158,-11.0303,-0.606061,3.3,1
trayectoria,10.81,1,353.795,43.5661,16.1304,-53.0435,2.3,0
trayectoria,10.81,2,345.199,272.923,54.88,-130,1.2,1
trayectoria,10.81,3,305.938,199.672,-119,110,0.8,0
trayectoria,10.82,0,340.693,41.3097,-11.0303,-0.606061,3.3,1
trayectoria,10.82,1,353.795,43.5661,16.1304,-53.0435,2.3,0
trayectoria,10.82,2,345.748,271.623,54.88,-130,1.2,1
trayectoria,10.82,3,305.938,199.672,-119,110,0.8,0
trayectoria,10.83,0,340.583,41.3037,-11.0303,-0.606061,3.3,1
trayectoria,10.83,1,353.795,43.5661,16.1304,-53.0435,2.3,0
trayectoria,10.83,2,346.296,270.323,54.88,-130,1.2,1
trayectoria,10.83,3,305.938,199.672,-119,110,0.8,0
trayectoria,10.84,0,340.472,41.2976,-11.0303,-0.606061,3.3,1
trayectoria,10.84,1,353.795,43.5661,16.1304,-53.0435,2.3,0
trayectoria,10.84,2,346.845,269.023,54.88,-130,1.2,1
trayectoria,10.84,3,305.938,199.672,-119,110,0.8,0
trayectoria,10.85,0,340.362,41.2916,-11.0303,-0.606061,3.3,1
trayectoria,10.85,1,353.795,43.5661,16.1304,-53.0435,2.3,0
trayectoria,10.85,2,347.394,267.723,54.88,-130,1.2,1
trayectoria,10.85,3,305.938,199.672,-119,110,0.8,0
trayectoria,10.86,0,340.252,41.2855,-11.0303,-0.606061,3.3,1
trayectoria,10.86,1,353.795,43.5661,16.1304,-53.0435,2.3,0
trayectoria,10.86,2,347.943,266.423,54.88,-130,1.2,1
trayectoria,10.86,3,305.938,199.672,-119,110,0.8,0
trayectoria,10.87,0,340.141,41.2794,-11.0303,-0.606061,3.3,1
trayectoria,10.87,1,353.795,43.5661,16.1304,-53.0435,2.3,0
trayectoria,10.87,2,348.492,265.123,54.88,-130,1.2,1
trayectoria,10.87,3,305.938,199.672,-119,110,0.8,0
trayectoria,10.88,0,340.031,41.2734,-11.0303,-0.606061,3.3,1
trayectoria,10.88,1,353.795,43.5661,16.1304,-53.0435,2.3,0
trayectoria,10.88,2,349.04,263.823,54.88,-130,1.2,1
trayectoria,10.88,3,305.938,199.672,-119,110,0.8,0
trayectoria,10.89,0,339.921,41.2673,-11.0303,-0.606061,3.3,1
trayectoria,10.89,1,353.795,43.5661,16.1304,-53.0435,2.3,0
trayectoria,10.89,2,349.589,262.523,54.88,-130,1.2,1
trayectoria,10.89,3,305.938,199.672,-119,110,0.8,0
trayectoria,10.9,0,339.811,41.2612,-11.0303,-0.606061,3.3,1
trayectoria,10.9,1,353.795,43.5661,16.1304,-53.0435,2.3,0
trayectoria,10.9,2,350.138,261.223,54.88,-130,1.2,1
trayectoria,10.9,3,305.938,199.672,-119,110,0.8,0
trayectoria,10.91,0,339.7,41.2552,-11.0303,-0.606061,3.3,1
trayectoria,10.91,1,353.795,43.5661,16.1304,-53.0435,2.3,0
trayectoria,10.91,2,350.687,259.923,54.88,-130,1.2,1
trayectoria,10.91,3,305.938,199.672,-119,110,0.8,0
trayectoria,10.92,0,339.59,41.2491,-11.0303,-0.606061,3.3,1
trayectoria,10.92,1,353.795,43.5661,16.1304,-53.0435,2.3,0
trayectoria,10.92,2,351.236,258.623,54.88,-130,1.2,1
trayectoria,10.92,3,305.938,199.672,-119,110,0.8,0
trayectoria,10.93,0,339.48,41.2431,-11.0303,-0.606061,3.3,1
trayectoria,10.93,1,353.795,43.5661,16.1304,-53.0435,2.3,0
trayectoria,10.93,2,351.784,257.323,54.88,-130,1.2,1
trayectoria,10.93,3,305.938,199.672,-119,110,0.8,0
trayectoria,10.94,0,339.369,41.237,-11.0303,-0.606061,3.3,1
trayectoria,10.94,1,353.795,43.5661,16.1304,-53.0435,2.3,0
trayectoria,10.94,2,352.333,256.023,54.88,-130,1.2,1
trayectoria,10.94,3,305.938,199.672,-119,110,0.8,0
trayectoria,10.95,0,339.259,41.2309,-11.0303,-0.606061,3.3,1
trayectoria,10.95,1,353.795,43.5661,16.1304,-53.0435,2.3,0
trayectoria,10.95,2,352.882,254.723,54.88,-130,1.2,1
trayectoria,10.95,3,305.938,199.672,-119,110,0.8,0
trayectoria,10.96,0,339.149,41.2249,-11.0303,-0.606061,3.3,1
trayectoria,10.96,1,353.795,43.5661,16.1304,-53.0435,2.3,0
trayectoria,10.96,2,353.431,253.423,54.88,-130,1.2,1
trayectoria,10.96,3,305.938,199.672,-119,110,0.8,0
trayectoria,10.97,0,339.038,41.2188,-11.0303,-0.606061,3.3,1
trayectoria,10.97,1,353.795,43.5661,16.1304,-53.0435,2.3,0
trayectoria,10.97,2,353.98,252.123,54.88,-130,1.2,1
trayectoria,10.97,3,305.938,199.672,-119,110,0.8,0
trayectoria,10.98,0,338.928,41.2128,-11.0303,-0.606061,3.3,1
trayectoria,10.98,1,353.795,43.5661,16.1304,-53.0435,2.3,0
trayectoria,10.98,2,354.528,250.823,54.88,-130,1.2,1
trayectoria,10.98,3,305.938,199.672,-119,110,0.8,0
trayectoria,10.99,0,338.818,41.2067,-11.0303,-0.606061,3.3,1
trayectoria,10.99,1,353.795,43.5661,16.1304,-53.0435,2.3,0
trayectoria,10.99,2,355.077,249.523,54.88,-130,1.2,1
trayectoria,10.99,3,305.938,199.672,-119,110,0.8,0
trayectoria,11,0,338.708,41.2006,-11.0303,-0.606061,3.3,1
trayectoria,11,1,353.795,43.5661,16.1304,-53.0435,2.3,0
trayectoria,11,2,355.626,248.223,54.88,-130,1.2,1
trayectoria,11,3,305.938,199.672,-119,110,0.8,0
trayectoria,11.01,0,338.597,41.1946,-11.0303,-0.606061,3.3,1
trayectoria,11.01,1,353.795,43.5661,16.1304,-53.0435,2.3,0
trayectoria,11.01,2,356.175,246.923,54.88,-130,1.2,1
trayectoria,11.01,3,305.938,199.672,-119,110,0.8,0
trayectoria,11.02,0,338.487,41.1885,-11.0303,-0.606061,3.3,1
trayectoria,11.02,1,353.795,43.5661,16.1304,-53.0435,2.3,0
trayectoria,11.02,2,356.724,245.623,54.88,-130,1.2,1
trayectoria,11.02,3,305.938,199.672,-119,110,0.8,0
trayectoria,11.03,0,338.377,41.1825,-11.0303,-0.606061,3.3,1
trayectoria,11.03,1,353.795,43.5661,16.1304,-53.0435,2.3,0
trayectoria,11.03,2,357.272,244.323,54.88,-130,1.2,1
trayectoria,11.03,3,305.938,199.672,-119,110,0.8,0
trayectoria,11.04,0,338.266,41.1764,-11.0303,-0.606061,3.3,1
trayectoria,11.04,1,353.795,43.5661,16.1304,-53.0435,2.3,0
trayectoria,11.04,2,357.821,243.023,54.88,-130,1.2,1
trayectoria,11.04,3,305.938,199.672,-119,110,0.8,0
trayectoria,11.05,0,338.156,41.1703,-11.0303,-0.606061,3.3,1
trayectoria,11.05,1,353.795,43.5661,16.1304,-53.0435,2.3,0
trayectoria,11.05,2,358.37,241.723,54.88,-130,1.2,1
trayectoria,11.05,3,305.938,199.672,-119,110,0.8,0
trayectoria,11.06,0,338.046,41.1643,-11.0303,-0.606061,3.3,1
trayectoria,11.06,1,353.795,43.5661,16.1304,-53.0435,2.3,0
trayectoria,11.06,2,358.919,240.423,54.88,-130,1.2,1
trayectoria,11.06,3,305.938,199.672,-119,110,0.8,0
trayectoria,11.07,0,337.935,41.1582,-11.0303,-0.606061,3.3,1
trayectoria,11.07,1,353.795,43.5661,16.1304,-53.0435,2.3,0
trayectoria,11.07,2,359.468,239.123,54.88,-130,1.2,1
trayectoria,11.07,3,305.938,199.672,-119,110,0.8,0
trayectoria,11.08,0,337.825,41.1522,-11.0303,-0.606061,3.3,1
trayectoria,11.08,1,353.795,43.5661,16.1304,-53.0435,2.3,0
trayectoria,11.08,2,360.016,237.823,54.88,-130,1.2,1
trayectoria,11.08,3,305.938,199.672,-119,110,0.8,0
trayectoria,11.09,0,337.715,41.1461,-11.0303,-0.606061,3.3,1
trayectoria,11.09,1,353.795,43.5661,16.1304,-53.0435,2.3,0
trayectoria,11.09,2,360.565,236.523,54.88,-130,1.2,1
trayectoria,11.09,3,305.938,199.672,-119,110,0.8,0
trayectoria,11.1,0,337.605,41.14,-11.0303,-0.606061,3.3,1
trayectoria,11.1,1,353.795,43.5661,16.1304,-53.0435,2.3,0
trayectoria,11.1,2,361.114,235.223,54.88,-130,1.2,1
trayectoria,11.1,3,305.938,199.672,-119,110,0.8,0
trayectoria,11.11,0,337.494,41.134,-11.0303,-0.606061,3.3,1
trayectoria,11.11,1,353.795,43.5661,16.1304,-53.0435,2.3,0
trayectoria,11.11,2,361.663,233.923,54.88,-130,1.2,1
trayectoria,11.11,3,305.938,199.672,-119,110,0.8,0
trayectoria,11.12,0,337.384,41.1279,-11.0303,-0.606061,3.3,1
trayectoria,11.12,1,353.795,43.5661,16.1304,-53.0435,2.3,0
trayectoria,11.12,2,362.212,232.623,54.88,-130,1.2,1
trayectoria,11.12,3,305.938,199.672,-119,110,0.8,0
trayectoria,11.13,0,337.274,41.1219,-11.0303,-0.606061,3.3,1
trayectoria,11.13,1,353.795,43.5661,16.1304,-53.0435,2.3,0
trayectoria,11.13,2,362.76,231.323,54.88,-130,1.2,1
trayectoria,11.13,3,305.938,199.672,-119,110,0.8,0
trayectoria,11.14,0,337.163,41.1158,-11.0303,-0.606061,3.3,1
trayectoria,11.14,1,353.795,43.5661,16.1304,-53.0435,2.3,0
trayectoria,11.14,2,363.309,230.023,54.88,-130,1.2,1
trayectoria,11.14,3,305.938,199.672,-119,110,0.8,0
trayectoria,11.15,0,337.053,41.1097,-11.0303,-0.606061,3.3,1
trayectoria,11.15,1,353.795,43.5661,16.1304,-53.0435,2.3,0
trayectoria,11.15,2,363.858,228.723,54.88,-130,1.2,1
trayectoria,11.15,3,305.938,199.672,-119,110,0.8,0
trayectoria,11.16,0,336.943,41.1037,-11.0303,-0.606061,3.3,1
trayectoria,11.16,1,353.795,43.5661,16.1304,-53.0435,2.3,0
trayectoria,11.16,2,364.407,227.423,54.88,-130,1.2,1
trayectoria,11.16,3,305.938,199.672,-119,110,0.8,0
trayectoria,11.17,0,336.832,41.0976,-11.0303,-0.606061,3.3,1
trayectoria,11.17,1,353.795,43.5661,16.1304,-53.0435,2.3,0
trayectoria,11.17,2,364.956,226.123,54.88,-130,1.2,1
trayectoria,11.17,3,305.938,199.672,-119,110,0.8,0
trayectoria,11.18,0,336.722,41.0916,-11.0303,-0.606061,3.3,1
trayectoria,11.18,1,353.795,43.5661,16.1304,-53.0435,2.3,0
trayectoria,11.18,2,365.504,224.823,54.88,-130,1.2,1
trayectoria,11.18,3,305.938,199.672,-119,110,0.8,0
trayectoria,11.19,0,336.612,41.0855,-11.0303,-0.606061,3.3,1
trayectoria,11.19,1,353.795,43.5661,16.1304,-53.0435,2.3,0
trayectoria,11.19,2,366.053,223.523,54.88,-130,1.2,1
trayectoria,11.19,3,305.938,199.672,-119,110,0.8,0
trayectoria,11.2,0,336.501,41.0794,-11.0303,-0.606061,3.3,1
trayectoria,11.2,1,353.795,43.5661,16.1304,-53.0435,2.3,0
trayectoria,11.2,2,366.602,222.223,54.88,-130,1.2,1
trayectoria,11.2,3,305.938,199.672,-119,110,0.8,0
trayectoria,11.21,0,336.391,41.0734,-11.0303,-0.606061,3.3,1
trayectoria,11.21,1,353.795,43.5661,16.1304,-53.0435,2.3,0
trayectoria,11.21,2,367.151,220.923,54.88,-130,1.2,1
trayectoria,11.21,3,305.938,199.672,-119,110,0.8,0
trayectoria,11.22,0,336.281,41.0673,-11.0303,-0.606061,3.3,1
trayectoria,11.22,1,353.795,43.5661,16.1304,-53.0435,2.3,0
trayectoria,11.22,2,367.7,219.623,54.88,-130,1.2,1
trayectoria,11.22,3,305.938,199.672,-119,110,0.8,0
trayectoria,11.23,0,336.171,41.0612,-11.0303,-0.606061,3.3,1
trayectoria,11.23,1,353.795,43.5661,16.1304,-53.0435,2.3,0
trayectoria,11.23,2,368.248,218.323,54.88,-130,1.2,1
trayectoria,11.23,3,305.938,199.672,-119,110,0.8,0
trayectoria,11.24,0,336.06,41.0552,-11.0303,-0.606061,3.3,1
trayectoria,11.24,1,353.795,43.5661,16.1304,-53.0435,2.3,0
trayectoria,11.24,2,368.797,217.023,54.88,-130,1.2,1
trayectoria,11.24,3,305.938,199.672,-119,110,0.8,0
trayectoria,11.25,0,335.95,41.0491,-11.0303,-0.606061,3.3,1
trayectoria,11.25,1,353.795,43.5661,16.1304,-53.0435,2.3,0
trayectoria,11.25,2,369.346,215.723,54.88,-130,1.2,1
trayectoria,11.25,3,305.938,199.672,-119,110,0.8,0
trayectoria,11.26,0,335.84,41.0431,-11.0303,-0.606061,3.3,1
trayectoria,11.26,1,353.795,43.5661,16.1304,-53.0435,2.3,0
trayectoria,11.26,2,369.895,214.423,54.88,-130,1.2,1
trayectoria,11.26,3,305.938,199.672,-119,110,0.8,0
trayectoria,11.27,0,335.729,41.037,-11.0303,-0.606061,3.3,1
trayectoria,11.27,1,353.795,43.5661,16.1304,-53.0435,2.3,0
trayectoria,11.27,2,370.444,213.123,54.88,-130,1.2,1
trayectoria,11.27,3,305.938,199.672,-119,110,0.8,0
trayectoria,11.28,0,335.619,41.0309,-11.0303,-0.606061,3.3,1
trayectoria,11.28,1,353.795,43.5661,16.1304,-53.0435,2.3,0
trayectoria,11.28,2,370.992,211.823,54.88,-130,1.2,1
trayectoria,11.28,3,305.938,199.672,-119,110,0.8,0
trayectoria,11.29,0,335.509,41.0249,-11.0303,-0.606061,3.3,1
trayectoria,11.29,1,353.795,43.5661,16.1304,-53.0435,2.3,0
trayectoria,11.29,2,371.541,210.523,54.88,-130,1.2,1
trayectoria,11.29,3,305.938,199.672,-119,110,0.8,0
trayectoria,11.3,0,335.398,41.0188,-11.0303,-0.606061,3.3,1
trayectoria,11.3,1,353.795,43.5661,16.1304,-53.0435,2.3,0
trayectoria,11.3,2,372.09,209.223,54.88,-130,1.2,1
trayectoria,11.3,3,305.938,199.672,-119,110,0.8,0
trayectoria,11.31,0,335.288,41.0128,-11.0303,-0.606061,3.3,1
trayectoria,11.31,1,353.795,43.5661,16.1304,-53.0435,2.3,0
trayectoria,11.31,2,372.639,207.923,54.88,-130,1.2,1
trayectoria,11.31,3,305.938,199.672,-119,110,0.8,0
trayectoria,11.32,0,335.178,41.0067,-11.0303,-0.606061,3.3,1
trayectoria,11.32,1,353.795,43.5661,16.1304,-53.0435,2.3,0
trayectoria,11.32,2,373.188,206.623,54.88,-130,1.2,1
trayectoria,11.32,3,305.938,199.672,-119,110,0.8,0
trayectoria,11.33,0,335.068,41.0006,-11.0303,-0.606061,3.3,1
trayectoria,11.33,1,353.795,43.5661,16.1304,-53.0435,2.3,0
trayectoria,11.33,2,373.736,205.323,54.88,-130,1.2,1
trayectoria,11.33,3,305.938,199.672,-119,110,0.8,0
trayectoria,11.34,0,334.957,40.9946,-11.0303,-0.606061,3.3,1
trayectoria,11.34,1,353.795,43.5661,16.1304,-53.0435,2.3,0
trayectoria,11.34,2,374.285,204.023,54.88,-130,1.2,1
trayectoria,11.34,3,305.938,199.672,-119,110,0.8,0
trayectoria,11.35,0,334.847,40.9885,-11.0303,-0.606061,3.3,1
trayectoria,11.35,1,353.795,43.5661,16.1304,-53.0435,2.3,0
trayectoria,11.35,2,374.834,202.723,54.88,-130,1.2,1
trayectoria,11.35,3,305.938,199.672,-119,110,0.8,0
trayectoria,11.36,0,334.737,40.9825,-11.0303,-0.606061,3.3,1
trayectoria,11.36,1,353.795,43.5661,16.1304,-53.0435,2.3,0
trayectoria,11.36,2,375.383,201.423,54.88,-130,1.2,1
trayectoria,11.36,3,305.938,199.672,-119,110,0.8,0
trayectoria,11.37,0,334.626,40.9764,-11.0303,-0.606061,3.3,1
trayectoria,11.37,1,353.795,43.5661,16.1304,-53.0435,2.3,0
trayectoria,11.37,2,375.932,200.123,54.88,-130,1.2,1
trayectoria,11.37,3,305.938,199.672,-119,110,0.8,0
trayectoria,11.38,0,334.516,40.9703,-11.0303,-0.606061,3.3,1
trayectoria,11.38,1,353.795,43.5661,16.1304,-53.0435,2.3,0
trayectoria,11.38,2,376.48,198.823,54.88,-130,1.2,1
trayectoria,11.38,3,305.938,199.672,-119,110,0.8,0
trayectoria,11.39,0,334.406,40.9643,-11.0303,-0.606061,3.3,1
trayectoria,11.39,1,353.795,43.5661,16.1304,-53.0435,2.3,0
trayectoria,11.39,2,377.029,197.523,54.88,-130,1.2,1
trayectoria,11.39,3,305.938,199.672,-119,110,0.8,0
trayectoria,11.4,0,334.295,40.9582,-11.0303,-0.606061,3.3,1
trayectoria,11.4,1,353.795,43.5661,16.1304,-53.0435,2.3,0
trayectoria,11.4,2,377.578,196.223,54.88,-130,1.2,1
trayectoria,11.4,3,305.938,199.672,-119,110,0.8,0
trayectoria,11.41,0,334.185,40.9522,-11.0303,-0.606061,3.3,1
trayectoria,11.41,1,353.795,43.5661,16.1304,-53.0435,2.3,0
trayectoria,11.41,2,378.127,194.923,54.88,-130,1.2,1
trayectoria,11.41,3,305.938,199.672,-119,110,0.8,0
trayectoria,11.42,0,334.075,40.9461,-11.0303,-0.606061,3.3,1
trayectoria,11.42,1,353.795,43.5661,16.1304,-53.0435,2.3,0
trayectoria,11.42,2,378.676,193.623,54.88,-130,1.2,1
trayectoria,11.42,3,305.938,199.672,-119,110,0.8,0
trayectoria,11.43,0,333.965,40.94,-11.0303,-0.606061,3.3,1
trayectoria,11.43,1,353.795,43.5661,16.1304,-53.0435,2.3,0
trayectoria,11.43,2,379.224,192.323,54.88,-130,1.2,1
trayectoria,11.43,3,305.938,199.672,-119,110,0.8,0
trayectoria,11.44,0,333.854,40.934,-11.0303,-0.606061,3.3,1
trayectoria,11.44,1,353.795,43.5661,16.1304,-53.0435,2.3,0
trayectoria,11.44,2,379.773,191.023,54.88,-130,1.2,1
trayectoria,11.44,3,305.938,199.672,-119,110,0.8,0
trayectoria,11.45,0,333.744,40.9279,-11.0303,-0.606061,3.3,1
trayectoria,11.45,1,353.795,43.5661,16.1304,-53.0435,2.3,0
trayectoria,11.45,2,380.322,189.723,54.88,-130,1.2,1
trayectoria,11.45,3,305.938,199.672,-119,110,0.8,0
trayectoria,11.46,0,333.634,40.9219,-11.0303,-0.606061,3.3,1
trayectoria,11.46,1,353.795,43.5661,16.1304,-53.0435,2.3,0
trayectoria,11.46,2,380.871,188.423,54.88,-130,1.2,1
trayectoria,11.46,3,305.938,199.672,-119,110,0.8,0
trayectoria,11.47,0,333.523,40.9158,-11.0303,-0.606061,3.3,1
trayectoria,11.47,1,353.795,43.5661,16.1304,-53.0435,2.3,0
trayectoria,11.47,2,381.42,187.123,54.88,-130,1.2,1
trayectoria,11.47,3,305.938,199.672,-119,110,0.8,0
trayectoria,11.48,0,333.413,40.9097,-11.0303,-0.606061,3.3,1
trayectoria,11.48,1,353.795,43.5661,16.1304,-53.0435,2.3,0
trayectoria,11.48,2,381.968,185.823,54.88,-130,1.2,1
trayectoria,11.48,3,305.938,199.672,-119,110,0.8,0
trayectoria,11.49,0,333.303,40.9037,-11.0303,-0.606061,3.3,1
trayectoria,11.49,1,353.795,43.5661,16.1304,-53.0435,2.3,0
trayectoria,11.49,2,382.517,184.523,54.88,-130,1.2,1
trayectoria,11.49,3,305.938,199.672,-119,110,0.8,0
trayectoria,11.5,0,333.192,40.8976,-11.0303,-0.606061,3.3,1
trayectoria,11.5,1,353.795,43.5661,16.1304,-53.0435,2.3,0
trayectoria,11.5,2,383.066,183.223,54.88,-130,1.2,1
trayectoria,11.5,3,305.938,199.672,-119,110,0.8,0
trayectoria,11.51,0,333.082,40.8916,-11.0303,-0.606061,3.3,1
trayectoria,11.51,1,353.795,43.5661,16.1304,-53.0435,2.3,0
trayectoria,11.51,2,383.615,181.923,54.88,-130,1.2,1
trayectoria,11.51,3,305.938,199.672,-119,110,0.8,0
trayectoria,11.52,0,332.972,40.8855,-11.0303,-0.606061,3.3,1
trayectoria,11.52,1,353.795,43.5661,16.1304,-53.0435,2.3,0
trayectoria,11.52,2,384.164,180.623,54.88,-130,1.2,1
trayectoria,11.52,3,305.938,199.672,-119,110,0.8,0
trayectoria,11.53,0,332.861,40.8794,-11.0303,-0.606061,3.3,1
trayectoria,11.53,1,353.795,43.5661,16.1304,-53.0435,2.3,0
trayectoria,11.53,2,384.712,179.323,54.88,-130,1.2,1
trayectoria,11.53,3,305.938,199.672,-119,110,0.8,0
trayectoria,11.54,0,332.751,40.8734,-11.0303,-0.606061,3.3,1
trayectoria,11.54,1,353.795,43.5661,16.1304,-53.0435,2.3,0
trayectoria,11.54,2,385.261,178.023,54.88,-130,1.2,1
trayectoria,11.54,3,305.938,199.672,-119,110,0.8,0
trayectoria,11.55,0,332.641,40.8673,-11.0303,-0.606061,3.3,1
trayectoria,11.55,1,353.795,43.5661,16.1304,-53.0435,2.3,0
trayectoria,11.55,2,385.81,176.723,54.88,-130,1.2,1
trayectoria,11.55,3,305.938,199.672,-119,110,0.8,0
trayectoria,11.56,0,332.531,40.8612,-11.0303,-0.606061,3.3,1
trayectoria,11.56,1,353.795,43.5661,16.1304,-53.0435,2.3,0
trayectoria,11.56,2,386.359,175.423,54.88,-130,1.2,1
trayectoria,11.56,3,305.938,199.672,-119,110,0.8,0
trayectoria,11.57,0,332.42,40.8552,-11.0303,-0.606061,3.3,1
trayectoria,11.57,1,353.795,43.5661,16.1304,-53.0435,2.3,0
trayectoria,11.57,2,386.908,174.123,54.88,-130,1.2,1
trayectoria,11.57,3,305.938,199.672,-119,110,0.8,0
trayectoria,11.58,0,332.31,40.8491,-11.0303,-0.606061,3.3,1
trayectoria,11.58,1,353.795,43.5661,16.1304,-53.0435,2.3,0
trayectoria,11.58,2,387.456,172.823,54.88,-130,1.2,1
trayectoria,11.58,3,305.938,199.672,-119,110,0.8,0
trayectoria,11.59,0,332.2,40.8431,-11.0303,-0.606061,3.3,1
trayectoria,11.59,1,353.795,43.5661,16.1304,-53.0435,2.3,0
trayectoria,11.59,2,388.005,171.523,54.88,-130,1.2,1
trayectoria,11.59,3,305.938,199.672,-119,110,0.8,0
trayectoria,11.6,0,332.089,40.837,-11.0303,-0.606061,3.3,1
trayectoria,11.6,1,353.795,43.5661,16.1304,-53.0435,2.3,0
trayectoria,11.6,2,388.554,170.223,54.88,-130,1.2,1
trayectoria,11.6,3,305.938,199.672,-119,110,0.8,0
trayectoria,11.61,0,331.979,40.8309,-11.0303,-0.606061,3.3,1
trayectoria,11.61,1,353.795,43.5661,16.1304,-53.0435,2.3,0
trayectoria,11.61,2,389.103,168.923,54.88,-130,1.2,1
trayectoria,11.61,3,305.938,199.672,-119,110,0.8,0
trayectoria,11.62,0,331.869,40.8249,-11.0303,-0.606061,3.3,1
trayectoria,11.62,1,353.795,43.5661,16.1304,-53.0435,2.3,0
trayectoria,11.62,2,389.652,167.623,54.88,-130,1.2,1
trayectoria,11.62,3,305.938,199.672,-119,110,0.8,0
trayectoria,11.63,0,331.758,40.8188,-11.0303,-0.606061,3.3,1
trayectoria,11.63,1,353.795,43.5661,16.1304,-53.0435,2.3,0
trayectoria,11.63,2,390.2,166.323,54.88,-130,1.2,1
trayectoria,11.63,3,305.938,199.672,-119,110,0.8,0
trayectoria,11.64,0,331.648,40.8128,-11.0303,-0.606061,3.3,1
trayectoria,11.64,1,353.795,43.5661,16.1304,-53.0435,2.3,0
trayectoria,11.64,2,390.749,165.023,54.88,-130,1.2,1
trayectoria,11.64,3,305.938,199.672,-119,110,0.8,0
trayectoria,11.65,0,331.538,40.8067,-11.0303,-0.606061,3.3,1
trayectoria,11.65,1,353.795,43.5661,16.1304,-53.0435,2.3,0
trayectoria,11.65,2,391.298,163.723,54.88,-130,1.2,1
trayectoria,11.65,3,305.938,199.672,-119,110,0.8,0
trayectoria,11.66,0,331.428,40.8006,-11.0303,-0.606061,3.3,1
trayectoria,11.66,1,353.795,43.5661,16.1304,-53.0435,2.3,0
trayectoria,11.66,2,391.847,162.423,54.88,-130,1.2,1
trayectoria,11.66,3,305.938,199.672,-119,110,0.8,0
trayectoria,11.67,0,331.317,40.7946,-11.0303,-0.606061,3.3,1
trayectoria,11.67,1,353.795,43.5661,16.1304,-53.0435,2.3,0
trayectoria,11.67,2,392.396,161.123,54.88,-130,1.2,1
trayectoria,11.67,3,305.938,199.672,-119,110,0.8,0
trayectoria,11.68,0,331.207,40.7885,-11.0303,-0.606061,3.3,1
trayectoria,11.68,1,353.795,43.5661,16.1304,-53.0435,2.3,0
trayectoria,11.68,2,392.944,159.823,54.88,-130,1.2,1
trayectoria,11.68,3,305.938,199.672,-119,110,0.8,0
trayectoria,11.69,0,331.097,40.7825,-11.0303,-0.606061,3.3,1
trayectoria,11.69,1,353.795,43.5661,16.1304,-53.0435,2.3,0
trayectoria,11.69,2,393.493,158.523,54.88,-130,1.2,1
trayectoria,11.69,3,305.938,199.672,-119,110,0.8,0
trayectoria,11.7,0,330.986,40.7764,-11.0303,-0.606061,3.3,1
trayectoria,11.7,1,353.795,43.5661,16.1304,-53.0435,2.3,0
trayectoria,11.7,2,394.042,157.223,54.88,-130,1.2,1
trayectoria,11.7,3,305.938,199.672,-119,110,0.8,0
trayectoria,11.71,0,330.876,40.7703,-11.0303,-0.606061,3.3,1
trayectoria,11.71,1,353.795,43.5661,16.1304,-53.0435,2.3,0
trayectoria,11.71,2,394.591,155.923,54.88,-130,1.2,1
trayectoria,11.71,3,305.938,199.672,-119,110,0.8,0
trayectoria,11.72,0,330.766,40.7643,-11.0303,-0.606061,3.3,1
trayectoria,11.72,1,353.795,43.5661,16.1304,-53.0435,2.3,0
trayectoria,11.72,2,395.14,154.623,54.88,-130,1.2,1
trayectoria,11.72,3,305.938,199.672,-119,110,0.8,0
trayectoria,11.73,0,330.655,40.7582,-11.0303,-0.606061,3.3,1
trayectoria,11.73,1,353.795,43.5661,16.1304,-53.0435,2.3,0
trayectoria,11.73,2,395.688,153.323,54.88,-130,1.2,1
trayectoria,11.73,3,305.938,199.672,-119,110,0.8,0
trayectoria,11.74,0,330.545,40.7522,-11.0303,-0.606061,3.3,1
trayectoria,11.74,1,353.795,43.5661,16.1304,-53.0435,2.3,0
trayectoria,11.74,2,396.237,152.023,54.88,-130,1.2,1
trayectoria,11.74,3,305.938,199.672,-119,110,0.8,0
trayectoria,11.75,0,330.435,40.7461,-11.0303,-0.606061,3.3,1
trayectoria,11.75,1,353.795,43.5661,16.1304,-53.0435,2.3,0
trayectoria,11.75,2,396.786,150.723,54.88,-130,1.2,1
trayectoria,11.75,3,305.938,199.672,-119,110,0.8,0
trayectoria,11.76,0,330.325,40.74,-11.0303,-0.606061,3.3,1
trayectoria,11.76,1,353.795,43.5661,16.1304,-53.0435,2.3,0
trayectoria,11.76,2,397.335,149.423,54.88,-130,1.2,1
trayectoria,11.76,3,305.938,199.672,-119,110,0.8,0
trayectoria,11.77,0,330.214,40.734,-11.0303,-0.606061,3.3,1
trayectoria,11.77,1,353.795,43.5661,16.1304,-53.0435,2.3,0
trayectoria,11.77,2,397.884,148.123,54.88,-130,1.2,1
trayectoria,11.77,3,305.938,199.672,-119,110,0.8,0
trayectoria,11.78,0,330.104,40.7279,-11.0303,-0.606061,3.3,1
trayectoria,11.78,1,353.795,43.5661,16.1304,-53.0435,2.3,0
trayectoria,11.78,2,398.432,146.823,54.88,-130,1.2,1
trayectoria,11.78,3,305.938,199.672,-119,110,0.8,0
trayectoria,11.79,0,329.994,40.7219,-11.0303,-0.606061,3.3,1
trayectoria,11.79,1,353.795,43.5661,16.1304,-53.0435,2.3,0
trayectoria,11.79,2,398.981,145.523,54.88,-130,1.2,1
trayectoria,11.79,3,305.938,199.672,-119,110,0.8,0
trayectoria,11.8,0,329.883,40.7158,-11.0303,-0.606061,3.3,1
trayectoria,11.8,1,353.795,43.5661,16.1304,-53.0435,2.3,0
trayectoria,11.8,2,399.53,144.223,54.88,-130,1.2,1
trayectoria,11.8,3,305.938,199.672,-119,110,0.8,0
trayectoria,11.81,0,329.773,40.7097,-11.0303,-0.606061,3.3,1
trayectoria,11.81,1,353.795,43.5661,16.1304,-53.0435,2.3,0
trayectoria,11.81,2,400.079,142.923,54.88,-130,1.2,1
trayectoria,11.81,3,305.938,199.672,-119,110,0.8,0
trayectoria,11.82,0,329.663,40.7037,-11.0303,-0.606061,3.3,1
trayectoria,11.82,1,353.795,43.5661,16.1304,-53.0435,2.3,0
trayectoria,11.82,2,400.628,141.623,54.88,-130,1.2,1
trayectoria,11.82,3,305.938,199.672,-119,110,0.8,0
trayectoria,11.83,0,329.552,40.6976,-11.0303,-0.606061,3.3,1
trayectoria,11.83,1,353.795,43.5661,16.1304,-53.0435,2.3,0
trayectoria,11.83,2,401.176,140.323,54.88,-130,1.2,1
trayectoria,11.83,3,305.938,199.672,-119,110,0.8,0
trayectoria,11.84,0,329.442,40.6916,-11.0303,-0.606061,3.3,1
trayectoria,11.84,1,353.795,43.5661,16.1304,-53.0435,2.3,0
trayectoria,11.84,2,401.725,139.023,54.88,-130,1.2,1
trayectoria,11.84,3,305.938,199.672,-119,110,0.8,0
trayectoria,11.85,0,329.332,40.6855,-11.0303,-0.606061,3.3,1
trayectoria,11.85,1,353.795,43.5661,16.1304,-53.0435,2.3,0
trayectoria,11.85,2,402.274,137.723,54.88,-130,1.2,1
trayectoria,11.85,3,305.938,199.672,-119,110,0.8,0
trayectoria,11.86,0,329.221,40.6794,-11.0303,-0.606061,3.3,1
trayectoria,11.86,1,353.795,43.5661,16.1304,-53.0435,2.3,0
trayectoria,11.86,2,402.823,136.423,54.88,-130,1.2,1
trayectoria,11.86,3,305.938,199.672,-119,110,0.8,0
trayectoria,11.87,0,329.111,40.6734,-11.0303,-0.606061,3.3,1
trayectoria,11.87,1,353.795,43.5661,16.1304,-53.0435,2.3,0
trayectoria,11.87,2,403.372,135.123,54.88,-130,1.2,1
trayectoria,11.87,3,305.938,199.672,-119,110,0.8,0
trayectoria,11.88,0,329.001,40.6673,-11.0303,-0.606061,3.3,1
trayectoria,11.88,1,353.795,43.5661,16.1304,-53.0435,2.3,0
trayectoria,11.88,2,403.92,133.823,54.88,-130,1.2,1
trayectoria,11.88,3,305.938,199.672,-119,110,0.8,0
trayectoria,11.89,0,328.891,40.6612,-11.0303,-0.606061,3.3,1
trayectoria,11.89,1,353.795,43.5661,16.1304,-53.0435,2.3,0
trayectoria,11.89,2,404.469,132.523,54.88,-130,1.2,1
trayectoria,11.89,3,305.938,199.672,-119,110,0.8,0
trayectoria,11.9,0,328.78,40.6552,-11.0303,-0.606061,3.3,1
trayectoria,11.9,1,353.795,43.5661,16.1304,-53.0435,2.3,0
trayectoria,11.9,2,405.018,131.223,54.88,-130,1.2,1
trayectoria,11.9,3,305.938,199.672,-119,110,0.8,0
trayectoria,11.91,0,328.67,40.6491,-11.0303,-0.606061,3.3,1
trayectoria,11.91,1,353.795,43.5661,16.1304,-53.0435,2.3,0
trayectoria,11.91,2,405.567,129.923,54.88,-130,1.2,1
trayectoria,11.91,3,305.938,199.672,-119,110,0.8,0
trayectoria,11.92,0,328.56,40.6431,-11.0303,-0.606061,3.3,1
trayectoria,11.92,1,353.795,43.5661,16.1304,-53.0435,2.3,0
trayectoria,11.92,2,406.116,128.623,54.88,-130,1.2,1
trayectoria,11.92,3,305.938,199.672,-119,110,0.8,0
trayectoria,11.93,0,328.449,40.637,-11.0303,-0.606061,3.3,1
trayectoria,11.93,1,353.795,43.5661,16.1304,-53.0435,2.3,0
trayectoria,11.93,2,406.664,127.323,54.88,-130,1.2,1
trayectoria,11.93,3,305.938,199.672,-119,110,0.8,0
trayectoria,11.94,0,328.339,40.6309,-11.0303,-0.606061,3.3,1
trayectoria,11.94,1,353.795,43.5661,16.1304,-53.0435,2.3,0
trayectoria,11.94,2,407.213,126.023,54.88,-130,1.2,1
trayectoria,11.94,3,305.938,199.672,-119,110,0.8,0
trayectoria,11.95,0,328.229,40.6249,-11.0303,-0.606061,3.3,1
trayectoria,11.95,1,353.795,43.5661,16.1304,-53.0435,2.3,0
trayectoria,11.95,2,407.762,124.723,54.88,-130,1.2,1
trayectoria,11.95,3,305.938,199.672,-119,110,0.8,0
trayectoria,11.96,0,328.118,40.6188,-11.0303,-0.606061,3.3,1
trayectoria,11.96,1,353.795,43.5661,16.1304,-53.0435,2.3,0
trayectoria,11.96,2,408.311,123.423,54.88,-130,1.2,1
trayectoria,11.96,3,305.938,199.672,-119,110,0.8,0
trayectoria,11.97,0,328.008,40.6128,-11.0303,-0.606061,3.3,1
trayectoria,11.97,1,353.795,43.5661,16.1304,-53.0435,2.3,0
trayectoria,11.97,2,408.86,122.123,54.88,-130,1.2,1
trayectoria,11.97,3,305.938,199.672,-119,110,0.8,0
trayectoria,11.98,0,327.898,40.6067,-11.0303,-0.606061,3.3,1
trayectoria,11.98,1,353.795,43.5661,16.1304,-53.0435,2.3,0
trayectoria,11.98,2,409.408,120.823,54.88,-130,1.2,1
trayectoria,11.98,3,305.938,199.672,-119,110,0.8,0
trayectoria,11.99,0,327.788,40.6006,-11.0303,-0.606061,3.3,1
trayectoria,11.99,1,353.795,43.5661,16.1304,-53.0435,2.3,0
trayectoria,11.99,2,409.957,119.523,54.88,-130,1.2,1
trayectoria,11.99,3,305.938,199.672,-119,110,0.8,0
trayectoria,12,0,327.677,40.5946,-11.0303,-0.606061,3.3,1
trayectoria,12,1,353.795,43.5661,16.1304,-53.0435,2.3,0
trayectoria,12,2,410.506,118.223,54.88,-130,1.2,1
trayectoria,12,3,305.938,199.672,-119,110,0.8,0
trayectoria,12.01,0,327.567,40.5885,-11.0303,-0.606061,3.3,1
trayectoria,12.01,1,353.795,43.5661,16.1304,-53.0435,2.3,0
trayectoria,12.01,2,411.055,116.923,54.88,-130,1.2,1
trayectoria,12.01,3,305.938,199.672,-119,110,0.8,0
trayectoria,12.02,0,327.457,40.5825,-11.0303,-0.606061,3.3,1
trayectoria,12.02,1,353.795,43.5661,16.1304,-53.0435,2.3,0
trayectoria,12.02,2,411.604,115.623,54.88,-130,1.2,1
trayectoria,12.02,3,305.938,199.672,-119,110,0.8,0
trayectoria,12.03,0,327.346,40.5764,-11.0303,-0.606061,3.3,1
trayectoria,12.03,1,353.795,43.5661,16.1304,-53.0435,2.3,0
trayectoria,12.03,2,412.152,114.323,54.88,-130,1.2,1
trayectoria,12.03,3,305.938,199.672,-119,110,0.8,0
trayectoria,12.04,0,327.236,40.5703,-11.0303,-0.606061,3.3,1
trayectoria,12.04,1,353.795,43.5661,16.1304,-53.0435,2.3,0
trayectoria,12.04,2,412.701,113.023,54.88,-130,1.2,1
trayectoria,12.04,3,305.938,199.672,-119,110,0.8,0
trayectoria,12.05,0,327.126,40.5643,-11.0303,-0.606061,3.3,1
trayectoria,12.05,1,353.795,43.5661,16.1304,-53.0435,2.3,0
trayectoria,12.05,2,413.25,111.723,54.88,-130,1.2,1
trayectoria,12.05,3,305.938,199.672,-119,110,0.8,0
trayectoria,12.06,0,327.015,40.5582,-11.0303,-0.606061,3.3,1
trayectoria,12.06,1,353.795,43.5661,16.1304,-53.0435,2.3,0
trayectoria,12.06,2,413.799,110.423,54.88,-130,1.2,1
trayectoria,12.06,3,305.938,199.672,-119,110,0.8,0
trayectoria,12.07,0,326.905,40.5522,-11.0303,-0.606061,3.3,1
trayectoria,12.07,1,353.795,43.5661,16.1304,-53.0435,2.3,0
trayectoria,12.07,2,414.348,109.123,54.88,-130,1.2,1
trayectoria,12.07,3,305.938,199.672,-119,110,0.8,0
trayectoria,12.08,0,326.795,40.5461,-11.0303,-0.606061,3.3,1
trayectoria,12.08,1,353.795,43.5661,16.1304,-53.0435,2.3,0
trayectoria,12.08,2,414.896,107.823,54.88,-130,1.2,1
trayectoria,12.08,3,305.938,199.672,-119,110,0.8,0
trayectoria,12.09,0,326.685,40.54,-11.0303,-0.606061,3.3,1
trayectoria,12.09,1,353.795,43.5661,16.1304,-53.0435,2.3,0
trayectoria,12.09,2,415.445,106.523,54.88,-130,1.2,1
trayectoria,12.09,3,305.938,199.672,-119,110,0.8,0
trayectoria,12.1,0,326.574,40.534,-11.0303,-0.606061,3.3,1
trayectoria,12.1,1,353.795,43.5661,16.1304,-53.0435,2.3,0
trayectoria,12.1,2,415.994,105.223,54.88,-130,1.2,1
trayectoria,12.1,3,305.938,199.672,-119,110,0.8,0
trayectoria,12.11,0,326.464,40.5279,-11.0303,-0.606061,3.3,1
trayectoria,12.11,1,353.795,43.5661,16.1304,-53.0435,2.3,0
trayectoria,12.11,2,416.543,103.923,54.88,-130,1.2,1
trayectoria,12.11,3,305.938,199.672,-119,110,0.8,0
trayectoria,12.12,0,326.354,40.5219,-11.0303,-0.606061,3.3,1
trayectoria,12.12,1,353.795,43.5661,16.1304,-53.0435,2.3,0
trayectoria,12.12,2,417.092,102.623,54.88,-130,1.2,1
trayectoria,12.12,3,305.938,199.672,-119,110,0.8,0
trayectoria,12.13,0,326.243,40.5158,-11.0303,-0.606061,3.3,1
trayectoria,12.13,1,353.795,43.5661,16.1304,-53.0435,2.3,0
trayectoria,12.13,2,417.64,101.323,54.88,-130,1.2,1
trayectoria,12.13,3,305.938,199.672,-119,110,0.8,0
trayectoria,12.14,0,326.133,40.5097,-11.0303,-0.606061,3.3,1
trayectoria,12.14,1,353.795,43.5661,16.1304,-53.0435,2.3,0
trayectoria,12.14,2,418.189,100.023,54.88,-130,1.2,1
trayectoria,12.14,3,305.938,199.672,-119,110,0.8,0
trayectoria,12.15,0,326.023,40.5037,-11.0303,-0.606061,3.3,1
trayectoria,12.15,1,353.795,43.5661,16.1304,-53.0435,2.3,0
trayectoria,12.15,2,418.738,98.7228,54.88,-130,1.2,1
trayectoria,12.15,3,305.938,199.672,-119,110,0.8,0
trayectoria,12.16,0,325.912,40.4976,-11.0303,-0.606061,3.3,1
trayectoria,12.16,1,353.795,43.5661,16.1304,-53.0435,2.3,0
trayectoria,12.16,2,419.287,97.4228,54.88,-130,1.2,1
trayectoria,12.16,3,305.938,199.672,-119,110,0.8,0
trayectoria,12.17,0,325.802,40.4916,-11.0303,-0.606061,3.3,1
trayectoria,12.17,1,353.795,43.5661,16.1304,-53.0435,2.3,0
trayectoria,12.17,2,419.836,96.1228,54.88,-130,1.2,1
trayectoria,12.17,3,305.938,199.672,-119,110,0.8,0
trayectoria,12.18,0,325.692,40.4855,-11.0303,-0.606061,3.3,1
trayectoria,12.18,1,353.795,43.5661,16.1304,-53.0435,2.3,0
trayectoria,12.18,2,420.384,94.8228,54.88,-130,1.2,1
trayectoria,12.18,3,305.938,199.672,-119,110,0.8,0
trayectoria,12.19,0,325.581,40.4794,-11.0303,-0.606061,3.3,1
trayectoria,12.19,1,353.795,43.5661,16.1304,-53.0435,2.3,0
trayectoria,12.19,2,420.933,93.5228,54.88,-130,1.2,1
trayectoria,12.19,3,305.938,199.672,-119,110,0.8,0
trayectoria,12.2,0,325.471,40.4734,-11.0303,-0.606061,3.3,1
trayectoria,12.2,1,353.795,43.5661,16.1304,-53.0435,2.3,0
trayectoria,12.2,2,421.482,92.2228,54.88,-130,1.2,1
trayectoria,12.2,3,305.938,199.672,-119,110,0.8,0
trayectoria,12.21,0,325.361,40.4673,-11.0303,-0.606061,3.3,1
trayectoria,12.21,1,353.795,43.5661,16.1304,-53.0435,2.3,0
trayectoria,12.21,2,422.031,90.9228,54.88,-130,1.2,1
trayectoria,12.21,3,305.938,199.672,-119,110,0.8,0
trayectoria,12.22,0,325.251,40.4612,-11.0303,-0.606061,3.3,1
trayectoria,12.22,1,353.795,43.5661,16.1304,-53.0435,2.3,0
trayectoria,12.22,2,422.58,89.6228,54.88,-130,1.2,1
trayectoria,12.22,3,305.938,199.672,-119,110,0.8,0
trayectoria,12.23,0,325.14,40.4552,-11.0303,-0.606061,3.3,1
trayectoria,12.23,1,353.795,43.5661,16.1304,-53.0435,2.3,0
trayectoria,12.23,2,423.128,88.3228,54.88,-130,1.2,1
trayectoria,12.23,3,305.938,199.672,-119,110,0.8,0
trayectoria,12.24,0,325.03,40.4491,-11.0303,-0.606061,3.3,1
trayectoria,12.24,1,353.795,43.5661,16.1304,-53.0435,2.3,0
trayectoria,12.24,2,423.677,87.0228,54.88,-130,1.2,1
trayectoria,12.24,3,305.938,199.672,-119,110,0.8,0
trayectoria,12.25,0,324.92,40.4431,-11.0303,-0.606061,3.3,1
trayectoria,12.25,1,353.795,43.5661,16.1304,-53.0435,2.3,0
trayectoria,12.25,2,424.226,85.7228,54.88,-130,1.2,1
trayectoria,12.25,3,305.938,199.672,-119,110,0.8,0
trayectoria,12.26,0,324.809,40.437,-11.0303,-0.606061,3.3,1
trayectoria,12.26,1,353.795,43.5661,16.1304,-53.0435,2.3,0
trayectoria,12.26,2,424.775,84.4228,54.88,-130,1.2,1
trayectoria,12.26,3,305.938,199.672,-119,110,0.8,0
trayectoria,12.27,0,324.699,40.4309,-11.0303,-0.606061,3.3,1
trayectoria,12.27,1,353.795,43.5661,16.1304,-53.0435,2.3,0
trayectoria,12.27,2,425.324,83.1228,54.88,-130,1.2,1
trayectoria,12.27,3,305.938,199.672,-119,110,0.8,0
trayectoria,12.28,0,324.589,40.4249,-11.0303,-0.606061,3.3,1
trayectoria,12.28,1,353.795,43.5661,16.1304,-53.0435,2.3,0
trayectoria,12.28,2,425.872,81.8228,54.88,-130,1.2,1
trayectoria,12.28,3,305.938,199.672,-119,110,0.8,0
trayectoria,12.29,0,324.478,40.4188,-11.0303,-0.606061,3.3,1
trayectoria,12.29,1,353.795,43.5661,16.1304,-53.0435,2.3,0
trayectoria,12.29,2,426.421,80.5228,54.88,-130,1.2,1
trayectoria,12.29,3,305.938,199.672,-119,110,0.8,0
trayectoria,12.3,0,324.368,40.4128,-11.0303,-0.606061,3.3,1
trayectoria,12.3,1,353.795,43.5661,16.1304,-53.0435,2.3,0
trayectoria,12.3,2,426.97,79.2228,54.88,-130,1.2,1
trayectoria,12.3,3,305.938,199.672,-119,110,0.8,0
trayectoria,12.31,0,324.258,40.4067,-11.0303,-0.606061,3.3,1
trayectoria,12.31,1,353.795,43.5661,16.1304,-53.0435,2.3,0
trayectoria,12.31,2,427.519,77.9228,54.88,-130,1.2,1
trayectoria,12.31,3,305.938,199.672,-119,110,0.8,0
trayectoria,12.32,0,324.148,40.4006,-11.0303,-0.606061,3.3,1
trayectoria,12.32,1,353.795,43.5661,16.1304,-53.0435,2.3,0
trayectoria,12.32,2,428.068,76.6228,54.88,-130,1.2,1
trayectoria,12.32,3,305.938,199.672,-119,110,0.8,0
trayectoria,12.33,0,324.037,40.3946,-11.0303,-0.606061,3.3,1
trayectoria,12.33,1,353.795,43.5661,16.1304,-53.0435,2.3,0
trayectoria,12.33,2,428.616,75.3228,54.88,-130,1.2,1
trayectoria,12.33,3,305.938,199.672,-119,110,0.8,0
trayectoria,12.34,0,323.927,40.3885,-11.0303,-0.606061,3.3,1
trayectoria,12.34,1,353.795,43.5661,16.1304,-53.0435,2.3,0
trayectoria,12.34,2,429.165,74.0228,54.88,-130,1.2,1
trayectoria,12.34,3,305.938,199.672,-119,110,0.8,0
trayectoria,12.35,0,323.817,40.3825,-11.0303,-0.606061,3.3,1
trayectoria,12.35,1,353.795,43.5661,16.1304,-53.0435,2.3,0
trayectoria,12.35,2,429.714,72.7228,54.88,-130,1.2,1
trayectoria,12.35,3,305.938,199.672,-119,110,0.8,0
trayectoria,12.36,0,323.706,40.3764,-11.0303,-0.606061,3.3,1
trayectoria,12.36,1,353.795,43.5661,16.1304,-53.0435,2.3,0
trayectoria,12.36,2,430.263,71.4228,54.88,-130,1.2,1
trayectoria,12.36,3,305.938,199.672,-119,110,0.8,0
trayectoria,12.37,0,323.596,40.3703,-11.0303,-0.606061,3.3,1
trayectoria,12.37,1,353.795,43.5661,16.1304,-53.0435,2.3,0
trayectoria,12.37,2,430.812,70.1228,54.88,-130,1.2,1
trayectoria,12.37,3,305.938,199.672,-119,110,0.8,0
trayectoria,12.38,0,323.486,40.3643,-11.0303,-0.606061,3.3,1
trayectoria,12.38,1,353.795,43.5661,16.1304,-53.0435,2.3,0
trayectoria,12.38,2,431.36,68.8228,54.88,-130,1.2,1
trayectoria,12.38,3,305.938,199.672,-119,110,0.8,0
trayectoria,12.39,0,323.375,40.3582,-11.0303,-0.606061,3.3,1
trayectoria,12.39,1,353.795,43.5661,16.1304,-53.0435,2.3,0
trayectoria,12.39,2,431.909,67.5228,54.88,-130,1.2,1
trayectoria,12.39,3,305.938,199.672,-119,110,0.8,0
trayectoria,12.4,0,323.265,40.3522,-11.0303,-0.606061,3.3,1
trayectoria,12.4,1,353.795,43.5661,16.1304,-53.0435,2.3,0
trayectoria,12.4,2,432.458,66.2228,54.88,-130,1.2,1
trayectoria,12.4,3,305.938,199.672,-119,110,0.8,0
trayectoria,12.41,0,323.155,40.3461,-11.0303,-0.606061,3.3,1
trayectoria,12.41,1,353.795,43.5661,16.1304,-53.0435,2.3,0
trayectoria,12.41,2,433.007,64.9228,54.88,-130,1.2,1
trayectoria,12.41,3,305.938,199.672,-119,110,0.8,0
trayectoria,12.42,0,323.045,40.34,-11.0303,-0.606061,3.3,1
trayectoria,12.42,1,353.795,43.5661,16.1304,-53.0435,2.3,0
trayectoria,12.42,2,433.556,63.6228,54.88,-130,1.2,1
trayectoria,12.42,3,305.938,199.672,-119,110,0.8,0
trayectoria,12.43,0,322.934,40.334,-11.0303,-0.606061,3.3,1
trayectoria,12.43,1,353.795,43.5661,16.1304,-53.0435,2.3,0
trayectoria,12.43,2,434.104,62.3228,54.88,-130,1.2,1
trayectoria,12.43,3,305.938,199.672,-119,110,0.8,0
trayectoria,12.44,0,322.824,40.3279,-11.0303,-0.606061,3.3,1
trayectoria,12.44,1,353.795,43.5661,16.1304,-53.0435,2.3,0
trayectoria,12.44,2,434.653,61.0228,54.88,-130,1.2,1
trayectoria,12.44,3,305.938,199.672,-119,110,0.8,0
trayectoria,12.45,0,322.714,40.3219,-11.0303,-0.606061,3.3,1
trayectoria,12.45,1,353.795,43.5661,16.1304,-53.0435,2.3,0
trayectoria,12.45,2,435.202,59.7228,54.88,-130,1.2,1
trayectoria,12.45,3,305.938,199.672,-119,110,0.8,0
trayectoria,12.46,0,322.603,40.3158,-11.0303,-0.606061,3.3,1
trayectoria,12.46,1,353.795,43.5661,16.1304,-53.0435,2.3,0
trayectoria,12.46,2,435.751,58.4228,54.88,-130,1.2,1
trayectoria,12.46,3,305.938,199.672,-119,110,0.8,0
trayectoria,12.47,0,322.493,40.3097,-11.0303,-0.606061,3.3,1
trayectoria,12.47,1,353.795,43.5661,16.1304,-53.0435,2.3,0
trayectoria,12.47,2,436.3,57.1228,54.88,-130,1.2,1
trayectoria,12.47,3,305.938,199.672,-119,110,0.8,0
trayectoria,12.48,0,322.383,40.3037,-11.0303,-0.606061,3.3,1
trayectoria,12.48,1,353.795,43.5661,16.1304,-53.0435,2.3,0
trayectoria,12.48,2,436.848,55.8228,54.88,-130,1.2,1
trayectoria,12.48,3,305.938,199.672,-119,110,0.8,0
trayectoria,12.49,0,322.272,40.2976,-11.0303,-0.606061,3.3,1
trayectoria,12.49,1,353.795,43.5661,16.1304,-53.0435,2.3,0
trayectoria,12.49,2,437.397,54.5228,54.88,-130,1.2,1
trayectoria,12.49,3,305.938,199.672,-119,110,0.8,0
trayectoria,12.5,0,322.162,40.2916,-11.0303,-0.606061,3.3,1
trayectoria,12.5,1,353.795,43.5661,16.1304,-53.0435,2.3,0
trayectoria,12.5,2,437.946,53.2228,54.88,-130,1.2,1
trayectoria,12.5,3,305.938,199.672,-119,110,0.8,0
trayectoria,12.51,0,322.052,40.2855,-11.0303,-0.606061,3.3,1
trayectoria,12.51,1,353.795,43.5661,16.1304,-53.0435,2.3,0
trayectoria,12.51,2,438.495,51.9228,54.88,-130,1.2,1
trayectoria,12.51,3,305.938,199.672,-119,110,0.8,0
trayectoria,12.52,0,321.941,40.2794,-11.0303,-0.606061,3.3,1
trayectoria,12.52,1,353.795,43.5661,16.1304,-53.0435,2.3,0
trayectoria,12.52,2,439.044,50.6228,54.88,-130,1.2,1
trayectoria,12.52,3,305.938,199.672,-119,110,0.8,0
trayectoria,12.53,0,321.831,40.2734,-11.0303,-0.606061,3.3,1
trayectoria,12.53,1,353.795,43.5661,16.1304,-53.0435,2.3,0
trayectoria,12.53,2,439.592,49.3228,54.88,-130,1.2,1
trayectoria,12.53,3,305.938,199.672,-119,110,0.8,0
trayectoria,12.54,0,321.721,40.2673,-11.0303,-0.606061,3.3,1
trayectoria,12.54,1,353.795,43.5661,16.1304,-53.0435,2.3,0
trayectoria,12.54,2,440.141,48.0228,54.88,-130,1.2,1
trayectoria,12.54,3,305.938,199.672,-119,110,0.8,0
trayectoria,12.55,0,321.611,40.2612,-11.0303,-0.606061,3.3,1
trayectoria,12.55,1,353.795,43.5661,16.1304,-53.0435,2.3,0
trayectoria,12.55,2,440.69,46.7228,54.88,-130,1.2,1
trayectoria,12.55,3,305.938,199.672,-119,110,0.8,0
trayectoria,12.56,0,321.5,40.2552,-11.0303,-0.606061,3.3,1
trayectoria,12.56,1,353.795,43.5661,16.1304,-53.0435,2.3,0
trayectoria,12.56,2,441.239,45.4228,54.88,-130,1.2,1
trayectoria,12.56,3,305.938,199.672,-119,110,0.8,0
trayectoria,12.57,0,321.39,40.2491,-11.0303,-0.606061,3.3,1
trayectoria,12.57,1,353.795,43.5661,16.1304,-53.0435,2.3,0
trayectoria,12.57,2,441.788,44.1228,54.88,-130,1.2,1
trayectoria,12.57,3,305.938,199.672,-119,110,0.8,0
trayectoria,12.58,0,321.28,40.2431,-11.0303,-0.606061,3.3,1
trayectoria,12.58,1,353.795,43.5661,16.1304,-53.0435,2.3,0
trayectoria,12.58,2,442.336,42.8228,54.88,-130,1.2,1
trayectoria,12.58,3,305.938,199.672,-119,110,0.8,0
trayectoria,12.59,0,321.169,40.237,-11.0303,-0.606061,3.3,1
trayectoria,12.59,1,353.795,43.5661,16.1304,-53.0435,2.3,0
trayectoria,12.59,2,442.885,41.5228,54.88,-130,1.2,1
trayectoria,12.59,3,305.938,199.672,-119,110,0.8,0
trayectoria,12.6,0,321.059,40.2309,-11.0303,-0.606061,3.3,1
trayectoria,12.6,1,353.795,43.5661,16.1304,-53.0435,2.3,0
trayectoria,12.6,2,443.434,40.2228,54.88,-130,1.2,1
trayectoria,12.6,3,305.938,199.672,-119,110,0.8,0
trayectoria,12.61,0,320.949,40.2249,-11.0303,-0.606061,3.3,1
trayectoria,12.61,1,353.795,43.5661,16.1304,-53.0435,2.3,0
trayectoria,12.61,2,443.983,38.9228,54.88,-130,1.2,1
trayectoria,12.61,3,305.938,199.672,-119,110,0.8,0
trayectoria,12.62,0,320.838,40.2188,-11.0303,-0.606061,3.3,1
trayectoria,12.62,1,353.795,43.5661,16.1304,-53.0435,2.3,0
trayectoria,12.62,2,444.532,37.6228,54.88,-130,1.2,1
trayectoria,12.62,3,305.938,199.672,-119,110,0.8,0
trayectoria,12.63,0,320.728,40.2128,-11.0303,-0.606061,3.3,1
trayectoria,12.63,1,353.795,43.5661,16.1304,-53.0435,2.3,0
trayectoria,12.63,2,445.08,36.3228,54.88,-130,1.2,1
trayectoria,12.63,3,305.938,199.672,-119,110,0.8,0
trayectoria,12.64,0,320.618,40.2067,-11.0303,-0.606061,3.3,1
trayectoria,12.64,1,353.795,43.5661,16.1304,-53.0435,2.3,0
trayectoria,12.64,2,445.629,35.0228,54.88,-130,1.2,1
trayectoria,12.64,3,305.938,199.672,-119,110,0.8,0
trayectoria,12.65,0,320.508,40.2006,-11.0303,-0.606061,3.3,1
trayectoria,12.65,1,353.795,43.5661,16.1304,-53.0435,2.3,0
trayectoria,12.65,2,446.178,33.7228,54.88,-130,1.2,1
trayectoria,12.65,3,305.938,199.672,-119,110,0.8,0
trayectoria,12.66,0,320.397,40.1946,-11.0303,-0.606061,3.3,1
trayectoria,12.66,1,353.795,43.5661,16.1304,-53.0435,2.3,0
trayectoria,12.66,2,446.727,32.4228,54.88,-130,1.2,1
trayectoria,12.66,3,305.938,199.672,-119,110,0.8,0
trayectoria,12.67,0,320.287,40.1885,-11.0303,-0.606061,3.3,1
trayectoria,12.67,1,353.795,43.5661,16.1304,-53.0435,2.3,0
trayectoria,12.67,2,447.276,31.1228,54.88,-130,1.2,1
trayectoria,12.67,3,305.938,199.672,-119,110,0.8,0
trayectoria,12.68,0,320.177,40.1825,-11.0303,-0.606061,3.3,1
trayectoria,12.68,1,353.795,43.5661,16.1304,-53.0435,2.3,0
trayectoria,12.68,2,447.824,29.8228,54.88,-130,1.2,1
trayectoria,12.68,3,305.938,199.672,-119,110,0.8,0
trayectoria,12.69,0,320.066,40.1764,-11.0303,-0.606061,3.3,1
trayectoria,12.69,1,353.795,43.5661,16.1304,-53.0435,2.3,0
trayectoria,12.69,2,448.373,28.5228,54.88,-130,1.2,1
trayectoria,12.69,3,305.938,199.672,-119,110,0.8,0
trayectoria,12.7,0,319.956,40.1703,-11.0303,-0.606061,3.3,1
trayectoria,12.7,1,353.795,43.5661,16.1304,-53.0435,2.3,0
trayectoria,12.7,2,448.922,27.2228,54.88,-130,1.2,1
trayectoria,12.7,3,305.938,199.672,-119,110,0.8,0
trayectoria,12.71,0,319.846,40.1643,-11.0303,-0.606061,3.3,1
trayectoria,12.71,1,353.795,43.5661,16.1304,-53.0435,2.3,0
trayectoria,12.71,2,449.471,25.9228,54.88,-130,1.2,1
trayectoria,12.71,3,305.938,199.672,-119,110,0.8,0
trayectoria,12.72,0,319.735,40.1582,-11.0303,-0.606061,3.3,1
trayectoria,12.72,1,353.795,43.5661,16.1304,-53.0435,2.3,0
trayectoria,12.72,2,450.02,24.6228,54.88,-130,1.2,1
trayectoria,12.72,3,305.938,199.672,-119,110,0.8,0
trayectoria,12.73,0,319.625,40.1522,-11.0303,-0.606061,3.3,1
trayectoria,12.73,1,353.795,43.5661,16.1304,-53.0435,2.3,0
trayectoria,12.73,2,450.568,23.3228,54.88,-130,1.2,1
trayectoria,12.73,3,305.938,199.672,-119,110,0.8,0
trayectoria,12.74,0,319.515,40.1461,-11.0303,-0.606061,3.3,1
trayectoria,12.74,1,353.795,43.5661,16.1304,-53.0435,2.3,0
trayectoria,12.74,2,451.117,22.0228,54.88,-130,1.2,1
trayectoria,12.74,3,305.938,199.672,-119,110,0.8,0
trayectoria,12.75,0,319.405,40.14,-11.0303,-0.606061,3.3,1
trayectoria,12.75,1,353.795,43.5661,16.1304,-53.0435,2.3,0
trayectoria,12.75,2,451.666,20.7228,54.88,-130,1.2,1
trayectoria,12.75,3,305.938,199.672,-119,110,0.8,0
trayectoria,12.76,0,319.294,40.134,-11.0303,-0.606061,3.3,1
trayectoria,12.76,1,353.795,43.5661,16.1304,-53.0435,2.3,0
trayectoria,12.76,2,452.215,19.4228,54.88,-130,1.2,1
trayectoria,12.76,3,305.938,199.672,-119,110,0.8,0
trayectoria,12.77,0,319.184,40.1279,-11.0303,-0.606061,3.3,1
trayectoria,12.77,1,353.795,43.5661,16.1304,-53.0435,2.3,0
trayectoria,12.77,2,452.764,18.1228,54.88,-130,1.2,1
trayectoria,12.77,3,305.938,199.672,-119,110,0.8,0
trayectoria,12.78,0,319.074,40.1219,-11.0303,-0.606061,3.3,1
trayectoria,12.78,1,353.795,43.5661,16.1304,-53.0435,2.3,0
trayectoria,12.78,2,453.312,16.8228,54.88,-130,1.2,1
trayectoria,12.78,3,305.938,199.672,-119,110,0.8,0
trayectoria,12.79,0,318.963,40.1158,-11.0303,-0.606061,3.3,1
trayectoria,12.79,1,353.795,43.5661,16.1304,-53.0435,2.3,0
trayectoria,12.79,2,453.861,15.5228,54.88,-130,1.2,1
trayectoria,12.79,3,305.938,199.672,-119,110,0.8,0
trayectoria,12.8,0,318.853,40.1097,-11.0303,-0.606061,3.3,1
trayectoria,12.8,1,353.795,43.5661,16.1304,-53.0435,2.3,0
trayectoria,12.8,2,454.41,14.2228,54.88,-130,1.2,1
trayectoria,12.8,3,305.938,199.672,-119,110,0.8,0
trayectoria,12.81,0,318.743,40.1037,-11.0303,-0.606061,3.3,1
trayectoria,12.81,1,353.795,43.5661,16.1304,-53.0435,2.3,0
trayectoria,12.81,2,454.959,12.9228,54.88,-130,1.2,1
trayectoria,12.81,3,305.938,199.672,-119,110,0.8,0
trayectoria,12.82,0,318.632,40.0976,-11.0303,-0.606061,3.3,1
trayectoria,12.82,1,353.795,43.5661,16.1304,-53.0435,2.3,0
trayectoria,12.82,2,455.508,11.6228,54.88,-130,1.2,1
trayectoria,12.82,3,305.938,199.672,-119,110,0.8,0
trayectoria,12.83,0,318.522,40.0916,-11.0303,-0.606061,3.3,1
trayectoria,12.83,1,353.795,43.5661,16.1304,-53.0435,2.3,0
trayectoria,12.83,2,456.056,10.3228,54.88,-130,1.2,1
trayectoria,12.83,3,305.938,199.672,-119,110,0.8,0
trayectoria,12.84,0,318.412,40.0855,-11.0303,-0.606061,3.3,1
trayectoria,12.84,1,353.795,43.5661,16.1304,-53.0435,2.3,0
trayectoria,12.84,2,456.605,9.02277,54.88,-130,1.2,1
trayectoria,12.84,3,305.938,199.672,-119,110,0.8,0
trayectoria,12.85,0,318.301,40.0794,-11.0303,-0.606061,3.3,1
trayectoria,12.85,1,353.795,43.5661,16.1304,-53.0435,2.3,0
trayectoria,12.85,2,457.154,7.72277,54.88,-130,1.2,1
trayectoria,12.85,3,305.938,199.672,-119,110,0.8,0
trayectoria,12.86,0,318.191,40.0734,-11.0303,-0.606061,3.3,1
trayectoria,12.86,1,353.795,43.5661,16.1304,-53.0435,2.3,0
trayectoria,12.86,2,457.703,6.42277,54.88,-130,1.2,1
trayectoria,12.86,3,305.938,199.672,-119,110,0.8,0
trayectoria,12.87,0,318.081,40.0673,-11.0303,-0.606061,3.3,1
trayectoria,12.87,1,353.795,43.5661,16.1304,-53.0435,2.3,0
trayectoria,12.87,2,458.252,5.97723,54.88,130,1.2,1
trayectoria,12.87,3,305.938,199.672,-119,110,0.8,0
trayectoria,12.88,0,317.971,40.0612,-11.0303,-0.606061,3.3,1
trayectoria,12.88,1,353.795,43.5661,16.1304,-53.0435,2.3,0
trayectoria,12.88,2,458.8,7.27723,54.88,130,1.2,1
trayectoria,12.88,3,305.938,199.672,-119,110,0.8,0
trayectoria,12.89,0,317.86,40.0552,-11.0303,-0.606061,3.3,1
trayectoria,12.89,1,353.795,43.5661,16.1304,-53.0435,2.3,0
trayectoria,12.89,2,459.349,8.57723,54.88,130,1.2,1
trayectoria,12.89,3,305.938,199.672,-119,110,0.8,0
trayectoria,12.9,0,317.75,40.0491,-11.0303,-0.606061,3.3,1
trayectoria,12.9,1,353.795,43.5661,16.1304,-53.0435,2.3,0
trayectoria,12.9,2,459.898,9.87723,54.88,130,1.2,1
trayectoria,12.9,3,305.938,199.672,-119,110,0.8,0
trayectoria,12.91,0,317.64,40.0431,-11.0303,-0.606061,3.3,1
trayectoria,12.91,1,353.795,43.5661,16.1304,-53.0435,2.3,0
trayectoria,12.91,2,460.447,11.1772,54.88,130,1.2,1
trayectoria,12.91,3,305.938,199.672,-119,110,0.8,0
trayectoria,12.92,0,317.529,40.037,-11.0303,-0.606061,3.3,1
trayectoria,12.92,1,353.795,43.5661,16.1304,-53.0435,2.3,0
trayectoria,12.92,2,460.996,12.4772,54.88,130,1.2,1
trayectoria,12.92,3,305.938,199.672,-119,110,0.8,0
trayectoria,12.93,0,317.419,40.0309,-11.0303,-0.606061,3.3,1
trayectoria,12.93,1,353.795,43.5661,16.1304,-53.0435,2.3,0
trayectoria,12.93,2,461.544,13.7772,54.88,130,1.2,1
trayectoria,12.93,3,305.938,199.672,-119,110,0.8,0
trayectoria,12.94,0,317.309,40.0249,-11.0303,-0.606061,3.3,1
trayectoria,12.94,1,353.795,43.5661,16.1304,-53.0435,2.3,0
trayectoria,12.94,2,462.093,15.0772,54.88,130,1.2,1
trayectoria,12.94,3,305.938,199.672,-119,110,0.8,0
trayectoria,12.95,0,317.198,40.0188,-11.0303,-0.606061,3.3,1
trayectoria,12.95,1,353.795,43.5661,16.1304,-53.0435,2.3,0
trayectoria,12.95,2,462.642,16.3772,54.88,130,1.2,1
trayectoria,12.95,3,305.938,199.672,-119,110,0.8,0
trayectoria,12.96,0,317.088,40.0128,-11.0303,-0.606061,3.3,1
trayectoria,12.96,1,353.795,43.5661,16.1304,-53.0435,2.3,0
trayectoria,12.96,2,463.191,17.6772,54.88,130,1.2,1
trayectoria,12.96,3,305.938,199.672,-119,110,0.8,0
trayectoria,12.97,0,316.978,40.0067,-11.0303,-0.606061,3.3,1
trayectoria,12.97,1,353.795,43.5661,16.1304,-53.0435,2.3,0
trayectoria,12.97,2,463.74,18.9772,54.88,130,1.2,1
trayectoria,12.97,3,305.938,199.672,-119,110,0.8,0
trayectoria,12.98,0,316.868,40.0006,-11.0303,-0.606061,3.3,1
trayectoria,12.98,1,353.795,43.5661,16.1304,-53.0435,2.3,0
trayectoria,12.98,2,464.288,20.2772,54.88,130,1.2,1
trayectoria,12.98,3,305.938,199.672,-119,110,0.8,0
trayectoria,12.99,0,316.757,39.9946,-11.0303,-0.606061,3.3,1
trayectoria,12.99,1,353.795,43.5661,16.1304,-53.0435,2.3,0
trayectoria,12.99,2,464.837,21.5772,54.88,130,1.2,1
trayectoria,12.99,3,305.938,199.672,-119,110,0.8,0
trayectoria,13,0,316.647,39.9885,-11.0303,-0.606061,3.3,1
trayectoria,13,1,353.795,43.5661,16.1304,-53.0435,2.3,0
trayectoria,13,2,465.386,22.8772,54.88,130,1.2,1
trayectoria,13,3,305.938,199.672,-119,110,0.8,0
trayectoria,13.01,0,316.537,39.9825,-11.0303,-0.606061,3.3,1
trayectoria,13.01,1,353.795,43.5661,16.1304,-53.0435,2.3,0
trayectoria,13.01,2,465.935,24.1772,54.88,130,1.2,1
trayectoria,13.01,3,305.938,199.672,-119,110,0.8,0
trayectoria,13.02,0,316.426,39.9764,-11.0303,-0.606061,3.3,1
trayectoria,13.02,1,353.795,43.5661,16.1304,-53.0435,2.3,0
trayectoria,13.02,2,466.484,25.4772,54.88,130,1.2,1
trayectoria,13.02,3,305.938,199.672,-119,110,0.8,0
trayectoria,13.03,0,316.316,39.9703,-11.0303,-0.606061,3.3,1
trayectoria,13.03,1,353.795,43.5661,16.1304,-53.0435,2.3,0
trayectoria,13.03,2,467.032,26.7772,54.88,130,1.2,1
trayectoria,13.03,3,305.938,199.672,-119,110,0.8,0
trayectoria,13.04,0,316.206,39.9643,-11.0303,-0.606061,3.3,1
trayectoria,13.04,1,353.795,43.5661,16.1304,-53.0435,2.3,0
trayectoria,13.04,2,467.581,28.0772,54.88,130,1.2,1
trayectoria,13.04,3,305.938,199.672,-119,110,0.8,0
trayectoria,13.05,0,316.095,39.9582,-11.0303,-0.606061,3.3,1
trayectoria,13.05,1,353.795,43.5661,16.1304,-53.0435,2.3,0
trayectoria,13.05,2,468.13,29.3772,54.88,130,1.2,1
trayectoria,13.05,3,305.938,199.672,-119,110,0.8,0
trayectoria,13.06,0,315.985,39.9522,-11.0303,-0.606061,3.3,1
trayectoria,13.06,1,353.795,43.5661,16.1304,-53.0435,2.3,0
trayectoria,13.06,2,468.679,30.6772,54.88,130,1.2,1
trayectoria,13.06,3,305.938,199.672,-119,110,0.8,0
trayectoria,13.07,0,315.875,39.9461,-11.0303,-0.606061,3.3,1
trayectoria,13.07,1,353.795,43.5661,16.1304,-53.0435,2.3,0
trayectoria,13.07,2,469.228,31.9772,54.88,130,1.2,1
trayectoria,13.07,3,305.938,199.672,-119,110,0.8,0
trayectoria,13.08,0,315.765,39.94,-11.0303,-0.606061,3.3,1
trayectoria,13.08,1,353.795,43.5661,16.1304,-53.0435,2.3,0
trayectoria,13.08,2,469.776,33.2772,54.88,130,1.2,1
trayectoria,13.08,3,305.938,199.672,-119,110,0.8,0
trayectoria,13.09,0,315.654,39.934,-11.0303,-0.606061,3.3,1
trayectoria,13.09,1,353.795,43.5661,16.1304,-53.0435,2.3,0
trayectoria,13.09,2,470.325,34.5772,54.88,130,1.2,1
trayectoria,13.09,3,305.938,199.672,-119,110,0.8,0
trayectoria,13.1,0,315.544,39.9279,-11.0303,-0.606061,3.3,1
trayectoria,13.1,1,353.795,43.5661,16.1304,-53.0435,2.3,0
trayectoria,13.1,2,470.874,35.8772,54.88,130,1.2,1
trayectoria,13.1,3,305.938,199.672,-119,110,0.8,0
trayectoria,13.11,0,315.434,39.9219,-11.0303,-0.606061,3.3,1
trayectoria,13.11,1,353.795,43.5661,16.1304,-53.0435,2.3,0
trayectoria,13.11,2,471.423,37.1772,54.88,130,1.2,1
trayectoria,13.11,3,305.938,199.672,-119,110,0.8,0
trayectoria,13.12,0,315.323,39.9158,-11.0303,-0.606061,3.3,1
trayectoria,13.12,1,353.795,43.5661,16.1304,-53.0435,2.3,0
trayectoria,13.12,2,471.972,38.4772,54.88,130,1.2,1
trayectoria,13.12,3,305.938,199.672,-119,110,0.8,0
trayectoria,13.13,0,315.213,39.9097,-11.0303,-0.606061,3.3,1
trayectoria,13.13,1,353.795,43.5661,16.1304,-53.0435,2.3,0
trayectoria,13.13,2,472.52,39.7772,54.88,130,1.2,1
trayectoria,13.13,3,305.938,199.672,-119,110,0.8,0
trayectoria,13.14,0,315.103,39.9037,-11.0303,-0.606061,3.3,1
trayectoria,13.14,1,353.795,43.5661,16.1304,-53.0435,2.3,0
trayectoria,13.14,2,473.069,41.0772,54.88,130,1.2,1
trayectoria,13.14,3,305.938,199.672,-119,110,0.8,0
trayectoria,13.15,0,314.992,39.8976,-11.0303,-0.606061,3.3,1
trayectoria,13.15,1,353.795,43.5661,16.1304,-53.0435,2.3,0
trayectoria,13.15,2,473.618,42.3772,54.88,130,1.2,1
trayectoria,13.15,3,305.938,199.672,-119,110,0.8,0
trayectoria,13.16,0,314.882,39.8916,-11.0303,-0.606061,3.3,1
trayectoria,13.16,1,353.795,43.5661,16.1304,-53.0435,2.3,0
trayectoria,13.16,2,474.167,43.6772,54.88,130,1.2,1
trayectoria,13.16,3,305.938,199.672,-119,110,0.8,0
trayectoria,13.17,0,314.772,39.8855,-11.0303,-0.606061,3.3,1
trayectoria,13.17,1,353.795,43.5661,16.1304,-53.0435,2.3,0
trayectoria,13.17,2,474.716,44.9772,54.88,130,1.2,1
trayectoria,13.17,3,305.938,199.672,-119,110,0.8,0
trayectoria,13.18,0,314.661,39.8794,-11.0303,-0.606061,3.3,1
trayectoria,13.18,1,353.795,43.5661,16.1304,-53.0435,2.3,0
trayectoria,13.18,2,475.264,46.2772,54.88,130,1.2,1
trayectoria,13.18,3,305.938,199.672,-119,110,0.8,0
trayectoria,13.19,0,314.551,39.8734,-11.0303,-0.606061,3.3,1
trayectoria,13.19,1,353.795,43.5661,16.1304,-53.0435,2.3,0
trayectoria,13.19,2,475.813,47.5772,54.88,130,1.2,1
trayectoria,13.19,3,305.938,199.672,-119,110,0.8,0
trayectoria,13.2,0,314.441,39.8673,-11.0303,-0.606061,3.3,1
trayectoria,13.2,1,353.795,43.5661,16.1304,-53.0435,2.3,0
trayectoria,13.2,2,476.362,48.8772,54.88,130,1.2,1
trayectoria,13.2,3,305.938,199.672,-119,110,0.8,0
trayectoria,13.21,0,314.331,39.8612,-11.0303,-0.606061,3.3,1
trayectoria,13.21,1,353.795,43.5661,16.1304,-53.0435,2.3,0
trayectoria,13.21,2,476.911,50.1772,54.88,130,1.2,1
trayectoria,13.21,3,305.938,199.672,-119,110,0.8,0
trayectoria,13.22,0,314.22,39.8552,-11.0303,-0.606061,3.3,1
trayectoria,13.22,1,353.795,43.5661,16.1304,-53.0435,2.3,0
trayectoria,13.22,2,477.46,51.4772,54.88,130,1.2,1
trayectoria,13.22,3,305.938,199.672,-119,110,0.8,0
trayectoria,13.23,0,314.11,39.8491,-11.0303,-0.606061,3.3,1
trayectoria,13.23,1,353.795,43.5661,16.1304,-53.0435,2.3,0
trayectoria,13.23,2,478.008,52.7772,54.88,130,1.2,1
trayectoria,13.23,3,305.938,199.672,-119,110,0.8,0
trayectoria,13.24,0,314,39.8431,-11.0303,-0.606061,3.3,1
trayectoria,13.24,1,353.795,43.5661,16.1304,-53.0435,2.3,0
trayectoria,13.24,2,478.557,54.0772,54.88,130,1.2,1
trayectoria,13.24,3,305.938,199.672,-119,110,0.8,0
trayectoria,13.25,0,313.889,39.837,-11.0303,-0.606061,3.3,1
trayectoria,13.25,1,353.795,43.5661,16.1304,-53.0435,2.3,0
trayectoria,13.25,2,479.106,55.3772,54.88,130,1.2,1
trayectoria,13.25,3,305.938,199.672,-119,110,0.8,0
trayectoria,13.26,0,313.779,39.8309,-11.0303,-0.606061,3.3,1
trayectoria,13.26,1,353.795,43.5661,16.1304,-53.0435,2.3,0
trayectoria,13.26,2,479.655,56.6772,54.88,130,1.2,1
trayectoria,13.26,3,305.938,199.672,-119,110,0.8,0
trayectoria,13.27,0,313.669,39.8249,-11.0303,-0.606061,3.3,1
trayectoria,13.27,1,353.795,43.5661,16.1304,-53.0435,2.3,0
trayectoria,13.27,2,480.204,57.9772,54.88,130,1.2,1
trayectoria,13.27,3,305.938,199.672,-119,110,0.8,0
trayectoria,13.28,0,313.558,39.8188,-11.0303,-0.606061,3.3,1
trayectoria,13.28,1,353.795,43.5661,16.1304,-53.0435,2.3,0
trayectoria,13.28,2,480.752,59.2772,54.88,130,1.2,1
trayectoria,13.28,3,305.938,199.672,-119,110,0.8,0
trayectoria,13.29,0,313.448,39.8128,-11.0303,-0.606061,3.3,1
trayectoria,13.29,1,353.795,43.5661,16.1304,-53.0435,2.3,0
trayectoria,13.29,2,481.301,60.5772,54.88,130,1.2,1
trayectoria,13.29,3,305.938,199.672,-119,110,0.8,0
trayectoria,13.3,0,313.338,39.8067,-11.0303,-0.606061,3.3,1
trayectoria,13.3,1,353.795,43.5661,16.1304,-53.0435,2.3,0
trayectoria,13.3,2,481.85,61.8772,54.88,130,1.2,1
trayectoria,13.3,3,305.938,199.672,-119,110,0.8,0
trayectoria,13.31,0,313.228,39.8006,-11.0303,-0.606061,3.3,1
trayectoria,13.31,1,353.795,43.5661,16.1304,-53.0435,2.3,0
trayectoria,13.31,2,482.399,63.1772,54.88,130,1.2,1
trayectoria,13.31,3,305.938,199.672,-119,110,0.8,0
trayectoria,13.32,0,313.117,39.7946,-11.0303,-0.606061,3.3,1
trayectoria,13.32,1,353.795,43.5661,16.1304,-53.0435,2.3,0
trayectoria,13.32,2,482.948,64.4772,54.88,130,1.2,1
trayectoria,13.32,3,305.938,199.672,-119,110,0.8,0
trayectoria,13.33,0,313.007,39.7885,-11.0303,-0.606061,3.3,1
trayectoria,13.33,1,353.795,43.5661,16.1304,-53.0435,2.3,0
trayectoria,13.33,2,483.496,65.7772,54.88,130,1.2,1
trayectoria,13.33,3,305.938,199.672,-119,110,0.8,0
trayectoria,13.34,0,312.897,39.7825,-11.0303,-0.606061,3.3,1
trayectoria,13.34,1,353.795,43.5661,16.1304,-53.0435,2.3,0
trayectoria,13.34,2,484.045,67.0772,54.88,130,1.2,1
trayectoria,13.34,3,305.938,199.672,-119,110,0.8,0
trayectoria,13.35,0,312.786,39.7764,-11.0303,-0.606061,3.3,1
trayectoria,13.35,1,353.795,43.5661,16.1304,-53.0435,2.3,0
trayectoria,13.35,2,484.594,68.3772,54.88,130,1.2,1
trayectoria,13.35,3,305.938,199.672,-119,110,0.8,0
trayectoria,13.36,0,312.676,39.7703,-11.0303,-0.606061,3.3,1
trayectoria,13.36,1,353.795,43.5661,16.1304,-53.0435,2.3,0
trayectoria,13.36,2,485.143,69.6772,54.88,130,1.2,1
trayectoria,13.36,3,305.938,199.672,-119,110,0.8,0
trayectoria,13.37,0,312.566,39.7643,-11.0303,-0.606061,3.3,1
trayectoria,13.37,1,353.795,43.5661,16.1304,-53.0435,2.3,0
trayectoria,13.37,2,485.692,70.9772,54.88,130,1.2,1
trayectoria,13.37,3,305.938,199.672,-119,110,0.8,0
trayectoria,13.38,0,312.455,39.7582,-11.0303,-0.606061,3.3,1
trayectoria,13.38,1,353.795,43.5661,16.1304,-53.0435,2.3,0
trayectoria,13.38,2,486.24,72.2772,54.88,130,1.2,1
trayectoria,13.38,3,305.938,199.672,-119,110,0.8,0
trayectoria,13.39,0,312.345,39.7522,-11.0303,-0.606061,3.3,1
trayectoria,13.39,1,353.795,43.5661,16.1304,-53.0435,2.3,0
trayectoria,13.39,2,486.789,73.5772,54.88,130,1.2,1
trayectoria,13.39,3,305.938,199.672,-119,110,0.8,0
trayectoria,13.4,0,312.235,39.7461,-11.0303,-0.606061,3.3,1
trayectoria,13.4,1,353.795,43.5661,16.1304,-53.0435,2.3,0
trayectoria,13.4,2,487.338,74.8772,54.88,130,1.2,1
trayectoria,13.4,3,305.938,199.672,-119,110,0.8,0
trayectoria,13.41,0,312.125,39.74,-11.0303,-0.606061,3.3,1
trayectoria,13.41,1,353.795,43.5661,16.1304,-53.0435,2.3,0
trayectoria,13.41,2,487.887,76.1772,54.88,130,1.2,1
trayectoria,13.41,3,305.938,199.672,-119,110,0.8,0
trayectoria,13.42,0,312.014,39.734,-11.0303,-0.606061,3.3,1
trayectoria,13.42,1,353.795,43.5661,16.1304,-53.0435,2.3,0
trayectoria,13.42,2,488.436,77.4772,54.88,130,1.2,1
trayectoria,13.42,3,305.938,199.672,-119,110,0.8,0
trayectoria,13.43,0,311.904,39.7279,-11.0303,-0.606061,3.3,1
trayectoria,13.43,1,353.795,43.5661,16.1304,-53.0435,2.3,0
trayectoria,13.43,2,488.984,78.7772,54.88,130,1.2,1
trayectoria,13.43,3,305.938,199.672,-119,110,0.8,0
trayectoria,13.44,0,311.794,39.7219,-11.0303,-0.606061,3.3,1
trayectoria,13.44,1,353.795,43.5661,16.1304,-53.0435,2.3,0
trayectoria,13.44,2,489.533,80.0772,54.88,130,1.2,1
trayectoria,13.44,3,305.938,199.672,-119,110,0.8,0
trayectoria,13.45,0,311.683,39.7158,-11.0303,-0.606061,3.3,1
trayectoria,13.45,1,353.795,43.5661,16.1304,-53.0435,2.3,0
trayectoria,13.45,2,490.082,81.3772,54.88,130,1.2,1
trayectoria,13.45,3,305.938,199.672,-119,110,0.8,0
trayectoria,13.46,0,311.573,39.7097,-11.0303,-0.606061,3.3,1
trayectoria,13.46,1,353.795,43.5661,16.1304,-53.0435,2.3,0
trayectoria,13.46,2,490.631,82.6772,54.88,130,1.2,1
trayectoria,13.46,3,305.938,199.672,-119,110,0.8,0
trayectoria,13.47,0,311.463,39.7037,-11.0303,-0.606061,3.3,1
trayectoria,13.47,1,353.795,43.5661,16.1304,-53.0435,2.3,0
trayectoria,13.47,2,491.18,83.9772,54.88,130,1.2,1
trayectoria,13.47,3,305.938,199.672,-119,110,0.8,0
trayectoria,13.48,0,311.352,39.6976,-11.0303,-0.606061,3.3,1
trayectoria,13.48,1,353.795,43.5661,16.1304,-53.0435,2.3,0
trayectoria,13.48,2,491.728,85.2772,54.88,130,1.2,1
trayectoria,13.48,3,305.938,199.672,-119,110,0.8,0
trayectoria,13.49,0,311.242,39.6916,-11.0303,-0.606061,3.3,1
trayectoria,13.49,1,353.795,43.5661,16.1304,-53.0435,2.3,0
trayectoria,13.49,2,492.277,86.5772,54.88,130,1.2,1
trayectoria,13.49,3,305.938,199.672,-119,110,0.8,0
trayectoria,13.5,0,311.132,39.6855,-11.0303,-0.606061,3.3,1
trayectoria,13.5,1,353.795,43.5661,16.1304,-53.0435,2.3,0
trayectoria,13.5,2,492.826,87.8772,54.88,130,1.2,1
trayectoria,13.5,3,305.938,199.672,-119,110,0.8,0
trayectoria,13.51,0,311.021,39.6794,-11.0303,-0.606061,3.3,1
trayectoria,13.51,1,353.795,43.5661,16.1304,-53.0435,2.3,0
trayectoria,13.51,2,493.375,89.1772,54.88,130,1.2,1
trayectoria,13.51,3,305.938,199.672,-119,110,0.8,0
trayectoria,13.52,0,310.911,39.6734,-11.0303,-0.606061,3.3,1
trayectoria,13.52,1,353.795,43.5661,16.1304,-53.0435,2.3,0
trayectoria,13.52,2,493.924,90.4772,54.88,130,1.2,1
trayectoria,13.52,3,305.938,199.672,-119,110,0.8,0
trayectoria,13.53,0,310.801,39.6673,-11.0303,-0.606061,3.3,1
trayectoria,13.53,1,353.795,43.5661,16.1304,-53.0435,2.3,0
trayectoria,13.53,2,494.472,91.7772,54.88,130,1.2,1
trayectoria,13.53,3,305.938,199.672,-119,110,0.8,0
trayectoria,13.54,0,310.691,39.6612,-11.0303,-0.606061,3.3,1
trayectoria,13.54,1,353.795,43.5661,16.1304,-53.0435,2.3,0
trayectoria,13.54,2,495.021,93.0772,54.88,130,1.2,1
trayectoria,13.54,3,305.938,199.672,-119,110,0.8,0
trayectoria,13.55,0,310.58,39.6552,-11.0303,-0.606061,3.3,1
trayectoria,13.55,1,353.795,43.5661,16.1304,-53.0435,2.3,0
trayectoria,13.55,2,495.57,94.3772,54.88,130,1.2,1
trayectoria,13.55,3,305.938,199.672,-119,110,0.8,0
trayectoria,13.56,0,310.47,39.6491,-11.0303,-0.606061,3.3,1
trayectoria,13.56,1,353.795,43.5661,16.1304,-53.0435,2.3,0
trayectoria,13.56,2,496.119,95.6772,54.88,130,1.2,1
trayectoria,13.56,3,305.938,199.672,-119,110,0.8,0
trayectoria,13.57,0,310.36,39.6431,-11.0303,-0.606061,3.3,1
trayectoria,13.57,1,353.795,43.5661,16.1304,-53.0435,2.3,0
trayectoria,13.57,2,496.668,96.9772,54.88,130,1.2,1
trayectoria,13.57,3,305.938,199.672,-119,110,0.8,0
trayectoria,13.58,0,310.249,39.637,-11.0303,-0.606061,3.3,1
trayectoria,13.58,1,353.795,43.5661,16.1304,-53.0435,2.3,0
trayectoria,13.58,2,497.216,98.2772,54.88,130,1.2,1
trayectoria,13.58,3,305.938,199.672,-119,110,0.8,0
trayectoria,13.59,0,310.139,39.6309,-11.0303,-0.606061,3.3,1
trayectoria,13.59,1,353.795,43.5661,16.1304,-53.0435,2.3,0
trayectoria,13.59,2,497.765,99.5772,54.88,130,1.2,1
trayectoria,13.59,3,305.938,199.672,-119,110,0.8,0
trayectoria,13.6,0,310.029,39.6249,-11.0303,-0.606061,3.3,1
trayectoria,13.6,1,353.795,43.5661,16.1304,-53.0435,2.3,0
trayectoria,13.6,2,498.314,100.877,54.88,130,1.2,1
trayectoria,13.6,3,305.938,199.672,-119,110,0.8,0
trayectoria,13.61,0,309.918,39.6188,-11.0303,-0.606061,3.3,1
trayectoria,13.61,1,353.795,43.5661,16.1304,-53.0435,2.3,0
trayectoria,13.61,2,498.863,102.177,54.88,130,1.2,1
trayectoria,13.61,3,305.938,199.672,-119,110,0.8,0
trayectoria,13.62,0,309.808,39.6128,-11.0303,-0.606061,3.3,1
trayectoria,13.62,1,353.795,43.5661,16.1304,-53.0435,2.3,0
trayectoria,13.62,2,499.412,103.477,54.88,130,1.2,1
trayectoria,13.62,3,305.938,199.672,-119,110,0.8,0
trayectoria,13.63,0,309.698,39.6067,-11.0303,-0.606061,3.3,1
trayectoria,13.63,1,353.795,43.5661,16.1304,-53.0435,2.3,0
trayectoria,13.63,2,499.96,104.777,54.88,130,1.2,1
trayectoria,13.63,3,305.938,199.672,-119,110,0.8,0
trayectoria,13.64,0,309.588,39.6006,-11.0303,-0.606061,3.3,1
trayectoria,13.64,1,353.795,43.5661,16.1304,-53.0435,2.3,0
trayectoria,13.64,2,500.509,106.077,54.88,130,1.2,1
trayectoria,13.64,3,305.938,199.672,-119,110,0.8,0
trayectoria,13.65,0,309.477,39.5946,-11.0303,-0.606061,3.3,1
trayectoria,13.65,1,353.795,43.5661,16.1304,-53.0435,2.3,0
trayectoria,13.65,2,501.058,107.377,54.88,130,1.2,1
trayectoria,13.65,3,305.938,199.672,-119,110,0.8,0
trayectoria,13.66,0,309.367,39.5885,-11.0303,-0.606061,3.3,1
trayectoria,13.66,1,353.795,43.5661,16.1304,-53.0435,2.3,0
trayectoria,13.66,2,501.607,108.677,54.88,130,1.2,1
trayectoria,13.66,3,305.938,199.672,-119,110,0.8,0
trayectoria,13.67,0,309.257,39.5825,-11.0303,-0.606061,3.3,1
trayectoria,13.67,1,353.795,43.5661,16.1304,-53.0435,2.3,0
trayectoria,13.67,2,502.156,109.977,54.88,130,1.2,1
trayectoria,13.67,3,305.938,199.672,-119,110,0.8,0
trayectoria,13.68,0,309.146,39.5764,-11.0303,-0.606061,3.3,1
trayectoria,13.68,1,353.795,43.5661,16.1304,-53.0435,2.3,0
trayectoria,13.68,2,502.704,111.277,54.88,130,1.2,1
trayectoria,13.68,3,305.938,199.672,-119,110,0.8,0
trayectoria,13.69,0,309.036,39.5703,-11.0303,-0.606061,3.3,1
trayectoria,13.69,1,353.795,43.5661,16.1304,-53.0435,2.3,0
trayectoria,13.69,2,503.253,112.577,54.88,130,1.2,1
trayectoria,13.69,3,305.938,199.672,-119,110,0.8,0
trayectoria,13.7,0,308.926,39.5643,-11.0303,-0.606061,3.3,1
trayectoria,13.7,1,353.795,43.5661,16.1304,-53.0435,2.3,0
trayectoria,13.7,2,503.802,113.877,54.88,130,1.2,1
trayectoria,13.7,3,305.938,199.672,-119,110,0.8,0
trayectoria,13.71,0,308.815,39.5582,-11.0303,-0.606061,3.3,1
trayectoria,13.71,1,353.795,43.5661,16.1304,-53.0435,2.3,0
trayectoria,13.71,2,504.351,115.177,54.88,130,1.2,1
trayectoria,13.71,3,305.938,199.672,-119,110,0.8,0
trayectoria,13.72,0,308.705,39.5522,-11.0303,-0.606061,3.3,1
trayectoria,13.72,1,353.795,43.5661,16.1304,-53.0435,2.3,0
trayectoria,13.72,2,504.9,116.477,54.88,130,1.2,1
trayectoria,13.72,3,305.938,199.672,-119,110,0.8,0
trayectoria,13.73,0,308.595,39.5461,-11.0303,-0.606061,3.3,1
trayectoria,13.73,1,353.795,43.5661,16.1304,-53.0435,2.3,0
trayectoria,13.73,2,505.448,117.777,54.88,130,1.2,1
trayectoria,13.73,3,305.938,199.672,-119,110,0.8,0
trayectoria,13.74,0,308.485,39.54,-11.0303,-0.606061,3.3,1
trayectoria,13.74,1,353.795,43.5661,16.1304,-53.0435,2.3,0
trayectoria,13.74,2,505.997,119.077,54.88,130,1.2,1
trayectoria,13.74,3,305.938,199.672,-119,110,0.8,0
trayectoria,13.75,0,308.374,39.534,-11.0303,-0.606061,3.3,1
trayectoria,13.75,1,353.795,43.5661,16.1304,-53.0435,2.3,0
trayectoria,13.75,2,506.546,120.377,54.88,130,1.2,1
trayectoria,13.75,3,305.938,199.672,-119,110,0.8,0
trayectoria,13.76,0,308.264,39.5279,-11.0303,-0.606061,3.3,1
trayectoria,13.76,1,353.795,43.5661,16.1304,-53.0435,2.3,0
trayectoria,13.76,2,507.095,121.677,54.88,130,1.2,1
trayectoria,13.76,3,305.938,199.672,-119,110,0.8,0
trayectoria,13.77,0,308.154,39.5219,-11.0303,-0.606061,3.3,1
trayectoria,13.77,1,353.795,43.5661,16.1304,-53.0435,2.3,0
trayectoria,13.77,2,507.644,122.977,54.88,130,1.2,1
trayectoria,13.77,3,305.938,199.672,-119,110,0.8,0
trayectoria,13.78,0,308.043,39.5158,-11.0303,-0.606061,3.3,1
trayectoria,13.78,1,353.795,43.5661,16.1304,-53.0435,2.3,0
trayectoria,13.78,2,508.192,124.277,54.88,130,1.2,1
trayectoria,13.78,3,305.938,199.672,-119,110,0.8,0
trayectoria,13.79,0,307.933,39.5097,-11.0303,-0.606061,3.3,1
trayectoria,13.79,1,353.795,43.5661,16.1304,-53.0435,2.3,0
trayectoria,13.79,2,508.741,125.577,54.88,130,1.2,1
trayectoria,13.79,3,305.938,199.672,-119,110,0.8,0
trayectoria,13.8,0,307.823,39.5037,-11.0303,-0.606061,3.3,1
trayectoria,13.8,1,353.795,43.5661,16.1304,-53.0435,2.3,0
trayectoria,13.8,2,509.29,126.877,54.88,130,1.2,1
trayectoria,13.8,3,305.938,199.672,-119,110,0.8,0
trayectoria,13.81,0,307.712,39.4976,-11.0303,-0.606061,3.3,1
trayectoria,13.81,1,353.795,43.5661,16.1304,-53.0435,2.3,0
trayectoria,13.81,2,509.839,128.177,54.88,130,1.2,1
trayectoria,13.81,3,305.938,199.672,-119,110,0.8,0
trayectoria,13.82,0,307.602,39.4916,-11.0303,-0.606061,3.3,1
trayectoria,13.82,1,353.795,43.5661,16.1304,-53.0435,2.3,0
trayectoria,13.82,2,510.388,129.477,54.88,130,1.2,1
trayectoria,13.82,3,305.938,199.672,-119,110,0.8,0
trayectoria,13.83,0,307.492,39.4855,-11.0303,-0.606061,3.3,1
trayectoria,13.83,1,353.795,43.5661,16.1304,-53.0435,2.3,0
trayectoria,13.83,2,510.936,130.777,54.88,130,1.2,1
trayectoria,13.83,3,305.938,199.672,-119,110,0.8,0
trayectoria,13.84,0,307.381,39.4794,-11.0303,-0.606061,3.3,1
trayectoria,13.84,1,353.795,43.5661,16.1304,-53.0435,2.3,0
trayectoria,13.84,2,511.485,132.077,54.88,130,1.2,1
trayectoria,13.84,3,305.938,199.672,-119,110,0.8,0
trayectoria,13.85,0,307.271,39.4734,-11.0303,-0.606061,3.3,1
trayectoria,13.85,1,353.795,43.5661,16.1304,-53.0435,2.3,0
trayectoria,13.85,2,512.034,133.377,54.88,130,1.2,1
trayectoria,13.85,3,305.938,199.672,-119,110,0.8,0
trayectoria,13.86,0,307.161,39.4673,-11.0303,-0.606061,3.3,1
trayectoria,13.86,1,353.795,43.5661,16.1304,-53.0435,2.3,0
trayectoria,13.86,2,512.583,134.677,54.88,130,1.2,1
trayectoria,13.86,3,305.938,199.672,-119,110,0.8,0
trayectoria,13.87,0,307.051,39.4612,-11.0303,-0.606061,3.3,1
trayectoria,13.87,1,353.795,43.5661,16.1304,-53.0435,2.3,0
trayectoria,13.87,2,513.132,135.977,54.88,130,1.2,1
trayectoria,13.87,3,305.938,199.672,-119,110,0.8,0
trayectoria,13.88,0,306.94,39.4552,-11.0303,-0.606061,3.3,1
trayectoria,13.88,1,353.795,43.5661,16.1304,-53.0435,2.3,0
trayectoria,13.88,2,513.68,137.277,54.88,130,1.2,1
trayectoria,13.88,3,305.938,199.672,-119,110,0.8,0
trayectoria,13.89,0,306.83,39.4491,-11.0303,-0.606061,3.3,1
trayectoria,13.89,1,353.795,43.5661,16.1304,-53.0435,2.3,0
trayectoria,13.89,2,514.229,138.577,54.88,130,1.2,1
trayectoria,13.89,3,305.938,199.672,-119,110,0.8,0
trayectoria,13.9,0,306.72,39.4431,-11.0303,-0.606061,3.3,1
trayectoria,13.9,1,353.795,43.5661,16.1304,-53.0435,2.3,0
trayectoria,13.9,2,514.778,139.877,54.88,130,1.2,1
trayectoria,13.9,3,305.938,199.672,-119,110,0.8,0
trayectoria,13.91,0,306.609,39.437,-11.0303,-0.606061,3.3,1
trayectoria,13.91,1,353.795,43.5661,16.1304,-53.0435,2.3,0
trayectoria,13.91,2,515.327,141.177,54.88,130,1.2,1
trayectoria,13.91,3,305.938,199.672,-119,110,0.8,0
trayectoria,13.92,0,306.499,39.4309,-11.0303,-0.606061,3.3,1
trayectoria,13.92,1,353.795,43.5661,16.1304,-53.0435,2.3,0
trayectoria,13.92,2,515.876,142.477,54.88,130,1.2,1
trayectoria,13.92,3,305.938,199.672,-119,110,0.8,0
trayectoria,13.93,0,306.389,39.4249,-11.0303,-0.606061,3.3,1
trayectoria,13.93,1,353.795,43.5661,16.1304,-53.0435,2.3,0
trayectoria,13.93,2,516.424,143.777,54.88,130,1.2,1
trayectoria,13.93,3,305.938,199.672,-119,110,0.8,0
trayectoria,13.94,0,306.278,39.4188,-11.0303,-0.606061,3.3,1
trayectoria,13.94,1,353.795,43.5661,16.1304,-53.0435,2.3,0
trayectoria,13.94,2,516.973,145.077,54.88,130,1.2,1
trayectoria,13.94,3,305.938,199.672,-119,110,0.8,0
trayectoria,13.95,0,306.168,39.4128,-11.0303,-0.606061,3.3,1
trayectoria,13.95,1,353.795,43.5661,16.1304,-53.0435,2.3,0
trayectoria,13.95,2,513.523,146.377,-38.416,130,1.2,1
trayectoria,13.95,3,305.938,199.672,-119,110,0.8,0
trayectoria,13.96,0,306.058,39.4067,-11.0303,-0.606061,3.3,1
trayectoria,13.96,1,353.795,43.5661,16.1304,-53.0435,2.3,0
trayectoria,13.96,2,513.139,147.677,-38.416,130,1.2,1
trayectoria,13.96,3,305.938,199.672,-119,110,0.8,0
trayectoria,13.97,0,305.948,39.4006,-11.0303,-0.606061,3.3,1
trayectoria,13.97,1,353.795,43.5661,16.1304,-53.0435,2.3,0
trayectoria,13.97,2,512.754,148.977,-38.416,130,1.2,1
trayectoria,13.97,3,305.938,199.672,-119,110,0.8,0
trayectoria,13.98,0,305.837,39.3946,-11.0303,-0.606061,3.3,1
trayectoria,13.98,1,353.795,43.5661,16.1304,-53.0435,2.3,0
trayectoria,13.98,2,512.37,150.277,-38.416,130,1.2,1
trayectoria,13.98,3,305.938,199.672,-119,110,0.8,0
trayectoria,13.99,0,305.727,39.3885,-11.0303,-0.606061,3.3,1
trayectoria,13.99,1,353.795,43.5661,16.1304,-53.0435,2.3,0
trayectoria,13.99,2,511.986,151.577,-38.416,130,1.2,1
trayectoria,13.99,3,305.938,199.672,-119,110,0.8,0
trayectoria,14,0,305.617,39.3825,-11.0303,-0.606061,3.3,1
trayectoria,14,1,353.795,43.5661,16.1304,-53.0435,2.3,0
trayectoria,14,2,511.602,152.877,-38.416,130,1.2,1
trayectoria,14,3,305.938,199.672,-119,110,0.8,0
trayectoria,14.01,0,305.506,39.3764,-11.0303,-0.606061,3.3,1
trayectoria,14.01,1,353.795,43.5661,16.1304,-53.0435,2.3,0
trayectoria,14.01,2,511.218,154.177,-38.416,130,1.2,1
trayectoria,14.01,3,305.938,199.672,-119,110,0.8,0
trayectoria,14.02,0,305.396,39.3703,-11.0303,-0.606061,3.3,1
trayectoria,14.02,1,353.795,43.5661,16.1304,-53.0435,2.3,0
trayectoria,14.02,2,510.834,155.477,-38.416,130,1.2,1
trayectoria,14.02,3,305.938,199.672,-119,110,0.8,0
trayectoria,14.03,0,305.286,39.3643,-11.0303,-0.606061,3.3,1
trayectoria,14.03,1,353.795,43.5661,16.1304,-53.0435,2.3,0
trayectoria,14.03,2,510.449,156.777,-38.416,130,1.2,1
trayectoria,14.03,3,305.938,199.672,-119,110,0.8,0
trayectoria,14.04,0,305.175,39.3582,-11.0303,-0.606061,3.3,1
trayectoria,14.04,1,353.795,43.5661,16.1304,-53.0435,2.3,0
trayectoria,14.04,2,510.065,158.077,-38.416,130,1.2,1
trayectoria,14.04,3,305.938,199.672,-119,110,0.8,0
trayectoria,14.05,0,305.065,39.3522,-11.0303,-0.606061,3.3,1
trayectoria,14.05,1,353.795,43.5661,16.1304,-53.0435,2.3,0
trayectoria,14.05,2,509.681,159.377,-38.416,130,1.2,1
trayectoria,14.05,3,305.938,199.672,-119,110,0.8,0
trayectoria,14.06,0,304.955,39.3461,-11.0303,-0.606061,3.3,1
trayectoria,14.06,1,353.795,43.5661,16.1304,-53.0435,2.3,0
trayectoria,14.06,2,509.297,160.677,-38.416,130,1.2,1
trayectoria,14.06,3,305.938,199.672,-119,110,0.8,0
trayectoria,14.07,0,304.845,39.34,-11.0303,-0.606061,3.3,1
trayectoria,14.07,1,353.795,43.5661,16.1304,-53.0435,2.3,0
trayectoria,14.07,2,508.913,161.977,-38.416,130,1.2,1
trayectoria,14.07,3,305.938,199.672,-119,110,0.8,0
trayectoria,14.08,0,304.734,39.334,-11.0303,-0.606061,3.3,1
trayectoria,14.08,1,353.795,43.5661,16.1304,-53.0435,2.3,0
trayectoria,14.08,2,508.529,163.277,-38.416,130,1.2,1
trayectoria,14.08,3,305.938,199.672,-119,110,0.8,0
trayectoria,14.09,0,304.624,39.3279,-11.0303,-0.606061,3.3,1
trayectoria,14.09,1,353.795,43.5661,16.1304,-53.0435,2.3,0
trayectoria,14.09,2,508.145,164.577,-38.416,130,1.2,1
trayectoria,14.09,3,305.938,199.672,-119,110,0.8,0
trayectoria,14.1,0,304.514,39.3219,-11.0303,-0.606061,3.3,1
trayectoria,14.1,1,353.795,43.5661,16.1304,-53.0435,2.3,0
trayectoria,14.1,2,507.76,165.877,-38.416,130,1.2,1
trayectoria,14.1,3,305.938,199.672,-119,110,0.8,0
trayectoria,14.11,0,304.403,39.3158,-11.0303,-0.606061,3.3,1
trayectoria,14.11,1,353.795,43.5661,16.1304,-53.0435,2.3,0
trayectoria,14.11,2,507.376,167.177,-38.416,130,1.2,1
trayectoria,14.11,3,305.938,199.672,-119,110,0.8,0
trayectoria,14.12,0,304.293,39.3097,-11.0303,-0.606061,3.3,1
trayectoria,14.12,1,353.795,43.5661,16.1304,-53.0435,2.3,0
trayectoria,14.12,2,506.992,168.477,-38.416,130,1.2,1
trayectoria,14.12,3,305.938,199.672,-119,110,0.8,0
trayectoria,14.13,0,304.183,39.3037,-11.0303,-0.606061,3.3,1
trayectoria,14.13,1,353.795,43.5661,16.1304,-53.0435,2.3,0
trayectoria,14.13,2,506.608,169.777,-38.416,130,1.2,1
trayectoria,14.13,3,305.938,199.672,-119,110,0.8,0
trayectoria,14.14,0,304.072,39.2976,-11.0303,-0.606061,3.3,1
trayectoria,14.14,1,353.795,43.5661,16.1304,-53.0435,2.3,0
trayectoria,14.14,2,506.224,171.077,-38.416,130,1.2,1
trayectoria,14.14,3,305.938,199.672,-119,110,0.8,0
trayectoria,14.15,0,303.962,39.2916,-11.0303,-0.606061,3.3,1
trayectoria,14.15,1,353.795,43.5661,16.1304,-53.0435,2.3,0
trayectoria,14.15,2,505.84,172.377,-38.416,130,1.2,1
trayectoria,14.15,3,305.938,199.672,-119,110,0.8,0
trayectoria,14.16,0,303.852,39.2855,-11.0303,-0.606061,3.3,1
trayectoria,14.16,1,353.795,43.5661,16.1304,-53.0435,2.3,0
trayectoria,14.16,2,505.455,173.677,-38.416,130,1.2,1
trayectoria,14.16,3,305.938,199.672,-119,110,0.8,0
trayectoria,14.17,0,303.741,39.2794,-11.0303,-0.606061,3.3,1
trayectoria,14.17,1,353.795,43.5661,16.1304,-53.0435,2.3,0
trayectoria,14.17,2,505.071,174.977,-38.416,130,1.2,1
trayectoria,14.17,3,305.938,199.672,-119,110,0.8,0
trayectoria,14.18,0,303.631,39.2734,-11.0303,-0.606061,3.3,1
trayectoria,14.18,1,353.795,43.5661,16.1304,-53.0435,2.3,0
trayectoria,14.18,2,504.687,176.277,-38.416,130,1.2,1
trayectoria,14.18,3,305.938,199.672,-119,110,0.8,0
trayectoria,14.19,0,303.521,39.2673,-11.0303,-0.606061,3.3,1
trayectoria,14.19,1,353.795,43.5661,16.1304,-53.0435,2.3,0
trayectoria,14.19,2,504.303,177.577,-38.416,130,1.2,1
trayectoria,14.19,3,305.938,199.672,-119,110,0.8,0
trayectoria,14.2,0,303.411,39.2612,-11.0303,-0.606061,3.3,1
trayectoria,14.2,1,353.795,43.5661,16.1304,-53.0435,2.3,0
trayectoria,14.2,2,503.919,178.877,-38.416,130,1.2,1
trayectoria,14.2,3,305.938,199.672,-119,110,0.8,0
trayectoria,14.21,0,303.3,39.2552,-11.0303,-0.606061,3.3,1
trayectoria,14.21,1,353.795,43.5661,16.1304,-53.0435,2.3,0
trayectoria,14.21,2,503.535,180.177,-38.416,130,1.2,1
trayectoria,14.21,3,305.938,199.672,-119,110,0.8,0
trayectoria,14.22,0,303.19,39.2491,-11.0303,-0.606061,3.3,1
trayectoria,14.22,1,353.795,43.5661,16.1304,-53.0435,2.3,0
trayectoria,14.22,2,503.15,181.477,-38.416,130,1.2,1
trayectoria,14.22,3,305.938,199.672,-119,110,0.8,0
trayectoria,14.23,0,303.08,39.2431,-11.0303,-0.606061,3.3,1
trayectoria,14.23,1,353.795,43.5661,16.1304,-53.0435,2.3,0
trayectoria,14.23,2,502.766,182.777,-38.416,130,1.2,1
trayectoria,14.23,3,305.938,199.672,-119,110,0.8,0
trayectoria,14.24,0,302.969,39.237,-11.0303,-0.606061,3.3,1
trayectoria,14.24,1,353.795,43.5661,16.1304,-53.0435,2.3,0
trayectoria,14.24,2,502.382,184.077,-38.416,130,1.2,1
trayectoria,14.24,3,305.938,199.672,-119,110,0.8,0
trayectoria,14.25,0,302.859,39.2309,-11.0303,-0.606061,3.3,1
trayectoria,14.25,1,353.795,43.5661,16.1304,-53.0435,2.3,0
trayectoria,14.25,2,501.998,185.377,-38.416,130,1.2,1
trayectoria,14.25,3,305.938,199.672,-119,110,0.8,0
trayectoria,14.26,0,302.749,39.2249,-11.0303,-0.606061,3.3,1
trayectoria,14.26,1,353.795,43.5661,16.1304,-53.0435,2.3,0
trayectoria,14.26,2,501.614,186.677,-38.416,130,1.2,1
trayectoria,14.26,3,305.938,199.672,-119,110,0.8,0
trayectoria,14.27,0,302.638,39.2188,-11.0303,-0.606061,3.3,1
trayectoria,14.27,1,353.795,43.5661,16.1304,-53.0435,2.3,0
trayectoria,14.27,2,501.23,187.977,-38.416,130,1.2,1
trayectoria,14.27,3,305.938,199.672,-119,110,0.8,0
trayectoria,14.28,0,302.528,39.2128,-11.0303,-0.606061,3.3,1
trayectoria,14.28,1,353.795,43.5661,16.1304,-53.0435,2.3,0
trayectoria,14.28,2,500.845,189.277,-38.416,130,1.2,1
trayectoria,14.28,3,305.938,199.672,-119,110,0.8,0
trayectoria,14.29,0,302.418,39.2067,-11.0303,-0.606061,3.3,1
trayectoria,14.29,1,353.795,43.5661,16.1304,-53.0435,2.3,0
trayectoria,14.29,2,500.461,190.577,-38.416,130,1.2,1
trayectoria,14.29,3,305.938,199.672,-119,110,0.8,0
trayectoria,14.3,0,302.308,39.2006,-11.0303,-0.606061,3.3,1
trayectoria,14.3,1,353.795,43.5661,16.1304,-53.0435,2.3,0
trayectoria,14.3,2,500.077,191.877,-38.416,130,1.2,1
trayectoria,14.3,3,305.938,199.672,-119,110,0.8,0
trayectoria,14.31,0,302.197,39.1946,-11.0303,-0.606061,3.3,1
trayectoria,14.31,1,353.795,43.5661,16.1304,-53.0435,2.3,0
trayectoria,14.31,2,499.693,193.177,-38.416,130,1.2,1
trayectoria,14.31,3,305.938,199.672,-119,110,0.8,0
trayectoria,14.32,0,302.087,39.1885,-11.0303,-0.606061,3.3,1
trayectoria,14.32,1,353.795,43.5661,16.1304,-53.0435,2.3,0
trayectoria,14.32,2,499.309,194.477,-38.416,130,1.2,1
trayectoria,14.32,3,305.938,199.672,-119,110,0.8,0
trayectoria,14.33,0,301.977,39.1825,-11.0303,-0.606061,3.3,1
trayectoria,14.33,1,353.795,43.5661,16.1304,-53.0435,2.3,0
trayectoria,14.33,2,498.925,195.777,-38.416,130,1.2,1
trayectoria,14.33,3,305.938,199.672,-119,110,0.8,0
trayectoria,14.34,0,301.866,39.1764,-11.0303,-0.606061,3.3,1
trayectoria,14.34,1,353.795,43.5661,16.1304,-53.0435,2.3,0
trayectoria,14.34,2,498.541,197.077,-38.416,130,1.2,1
trayectoria,14.34,3,305.938,199.672,-119,110,0.8,0
trayectoria,14.35,0,301.756,39.1703,-11.0303,-0.606061,3.3,1
trayectoria,14.35,1,353.795,43.5661,16.1304,-53.0435,2.3,0
trayectoria,14.35,2,498.156,198.377,-38.416,130,1.2,1
trayectoria,14.35,3,305.938,199.672,-119,110,0.8,0
trayectoria,14.36,0,301.646,39.1643,-11.0303,-0.606061,3.3,1
trayectoria,14.36,1,353.795,43.5661,16.1304,-53.0435,2.3,0
trayectoria,14.36,2,497.772,199.677,-38.416,130,1.2,1
trayectoria,14.36,3,305.938,199.672,-119,110,0.8,0
trayectoria,14.37,0,301.535,39.1582,-11.0303,-0.606061,3.3,1
trayectoria,14.37,1,353.795,43.5661,16.1304,-53.0435,2.3,0
trayectoria,14.37,2,497.388,200.977,-38.416,130,1.2,1
trayectoria,14.37,3,305.938,199.672,-119,110,0.8,0
trayectoria,14.38,0,301.425,39.1522,-11.0303,-0.606061,3.3,1
trayectoria,14.38,1,353.795,43.5661,16.1304,-53.0435,2.3,0
trayectoria,14.38,2,497.004,202.277,-38.416,130,1.2,1
trayectoria,14.38,3,305.938,199.672,-119,110,0.8,0
trayectoria,14.39,0,301.315,39.1461,-11.0303,-0.606061,3.3,1
trayectoria,14.39,1,353.795,43.5661,16.1304,-53.0435,2.3,0
trayectoria,14.39,2,496.62,203.577,-38.416,130,1.2,1
trayectoria,14.39,3,305.938,199.672,-119,110,0.8,0
trayectoria,14.4,0,301.205,39.14,-11.0303,-0.606061,3.3,1
trayectoria,14.4,1,353.795,43.5661,16.1304,-53.0435,2.3,0
trayectoria,14.4,2,496.236,204.877,-38.416,130,1.2,1
trayectoria,14.4,3,305.938,199.672,-119,110,0.8,0
trayectoria,14.41,0,301.094,39.134,-11.0303,-0.606061,3.3,1
trayectoria,14.41,1,353.795,43.5661,16.1304,-53.0435,2.3,0
trayectoria,14.41,2,495.851,206.177,-38.416,130,1.2,1
trayectoria,14.41,3,305.938,199.672,-119,110,0.8,0
trayectoria,14.42,0,300.984,39.1279,-11.0303,-0.606061,3.3,1
trayectoria,14.42,1,353.795,43.5661,16.1304,-53.0435,2.3,0
trayectoria,14.42,2,495.467,207.477,-38.416,130,1.2,1
trayectoria,14.42,3,305.938,199.672,-119,110,0.8,0
trayectoria,14.43,0,300.874,39.1219,-11.0303,-0.606061,3.3,1
trayectoria,14.43,1,353.795,43.5661,16.1304,-53.0435,2.3,0
trayectoria,14.43,2,495.083,208.777,-38.416,130,1.2,1
trayectoria,14.43,3,305.938,199.672,-119,110,0.8,0
trayectoria,14.44,0,300.763,39.1158,-11.0303,-0.606061,3.3,1
trayectoria,14.44,1,353.795,43.5661,16.1304,-53.0435,2.3,0
trayectoria,14.44,2,494.699,210.077,-38.416,130,1.2,1
trayectoria,14.44,3,305.938,199.672,-119,110,0.8,0
trayectoria,14.45,0,300.653,39.1097,-11.0303,-0.606061,3.3,1
trayectoria,14.45,1,353.795,43.5661,16.1304,-53.0435,2.3,0
trayectoria,14.45,2,494.315,211.377,-38.416,130,1.2,1
trayectoria,14.45,3,305.938,199.672,-119,110,0.8,0
trayectoria,14.46,0,300.543,39.1037,-11.0303,-0.606061,3.3,1
trayectoria,14.46,1,353.795,43.5661,16.1304,-53.0435,2.3,0
trayectoria,14.46,2,493.931,212.677,-38.416,130,1.2,1
trayectoria,14.46,3,305.938,199.672,-119,110,0.8,0
trayectoria,14.47,0,300.432,39.0976,-11.0303,-0.606061,3.3,1
trayectoria,14.47,1,353.795,43.5661,16.1304,-53.0435,2.3,0
trayectoria,14.47,2,493.546,213.977,-38.416,130,1.2,1
trayectoria,14.47,3,305.938,199.672,-119,110,0.8,0
trayectoria,14.48,0,300.322,39.0916,-11.0303,-0.606061,3.3,1
trayectoria,14.48,1,353.795,43.5661,16.1304,-53.0435,2.3,0
trayectoria,14.48,2,493.162,215.277,-38.416,130,1.2,1
trayectoria,14.48,3,305.938,199.672,-119,110,0.8,0
trayectoria,14.49,0,300.212,39.0855,-11.0303,-0.606061,3.3,1
trayectoria,14.49,1,353.795,43.5661,16.1304,-53.0435,2.3,0
trayectoria,14.49,2,492.778,216.577,-38.416,130,1.2,1
trayectoria,14.49,3,305.938,199.672,-119,110,0.8,0
trayectoria,14.5,0,300.101,39.0794,-11.0303,-0.606061,3.3,1
trayectoria,14.5,1,353.795,43.5661,16.1304,-53.0435,2.3,0
trayectoria,14.5,2,492.394,217.877,-38.416,130,1.2,1
trayectoria,14.5,3,305.938,199.672,-119,110,0.8,0
trayectoria,14.51,0,299.991,39.0734,-11.0303,-0.606061,3.3,1
trayectoria,14.51,1,353.795,43.5661,16.1304,-53.0435,2.3,0
trayectoria,14.51,2,492.01,219.177,-38.416,130,1.2,1
trayectoria,14.51,3,305.938,199.672,-119,110,0.8,0
trayectoria,14.52,0,299.881,39.0673,-11.0303,-0.606061,3.3,1
trayectoria,14.52,1,353.795,43.5661,16.1304,-53.0435,2.3,0
trayectoria,14.52,2,491.626,220.477,-38.416,130,1.2,1
trayectoria,14.52,3,305.938,199.672,-119,110,0.8,0
trayectoria,14.53,0,299.771,39.0612,-11.0303,-0.606061,3.3,1
trayectoria,14.53,1,353.795,43.5661,16.1304,-53.0435,2.3,0
trayectoria,14.53,2,491.241,221.777,-38.416,130,1.2,1
trayectoria,14.53,3,305.938,199.672,-119,110,0.8,0
trayectoria,14.54,0,299.66,39.0552,-11.0303,-0.606061,3.3,1
trayectoria,14.54,1,353.795,43.5661,16.1304,-53.0435,2.3,0
trayectoria,14.54,2,490.857,223.077,-38.416,130,1.2,1
trayectoria,14.54,3,305.938,199.672,-119,110,0.8,0
trayectoria,14.55,0,299.55,39.0491,-11.0303,-0.606061,3.3,1
trayectoria,14.55,1,353.795,43.5661,16.1304,-53.0435,2.3,0
trayectoria,14.55,2,490.473,224.377,-38.416,130,1.2,1
trayectoria,14.55,3,305.938,199.672,-119,110,0.8,0
trayectoria,14.56,0,299.44,39.0431,-11.0303,-0.606061,3.3,1
trayectoria,14.56,1,353.795,43.5661,16.1304,-53.0435,2.3,0
trayectoria,14.56,2,490.089,225.677,-38.416,130,1.2,1
trayectoria,14.56,3,305.938,199.672,-119,110,0.8,0
trayectoria,14.57,0,299.329,39.037,-11.0303,-0.606061,3.3,1
trayectoria,14.57,1,353.795,43.5661,16.1304,-53.0435,2.3,0
trayectoria,14.57,2,489.705,226.977,-38.416,130,1.2,1
trayectoria,14.57,3,305.938,199.672,-119,110,0.8,0
trayectoria,14.58,0,299.219,39.0309,-11.0303,-0.606061,3.3,1
trayectoria,14.58,1,353.795,43.5661,16.1304,-53.0435,2.3,0
trayectoria,14.58,2,489.321,228.277,-38.416,130,1.2,1
trayectoria,14.58,3,305.938,199.672,-119,110,0.8,0
trayectoria,14.59,0,299.109,39.0249,-11.0303,-0.606061,3.3,1
trayectoria,14.59,1,353.795,43.5661,16.1304,-53.0435,2.3,0
trayectoria,14.59,2,488.937,229.577,-38.416,130,1.2,1
trayectoria,14.59,3,305.938,199.672,-119,110,0.8,0
trayectoria,14.6,0,298.998,39.0188,-11.0303,-0.606061,3.3,1
trayectoria,14.6,1,353.795,43.5661,16.1304,-53.0435,2.3,0
trayectoria,14.6,2,488.552,230.877,-38.416,130,1.2,1
trayectoria,14.6,3,305.938,199.672,-119,110,0.8,0
trayectoria,14.61,0,298.888,39.0128,-11.0303,-0.606061,3.3,1
trayectoria,14.61,1,353.795,43.5661,16.1304,-53.0435,2.3,0
trayectoria,14.61,2,488.168,232.177,-38.416,130,1.2,1
trayectoria,14.61,3,305.938,199.672,-119,110,0.8,0
trayectoria,14.62,0,298.778,39.0067,-11.0303,-0.606061,3.3,1
trayectoria,14.62,1,353.795,43.5661,16.1304,-53.0435,2.3,0
trayectoria,14.62,2,487.784,233.477,-38.416,130,1.2,1
trayectoria,14.62,3,305.938,199.672,-119,110,0.8,0
trayectoria,14.63,0,298.668,39.0006,-11.0303,-0.606061,3.3,1
trayectoria,14.63,1,353.795,43.5661,16.1304,-53.0435,2.3,0
trayectoria,14.63,2,487.4,234.777,-38.416,130,1.2,1
trayectoria,14.63,3,305.938,199.672,-119,110,0.8,0
trayectoria,14.64,0,298.557,38.9946,-11.0303,-0.606061,3.3,1
trayectoria,14.64,1,353.795,43.5661,16.1304,-53.0435,2.3,0
trayectoria,14.64,2,487.016,236.077,-38.416,130,1.2,1
trayectoria,14.64,3,305.938,199.672,-119,110,0.8,0
trayectoria,14.65,0,298.447,38.9885,-11.0303,-0.606061,3.3,1
trayectoria,14.65,1,353.795,43.5661,16.1304,-53.0435,2.3,0
trayectoria,14.65,2,486.632,237.377,-38.416,130,1.2,1
trayectoria,14.65,3,305.938,199.672,-119,110,0.8,0
trayectoria,14.66,0,298.337,38.9825,-11.0303,-0.606061,3.3,1
trayectoria,14.66,1,353.795,43.5661,16.1304,-53.0435,2.3,0
trayectoria,14.66,2,486.247,238.677,-38.416,130,1.2,1
trayectoria,14.66,3,305.938,199.672,-119,110,0.8,0
trayectoria,14.67,0,298.226,38.9764,-11.0303,-0.606061,3.3,1
trayectoria,14.67,1,353.795,43.5661,16.1304,-53.0435,2.3,0
trayectoria,14.67,2,485.863,239.977,-38.416,130,1.2,1
trayectoria,14.67,3,305.938,199.672,-119,110,0.8,0
trayectoria,14.68,0,298.116,38.9703,-11.0303,-0.606061,3.3,1
trayectoria,14.68,1,353.795,43.5661,16.1304,-53.0435,2.3,0
trayectoria,14.68,2,485.479,241.277,-38.416,130,1.2,1
trayectoria,14.68,3,305.938,199.672,-119,110,0.8,0
trayectoria,14.69,0,298.006,38.9643,-11.0303,-0.606061,3.3,1
trayectoria,14.69,1,353.795,43.5661,16.1304,-53.0435,2.3,0
trayectoria,14.69,2,485.095,242.577,-38.416,130,1.2,1
trayectoria,14.69,3,305.938,199.672,-119,110,0.8,0
trayectoria,14.7,0,297.895,38.9582,-11.0303,-0.606061,3.3,1
trayectoria,14.7,1,353.795,43.5661,16.1304,-53.0435,2.3,0
trayectoria,14.7,2,484.711,243.877,-38.416,130,1.2,1
trayectoria,14.7,3,305.938,199.672,-119,110,0.8,0
trayectoria,14.71,0,297.785,38.9522,-11.0303,-0.606061,3.3,1
trayectoria,14.71,1,353.795,43.5661,16.1304,-53.0435,2.3,0
trayectoria,14.71,2,484.327,245.177,-38.416,130,1.2,1
trayectoria,14.71,3,305.938,199.672,-119,110,0.8,0
trayectoria,14.72,0,297.675,38.9461,-11.0303,-0.606061,3.3,1
trayectoria,14.72,1,353.795,43.5661,16.1304,-53.0435,2.3,0
trayectoria,14.72,2,483.942,246.477,-38.416,130,1.2,1
trayectoria,14.72,3,305.938,199.672,-119,110,0.8,0
trayectoria,14.73,0,297.565,38.94,-11.0303,-0.606061,3.3,1
trayectoria,14.73,1,353.795,43.5661,16.1304,-53.0435,2.3,0
trayectoria,14.73,2,483.558,247.777,-38.416,130,1.2,1
trayectoria,14.73,3,305.938,199.672,-119,110,0.8,0
trayectoria,14.74,0,297.454,38.934,-11.0303,-0.606061,3.3,1
trayectoria,14.74,1,353.795,43.5661,16.1304,-53.0435,2.3,0
trayectoria,14.74,2,483.174,249.077,-38.416,130,1.2,1
trayectoria,14.74,3,305.938,199.672,-119,110,0.8,0
trayectoria,14.75,0,297.344,38.9279,-11.0303,-0.606061,3.3,1
trayectoria,14.75,1,353.795,43.5661,16.1304,-53.0435,2.3,0
trayectoria,14.75,2,482.79,250.377,-38.416,130,1.2,1
trayectoria,14.75,3,305.938,199.672,-119,110,0.8,0
trayectoria,14.76,0,297.234,38.9219,-11.0303,-0.606061,3.3,1
trayectoria,14.76,1,353.795,43.5661,16.1304,-53.0435,2.3,0
trayectoria,14.76,2,482.406,251.677,-38.416,130,1.2,1
trayectoria,14.76,3,305.938,199.672,-119,110,0.8,0
trayectoria,14.77,0,297.123,38.9158,-11.0303,-0.606061,3.3,1
trayectoria,14.77,1,353.795,43.5661,16.1304,-53.0435,2.3,0
trayectoria,14.77,2,482.022,252.977,-38.416,130,1.2,1
trayectoria,14.77,3,305.938,199.672,-119,110,0.8,0
trayectoria,14.78,0,297.013,38.9097,-11.0303,-0.606061,3.3,1
trayectoria,14.78,1,353.795,43.5661,16.1304,-53.0435,2.3,0
trayectoria,14.78,2,481.637,254.277,-38.416,130,1.2,1
trayectoria,14.78,3,305.938,199.672,-119,110,0.8,0
trayectoria,14.79,0,296.903,38.9037,-11.0303,-0.606061,3.3,1
trayectoria,14.79,1,353.795,43.5661,16.1304,-53.0435,2.3,0
trayectoria,14.79,2,481.253,255.577,-38.416,130,1.2,1
trayectoria,14.79,3,305.938,199.672,-119,110,0.8,0
trayectoria,14.8,0,296.792,38.8976,-11.0303,-0.606061,3.3,1
trayectoria,14.8,1,353.795,43.5661,16.1304,-53.0435,2.3,0
trayectoria,14.8,2,480.869,256.877,-38.416,130,1.2,1
trayectoria,14.8,3,305.938,199.672,-119,110,0.8,0
trayectoria,14.81,0,296.682,38.8916,-11.0303,-0.606061,3.3,1
trayectoria,14.81,1,353.795,43.5661,16.1304,-53.0435,2.3,0
trayectoria,14.81,2,480.485,258.177,-38.416,130,1.2,1
trayectoria,14.81,3,305.938,199.672,-119,110,0.8,0
trayectoria,14.82,0,296.572,38.8855,-11.0303,-0.606061,3.3,1
trayectoria,14.82,1,353.795,43.5661,16.1304,-53.0435,2.3,0
trayectoria,14.82,2,480.101,259.477,-38.416,130,1.2,1
trayectoria,14.82,3,305.938,199.672,-119,110,0.8,0
trayectoria,14.83,0,296.461,38.8794,-11.0303,-0.606061,3.3,1
trayectoria,14.83,1,353.795,43.5661,16.1304,-53.0435,2.3,0
trayectoria,14.83,2,479.717,260.777,-38.416,130,1.2,1
trayectoria,14.83,3,305.938,199.672,-119,110,0.8,0
trayectoria,14.84,0,296.351,38.8734,-11.0303,-0.606061,3.3,1
trayectoria,14.84,1,353.795,43.5661,16.1304,-53.0435,2.3,0
trayectoria,14.84,2,479.333,262.077,-38.416,130,1.2,1
trayectoria,14.84,3,305.938,199.672,-119,110,0.8,0
trayectoria,14.85,0,296.241,38.8673,-11.0303,-0.606061,3.3,1
trayectoria,14.85,1,353.795,43.5661,16.1304,-53.0435,2.3,0
trayectoria,14.85,2,478.948,263.377,-38.416,130,1.2,1
trayectoria,14.85,3,305.938,199.672,-119,110,0.8,0
trayectoria,14.86,0,296.131,38.8612,-11.0303,-0.606061,3.3,1
trayectoria,14.86,1,353.795,43.5661,16.1304,-53.0435,2.3,0
trayectoria,14.86,2,478.564,264.677,-38.416,130,1.2,1
trayectoria,14.86,3,305.938,199.672,-119,110,0.8,0
trayectoria,14.87,0,296.02,38.8552,-11.0303,-0.606061,3.3,1
trayectoria,14.87,1,353.795,43.5661,16.1304,-53.0435,2.3,0
trayectoria,14.87,2,478.18,265.977,-38.416,130,1.2,1
trayectoria,14.87,3,305.938,199.672,-119,110,0.8,0
trayectoria,14.88,0,295.91,38.8491,-11.0303,-0.606061,3.3,1
trayectoria,14.88,1,353.795,43.5661,16.1304,-53.0435,2.3,0
trayectoria,14.88,2,477.796,267.277,-38.416,130,1.2,1
trayectoria,14.88,3,305.938,199.672,-119,110,0.8,0
trayectoria,14.89,0,295.8,38.8431,-11.0303,-0.606061,3.3,1
trayectoria,14.89,1,353.795,43.5661,16.1304,-53.0435,2.3,0
trayectoria,14.89,2,477.412,268.577,-38.416,130,1.2,1
trayectoria,14.89,3,305.938,199.672,-119,110,0.8,0
trayectoria,14.9,0,295.689,38.837,-11.0303,-0.606061,3.3,1
trayectoria,14.9,1,353.795,43.5661,16.1304,-53.0435,2.3,0
trayectoria,14.9,2,477.028,269.877,-38.416,130,1.2,1
trayectoria,14.9,3,305.938,199.672,-119,110,0.8,0
trayectoria,14.91,0,295.579,38.8309,-11.0303,-0.606061,3.3,1
trayectoria,14.91,1,353.795,43.5661,16.1304,-53.0435,2.3,0
trayectoria,14.91,2,476.643,271.177,-38.416,130,1.2,1
trayectoria,14.91,3,305.938,199.672,-119,110,0.8,0
trayectoria,14.92,0,295.469,38.8249,-11.0303,-0.606061,3.3,1
trayectoria,14.92,1,353.795,43.5661,16.1304,-53.0435,2.3,0
trayectoria,14.92,2,476.259,272.477,-38.416,130,1.2,1
trayectoria,14.92,3,305.938,199.672,-119,110,0.8,0
trayectoria,14.93,0,295.358,38.8188,-11.0303,-0.606061,3.3,1
trayectoria,14.93,1,353.795,43.5661,16.1304,-53.0435,2.3,0
trayectoria,14.93,2,475.875,273.777,-38.416,130,1.2,1
trayectoria,14.93,3,305.938,199.672,-119,110,0.8,0
trayectoria,14.94,0,295.248,38.8128,-11.0303,-0.606061,3.3,1
trayectoria,14.94,1,353.795,43.5661,16.1304,-53.0435,2.3,0
trayectoria,14.94,2,475.491,275.077,-38.416,130,1.2,1
trayectoria,14.94,3,305.938,199.672,-119,110,0.8,0
trayectoria,14.95,0,295.138,38.8067,-11.0303,-0.606061,3.3,1
trayectoria,14.95,1,353.795,43.5661,16.1304,-53.0435,2.3,0
trayectoria,14.95,2,475.107,276.377,-38.416,130,1.2,1
trayectoria,14.95,3,305.938,199.672,-119,110,0.8,0
trayectoria,14.96,0,295.028,38.8006,-11.0303,-0.606061,3.3,1
trayectoria,14.96,1,353.795,43.5661,16.1304,-53.0435,2.3,0
trayectoria,14.96,2,474.723,277.677,-38.416,130,1.2,1
trayectoria,14.96,3,305.938,199.672,-119,110,0.8,0
trayectoria,14.97,0,294.917,38.7946,-11.0303,-0.606061,3.3,1
trayectoria,14.97,1,353.795,43.5661,16.1304,-53.0435,2.3,0
trayectoria,14.97,2,474.338,278.977,-38.416,130,1.2,1
trayectoria,14.97,3,305.938,199.672,-119,110,0.8,0
trayectoria,14.98,0,294.807,38.7885,-11.0303,-0.606061,3.3,1
trayectoria,14.98,1,353.795,43.5661,16.1304,-53.0435,2.3,0
trayectoria,14.98,2,473.954,280.277,-38.416,130,1.2,1
trayectoria,14.98,3,305.938,199.672,-119,110,0.8,0
trayectoria,14.99,0,294.697,38.7825,-11.0303,-0.606061,3.3,1
trayectoria,14.99,1,353.795,43.5661,16.1304,-53.0435,2.3,0
trayectoria,14.99,2,473.57,281.577,-38.416,130,1.2,1
trayectoria,14.99,3,305.938,199.672,-119,110,0.8,0
trayectoria,15,0,294.586,38.7764,-11.0303,-0.606061,3.3,1
trayectoria,15,1,353.795,43.5661,16.1304,-53.0435,2.3,0
trayectoria,15,2,473.186,282.877,-38.416,130,1.2,1
trayectoria,15,3,305.938,199.672,-119,110,0.8,0
trayectoria,15.01,0,294.476,38.7703,-11.0303,-0.606061,3.3,1
trayectoria,15.01,1,353.795,43.5661,16.1304,-53.0435,2.3,0
trayectoria,15.01,2,472.802,284.177,-38.416,130,1.2,1
trayectoria,15.01,3,305.938,199.672,-119,110,0.8,0
trayectoria,15.02,0,294.366,38.7643,-11.0303,-0.606061,3.3,1
trayectoria,15.02,1,353.795,43.5661,16.1304,-53.0435,2.3,0
trayectoria,15.02,2,472.418,285.477,-38.416,130,1.2,1
trayectoria,15.02,3,305.938,199.672,-119,110,0.8,0
trayectoria,15.03,0,294.255,38.7582,-11.0303,-0.606061,3.3,1
trayectoria,15.03,1,353.795,43.5661,16.1304,-53.0435,2.3,0
trayectoria,15.03,2,472.033,286.777,-38.416,130,1.2,1
trayectoria,15.03,3,305.938,199.672,-119,110,0.8,0
trayectoria,15.04,0,294.145,38.7522,-11.0303,-0.606061,3.3,1
trayectoria,15.04,1,353.795,43.5661,16.1304,-53.0435,2.3,0
trayectoria,15.04,2,471.649,288.077,-38.416,130,1.2,1
trayectoria,15.04,3,305.938,199.672,-119,110,0.8,0
trayectoria,15.05,0,294.035,38.7461,-11.0303,-0.606061,3.3,1
trayectoria,15.05,1,353.795,43.5661,16.1304,-53.0435,2.3,0
trayectoria,15.05,2,471.265,289.377,-38.416,130,1.2,1
trayectoria,15.05,3,305.938,199.672,-119,110,0.8,0
trayectoria,15.06,0,293.925,38.74,-11.0303,-0.606061,3.3,1
trayectoria,15.06,1,353.795,43.5661,16.1304,-53.0435,2.3,0
trayectoria,15.06,2,470.881,290.677,-38.416,130,1.2,1
trayectoria,15.06,3,305.938,199.672,-119,110,0.8,0
trayectoria,15.07,0,293.814,38.734,-11.0303,-0.606061,3.3,1
trayectoria,15.07,1,353.795,43.5661,16.1304,-53.0435,2.3,0
trayectoria,15.07,2,470.497,291.977,-38.416,130,1.2,1
trayectoria,15.07,3,305.938,199.672,-119,110,0.8,0
trayectoria,15.08,0,293.704,38.7279,-11.0303,-0.606061,3.3,1
trayectoria,15.08,1,353.795,43.5661,16.1304,-53.0435,2.3,0
trayectoria,15.08,2,470.113,293.277,-38.416,130,1.2,1
trayectoria,15.08,3,305.938,199.672,-119,110,0.8,0
trayectoria,15.09,0,293.594,38.7219,-11.0303,-0.606061,3.3,1
trayectoria,15.09,1,353.795,43.5661,16.1304,-53.0435,2.3,0
trayectoria,15.09,2,469.729,294.577,-38.416,130,1.2,1
trayectoria,15.09,3,305.938,199.672,-119,110,0.8,0
trayectoria,15.1,0,293.483,38.7158,-11.0303,-0.606061,3.3,1
trayectoria,15.1,1,353.795,43.5661,16.1304,-53.0435,2.3,0
trayectoria,15.1,2,469.344,295.877,-38.416,130,1.2,1
trayectoria,15.1,3,305.938,199.672,-119,110,0.8,0
trayectoria,15.11,0,293.373,38.7097,-11.0303,-0.606061,3.3,1
trayectoria,15.11,1,353.795,43.5661,16.1304,-53.0435,2.3,0
trayectoria,15.11,2,468.96,297.177,-38.416,130,1.2,1
trayectoria,15.11,3,305.938,199.672,-119,110,0.8,0
trayectoria,15.12,0,293.263,38.7037,-11.0303,-0.606061,3.3,1
trayectoria,15.12,1,353.795,43.5661,16.1304,-53.0435,2.3,0
trayectoria,15.12,2,468.576,298.477,-38.416,130,1.2,1
trayectoria,15.12,3,305.938,199.672,-119,110,0.8,0
trayectoria,15.13,0,293.152,38.6976,-11.0303,-0.606061,3.3,1
trayectoria,15.13,1,353.795,43.5661,16.1304,-53.0435,2.3,0
trayectoria,15.13,2,468.192,299.777,-38.416,130,1.2,1
trayectoria,15.13,3,305.938,199.672,-119,110,0.8,0
trayectoria,15.14,0,293.042,38.6916,-11.0303,-0.606061,3.3,1
trayectoria,15.14,1,353.795,43.5661,16.1304,-53.0435,2.3,0
trayectoria,15.14,2,467.808,301.077,-38.416,130,1.2,1
trayectoria,15.14,3,305.938,199.672,-119,110,0.8,0
trayectoria,15.15,0,292.932,38.6855,-11.0303,-0.606061,3.3,1
trayectoria,15.15,1,353.795,43.5661,16.1304,-53.0435,2.3,0
trayectoria,15.15,2,467.424,302.377,-38.416,130,1.2,1
trayectoria,15.15,3,305.938,199.672,-119,110,0.8,0
trayectoria,15.16,0,292.821,38.6794,-11.0303,-0.606061,3.3,1
trayectoria,15.16,1,353.795,43.5661,16.1304,-53.0435,2.3,0
trayectoria,15.16,2,467.039,303.677,-38.416,130,1.2,1
trayectoria,15.16,3,305.938,199.672,-119,110,0.8,0
trayectoria,15.17,0,292.711,38.6734,-11.0303,-0.606061,3.3,1
trayectoria,15.17,1,353.795,43.5661,16.1304,-53.0435,2.3,0
trayectoria,15.17,2,466.655,304.977,-38.416,130,1.2,1
trayectoria,15.17,3,305.938,199.672,-119,110,0.8,0
trayectoria,15.18,0,292.601,38.6673,-11.0303,-0.606061,3.3,1
trayectoria,15.18,1,353.795,43.5661,16.1304,-53.0435,2.3,0
trayectoria,15.18,2,466.271,306.277,-38.416,130,1.2,1
trayectoria,15.18,3,305.938,199.672,-119,110,0.8,0
trayectoria,15.19,0,292.491,38.6612,-11.0303,-0.606061,3.3,1
trayectoria,15.19,1,353.795,43.5661,16.1304,-53.0435,2.3,0
trayectoria,15.19,2,465.887,307.577,-38.416,130,1.2,1
trayectoria,15.19,3,305.938,199.672,-119,110,0.8,0
trayectoria,15.2,0,292.38,38.6552,-11.0303,-0.606061,3.3,1
trayectoria,15.2,1,353.795,43.5661,16.1304,-53.0435,2.3,0
trayectoria,15.2,2,465.503,308.877,-38.416,130,1.2,1
trayectoria,15.2,3,305.938,199.672,-119,110,0.8,0
trayectoria,15.21,0,292.27,38.6491,-11.0303,-0.606061,3.3,1
trayectoria,15.21,1,353.795,43.5661,16.1304,-53.0435,2.3,0
trayectoria,15.21,2,465.119,310.177,-38.416,130,1.2,1
trayectoria,15.21,3,305.938,199.672,-119,110,0.8,0
trayectoria,15.22,0,292.16,38.6431,-11.0303,-0.606061,3.3,1
trayectoria,15.22,1,353.795,43.5661,16.1304,-53.0435,2.3,0
trayectoria,15.22,2,464.734,311.477,-38.416,130,1.2,1
trayectoria,15.22,3,305.938,199.672,-119,110,0.8,0
trayectoria,15.23,0,292.049,38.637,-11.0303,-0.606061,3.3,1
trayectoria,15.23,1,353.795,43.5661,16.1304,-53.0435,2.3,0
trayectoria,15.23,2,464.35,312.777,-38.416,130,1.2,1
trayectoria,15.23,3,305.938,199.672,-119,110,0.8,0
trayectoria,15.24,0,291.939,38.6309,-11.0303,-0.606061,3.3,1
trayectoria,15.24,1,353.795,43.5661,16.1304,-53.0435,2.3,0
trayectoria,15.24,2,463.966,314.077,-38.416,130,1.2,1
trayectoria,15.24,3,305.938,199.672,-119,110,0.8,0
trayectoria,15.25,0,291.829,38.6249,-11.0303,-0.606061,3.3,1
trayectoria,15.25,1,353.795,43.5661,16.1304,-53.0435,2.3,0
trayectoria,15.25,2,463.582,315.377,-38.416,130,1.2,1
trayectoria,15.25,3,305.938,199.672,-119,110,0.8,0
trayectoria,15.26,0,291.718,38.6188,-11.0303,-0.606061,3.3,1
trayectoria,15.26,1,353.795,43.5661,16.1304,-53.0435,2.3,0
trayectoria,15.26,2,463.198,316.677,-38.416,130,1.2,1
trayectoria,15.26,3,305.938,199.672,-119,110,0.8,0
trayectoria,15.27,0,291.608,38.6128,-11.0303,-0.606061,3.3,1
trayectoria,15.27,1,353.795,43.5661,16.1304,-53.0435,2.3,0
trayectoria,15.27,2,462.814,317.977,-38.416,130,1.2,1
trayectoria,15.27,3,305.938,199.672,-119,110,0.8,0
trayectoria,15.28,0,291.498,38.6067,-11.0303,-0.606061,3.3,1
trayectoria,15.28,1,353.795,43.5661,16.1304,-53.0435,2.3,0
trayectoria,15.28,2,462.429,319.277,-38.416,130,1.2,1
trayectoria,15.28,3,305.938,199.672,-119,110,0.8,0
trayectoria,15.29,0,291.388,38.6006,-11.0303,-0.606061,3.3,1
trayectoria,15.29,1,353.795,43.5661,16.1304,-53.0435,2.3,0
trayectoria,15.29,2,462.045,320.577,-38.416,130,1.2,1
trayectoria,15.29,3,305.938,199.672,-119,110,0.8,0
trayectoria,15.3,0,291.277,38.5946,-11.0303,-0.606061,3.3,1
trayectoria,15.3,1,353.795,43.5661,16.1304,-53.0435,2.3,0
trayectoria,15.3,2,461.661,321.877,-38.416,130,1.2,1
trayectoria,15.3,3,305.938,199.672,-119,110,0.8,0
trayectoria,15.31,0,291.167,38.5885,-11.0303,-0.606061,3.3,1
trayectoria,15.31,1,353.795,43.5661,16.1304,-53.0435,2.3,0
trayectoria,15.31,2,461.277,323.177,-38.416,130,1.2,1
trayectoria,15.31,3,305.938,199.672,-119,110,0.8,0
trayectoria,15.32,0,291.057,38.5825,-11.0303,-0.606061,3.3,1
trayectoria,15.32,1,353.795,43.5661,16.1304,-53.0435,2.3,0
trayectoria,15.32,2,460.893,324.477,-38.416,130,1.2,1
trayectoria,15.32,3,305.938,199.672,-119,110,0.8,0
trayectoria,15.33,0,290.946,38.5764,-11.0303,-0.606061,3.3,1
trayectoria,15.33,1,353.795,43.5661,16.1304,-53.0435,2.3,0
trayectoria,15.33,2,460.509,325.777,-38.416,130,1.2,1
trayectoria,15.33,3,305.938,199.672,-119,110,0.8,0
trayectoria,15.34,0,290.836,38.5703,-11.0303,-0.606061,3.3,1
trayectoria,15.34,1,353.795,43.5661,16.1304,-53.0435,2.3,0
trayectoria,15.34,2,460.125,327.077,-38.416,130,1.2,1
trayectoria,15.34,3,305.938,199.672,-119,110,0.8,0
trayectoria,15.35,0,290.726,38.5643,-11.0303,-0.606061,3.3,1
trayectoria,15.35,1,353.795,43.5661,16.1304,-53.0435,2.3,0
trayectoria,15.35,2,459.74,328.377,-38.416,130,1.2,1
trayectoria,15.35,3,305.938,199.672,-119,110,0.8,0
trayectoria,15.36,0,290.615,38.5582,-11.0303,-0.606061,3.3,1
trayectoria,15.36,1,353.795,43.5661,16.1304,-53.0435,2.3,0
trayectoria,15.36,2,459.356,329.677,-38.416,130,1.2,1
trayectoria,15.36,3,305.938,199.672,-119,110,0.8,0
trayectoria,15.37,0,290.505,38.5522,-11.0303,-0.606061,3.3,1
trayectoria,15.37,1,353.795,43.5661,16.1304,-53.0435,2.3,0
trayectoria,15.37,2,458.972,330.977,-38.416,130,1.2,1
trayectoria,15.37,3,305.938,199.672,-119,110,0.8,0
trayectoria,15.38,0,290.395,38.5461,-11.0303,-0.606061,3.3,1
trayectoria,15.38,1,353.795,43.5661,16.1304,-53.0435,2.3,0
trayectoria,15.38,2,458.588,332.277,-38.416,130,1.2,1
trayectoria,15.38,3,305.938,199.672,-119,110,0.8,0
trayectoria,15.39,0,290.285,38.54,-11.0303,-0.606061,3.3,1
trayectoria,15.39,1,353.795,43.5661,16.1304,-53.0435,2.3,0
trayectoria,15.39,2,458.204,333.577,-38.416,130,1.2,1
trayectoria,15.39,3,305.938,199.672,-119,110,0.8,0
trayectoria,15.4,0,290.174,38.534,-11.0303,-0.606061,3.3,1
trayectoria,15.4,1,353.795,43.5661,16.1304,-53.0435,2.3,0
trayectoria,15.4,2,457.82,334.877,-38.416,130,1.2,1
trayectoria,15.4,3,305.938,199.672,-119,110,0.8,0
trayectoria,15.41,0,290.064,38.5279,-11.0303,-0.606061,3.3,1
trayectoria,15.41,1,353.795,43.5661,16.1304,-53.0435,2.3,0
trayectoria,15.41,2,457.435,336.177,-38.416,130,1.2,1
trayectoria,15.41,3,305.938,199.672,-119,110,0.8,0
trayectoria,15.42,0,289.954,38.5219,-11.0303,-0.606061,3.3,1
trayectoria,15.42,1,353.795,43.5661,16.1304,-53.0435,2.3,0
trayectoria,15.42,2,457.051,337.477,-38.416,130,1.2,1
trayectoria,15.42,3,305.938,199.672,-119,110,0.8,0
trayectoria,15.43,0,289.843,38.5158,-11.0303,-0.606061,3.3,1
trayectoria,15.43,1,353.795,43.5661,16.1304,-53.0435,2.3,0
trayectoria,15.43,2,456.667,338.777,-38.416,130,1.2,1
trayectoria,15.43,3,305.938,199.672,-119,110,0.8,0
trayectoria,15.44,0,289.733,38.5097,-11.0303,-0.606061,3.3,1
trayectoria,15.44,1,353.795,43.5661,16.1304,-53.0435,2.3,0
trayectoria,15.44,2,456.283,340.077,-38.416,130,1.2,1
trayectoria,15.44,3,305.938,199.672,-119,110,0.8,0
trayectoria,15.45,0,289.623,38.5037,-11.0303,-0.606061,3.3,1
trayectoria,15.45,1,353.795,43.5661,16.1304,-53.0435,2.3,0
trayectoria,15.45,2,455.899,341.377,-38.416,130,1.2,1
trayectoria,15.45,3,305.938,199.672,-119,110,0.8,0
trayectoria,15.46,0,289.512,38.4976,-11.0303,-0.606061,3.3,1
trayectoria,15.46,1,353.795,43.5661,16.1304,-53.0435,2.3,0
trayectoria,15.46,2,455.515,342.677,-38.416,130,1.2,1
trayectoria,15.46,3,305.938,199.672,-119,110,0.8,0
trayectoria,15.47,0,289.402,38.4916,-11.0303,-0.606061,3.3,1
trayectoria,15.47,1,353.795,43.5661,16.1304,-53.0435,2.3,0
trayectoria,15.47,2,455.13,343.977,-38.416,130,1.2,1
trayectoria,15.47,3,305.938,199.672,-119,110,0.8,0
trayectoria,15.48,0,289.292,38.4855,-11.0303,-0.606061,3.3,1
trayectoria,15.48,1,353.795,43.5661,16.1304,-53.0435,2.3,0
trayectoria,15.48,2,454.746,345.277,-38.416,130,1.2,1
trayectoria,15.48,3,305.938,199.672,-119,110,0.8,0
trayectoria,15.49,0,289.181,38.4794,-11.0303,-0.606061,3.3,1
trayectoria,15.49,1,353.795,43.5661,16.1304,-53.0435,2.3,0
trayectoria,15.49,2,454.362,346.577,-38.416,130,1.2,1
trayectoria,15.49,3,305.938,199.672,-119,110,0.8,0
trayectoria,15.5,0,289.071,38.4734,-11.0303,-0.606061,3.3,1
trayectoria,15.5,1,353.795,43.5661,16.1304,-53.0435,2.3,0
trayectoria,15.5,2,453.978,347.877,-38.416,130,1.2,1
trayectoria,15.5,3,305.938,199.672,-119,110,0.8,0
trayectoria,15.51,0,288.961,38.4673,-11.0303,-0.606061,3.3,1
trayectoria,15.51,1,353.795,43.5661,16.1304,-53.0435,2.3,0
trayectoria,15.51,2,453.594,349.177,-38.416,130,1.2,1
trayectoria,15.51,3,305.938,199.672,-119,110,0.8,0
trayectoria,15.52,0,288.851,38.4612,-11.0303,-0.606061,3.3,1
trayectoria,15.52,1,353.795,43.5661,16.1304,-53.0435,2.3,0
trayectoria,15.52,2,453.21,350.477,-38.416,130,1.2,1
trayectoria,15.52,3,305.938,199.672,-119,110,0.8,0
trayectoria,15.53,0,288.74,38.4552,-11.0303,-0.606061,3.3,1
trayectoria,15.53,1,353.795,43.5661,16.1304,-53.0435,2.3,0
trayectoria,15.53,2,452.825,351.777,-38.416,130,1.2,1
trayectoria,15.53,3,305.938,199.672,-119,110,0.8,0
trayectoria,15.54,0,288.63,38.4491,-11.0303,-0.606061,3.3,1
trayectoria,15.54,1,353.795,43.5661,16.1304,-53.0435,2.3,0
trayectoria,15.54,2,452.441,353.077,-38.416,130,1.2,1
trayectoria,15.54,3,305.938,199.672,-119,110,0.8,0
trayectoria,15.55,0,288.52,38.4431,-11.0303,-0.606061,3.3,1
trayectoria,15.55,1,353.795,43.5661,16.1304,-53.0435,2.3,0
trayectoria,15.55,2,452.057,354.377,-38.416,130,1.2,1
trayectoria,15.55,3,305.938,199.672,-119,110,0.8,0
trayectoria,15.56,0,288.409,38.437,-11.0303,-0.606061,3.3,1
trayectoria,15.56,1,353.795,43.5661,16.1304,-53.0435,2.3,0
trayectoria,15.56,2,451.673,355.677,-38.416,130,1.2,1
trayectoria,15.56,3,305.938,199.672,-119,110,0.8,0
trayectoria,15.57,0,288.299,38.4309,-11.0303,-0.606061,3.3,1
trayectoria,15.57,1,353.795,43.5661,16.1304,-53.0435,2.3,0
trayectoria,15.57,2,451.289,356.977,-38.416,130,1.2,1
trayectoria,15.57,3,305.938,199.672,-119,110,0.8,0
trayectoria,15.58,0,288.189,38.4249,-11.0303,-0.606061,3.3,1
trayectoria,15.58,1,353.795,43.5661,16.1304,-53.0435,2.3,0
trayectoria,15.58,2,450.905,358.277,-38.416,130,1.2,1
trayectoria,15.58,3,305.938,199.672,-119,110,0.8,0
trayectoria,15.59,0,288.078,38.4188,-11.0303,-0.606061,3.3,1
trayectoria,15.59,1,353.795,43.5661,16.1304,-53.0435,2.3,0
trayectoria,15.59,2,450.521,359.577,-38.416,130,1.2,1
trayectoria,15.59,3,305.938,199.672,-119,110,0.8,0
trayectoria,15.6,0,287.968,38.4128,-11.0303,-0.606061,3.3,1
trayectoria,15.6,1,353.795,43.5661,16.1304,-53.0435,2.3,0
trayectoria,15.6,2,450.136,360.877,-38.416,130,1.2,1
trayectoria,15.6,3,305.938,199.672,-119,110,0.8,0
trayectoria,15.61,0,287.858,38.4067,-11.0303,-0.606061,3.3,1
trayectoria,15.61,1,353.795,43.5661,16.1304,-53.0435,2.3,0
trayectoria,15.61,2,449.752,362.177,-38.416,130,1.2,1
trayectoria,15.61,3,305.938,199.672,-119,110,0.8,0
trayectoria,15.62,0,287.748,38.4006,-11.0303,-0.606061,3.3,1
trayectoria,15.62,1,353.795,43.5661,16.1304,-53.0435,2.3,0
trayectoria,15.62,2,449.368,363.477,-38.416,130,1.2,1
trayectoria,15.62,3,305.938,199.672,-119,110,0.8,0
trayectoria,15.63,0,287.637,38.3946,-11.0303,-0.606061,3.3,1
trayectoria,15.63,1,353.795,43.5661,16.1304,-53.0435,2.3,0
trayectoria,15.63,2,448.984,364.777,-38.416,130,1.2,1
trayectoria,15.63,3,305.938,199.672,-119,110,0.8,0
trayectoria,15.64,0,287.527,38.3885,-11.0303,-0.606061,3.3,1
trayectoria,15.64,1,353.795,43.5661,16.1304,-53.0435,2.3,0
trayectoria,15.64,2,448.6,366.077,-38.416,130,1.2,1
trayectoria,15.64,3,305.938,199.672,-119,110,0.8,0
trayectoria,15.65,0,287.417,38.3825,-11.0303,-0.606061,3.3,1
trayectoria,15.65,1,353.795,43.5661,16.1304,-53.0435,2.3,0
trayectoria,15.65,2,448.216,367.377,-38.416,130,1.2,1
trayectoria,15.65,3,305.938,199.672,-119,110,0.8,0
trayectoria,15.66,0,287.306,38.3764,-11.0303,-0.606061,3.3,1
trayectoria,15.66,1,353.795,43.5661,16.1304,-53.0435,2.3,0
trayectoria,15.66,2,447.831,368.677,-38.416,130,1.2,1
trayectoria,15.66,3,305.938,199.672,-119,110,0.8,0
trayectoria,15.67,0,287.196,38.3703,-11.0303,-0.606061,3.3,1
trayectoria,15.67,1,353.795,43.5661,16.1304,-53.0435,2.3,0
trayectoria,15.67,2,447.447,369.977,-38.416,130,1.2,1
trayectoria,15.67,3,305.938,199.672,-119,110,0.8,0
trayectoria,15.68,0,287.086,38.3643,-11.0303,-0.606061,3.3,1
trayectoria,15.68,1,353.795,43.5661,16.1304,-53.0435,2.3,0
trayectoria,15.68,2,447.063,371.277,-38.416,130,1.2,1
trayectoria,15.68,3,305.938,199.672,-119,110,0.8,0
trayectoria,15.69,0,286.975,38.3582,-11.0303,-0.606061,3.3,1
trayectoria,15.69,1,353.795,43.5661,16.1304,-53.0435,2.3,0
trayectoria,15.69,2,446.679,372.577,-38.416,130,1.2,1
trayectoria,15.69,3,305.938,199.672,-119,110,0.8,0
trayectoria,15.7,0,286.865,38.3522,-11.0303,-0.606061,3.3,1
trayectoria,15.7,1,353.795,43.5661,16.1304,-53.0435,2.3,0
trayectoria,15.7,2,446.295,373.877,-38.416,130,1.2,1
trayectoria,15.7,3,305.938,199.672,-119,110,0.8,0
trayectoria,15.71,0,286.755,38.3461,-11.0303,-0.606061,3.3,1
trayectoria,15.71,1,353.795,43.5661,16.1304,-53.0435,2.3,0
trayectoria,15.71,2,445.911,375.177,-38.416,130,1.2,1
trayectoria,15.71,3,305.938,199.672,-119,110,0.8,0
trayectoria,15.72,0,286.645,38.34,-11.0303,-0.606061,3.3,1
trayectoria,15.72,1,353.795,43.5661,16.1304,-53.0435,2.3,0
trayectoria,15.72,2,445.526,376.477,-38.416,130,1.2,1
trayectoria,15.72,3,305.938,199.672,-119,110,0.8,0
trayectoria,15.73,0,286.534,38.334,-11.0303,-0.606061,3.3,1
trayectoria,15.73,1,353.795,43.5661,16.1304,-53.0435,2.3,0
trayectoria,15.73,2,445.142,377.777,-38.416,130,1.2,1
trayectoria,15.73,3,305.938,199.672,-119,110,0.8,0
trayectoria,15.74,0,286.424,38.3279,-11.0303,-0.606061,3.3,1
trayectoria,15.74,1,353.795,43.5661,16.1304,-53.0435,2.3,0
trayectoria,15.74,2,444.758,379.077,-38.416,130,1.2,1
trayectoria,15.74,3,305.938,199.672,-119,110,0.8,0
trayectoria,15.75,0,286.314,38.3219,-11.0303,-0.606061,3.3,1
trayectoria,15.75,1,353.795,43.5661,16.1304,-53.0435,2.3,0
trayectoria,15.75,2,444.374,380.377,-38.416,130,1.2,1
trayectoria,15.75,3,305.938,199.672,-119,110,0.8,0
trayectoria,15.76,0,286.203,38.3158,-11.0303,-0.606061,3.3,1
trayectoria,15.76,1,353.795,43.5661,16.1304,-53.0435,2.3,0
trayectoria,15.76,2,443.99,381.677,-38.416,130,1.2,1
trayectoria,15.76,3,305.938,199.672,-119,110,0.8,0
trayectoria,15.77,0,286.093,38.3097,-11.0303,-0.606061,3.3,1
trayectoria,15.77,1,353.795,43.5661,16.1304,-53.0435,2.3,0
trayectoria,15.77,2,443.606,382.977,-38.416,130,1.2,1
trayectoria,15.77,3,305.938,199.672,-119,110,0.8,0
trayectoria,15.78,0,285.983,38.3037,-11.0303,-0.606061,3.3,1
trayectoria,15.78,1,353.795,43.5661,16.1304,-53.0435,2.3,0
trayectoria,15.78,2,443.221,384.277,-38.416,130,1.2,1
trayectoria,15.78,3,305.938,199.672,-119,110,0.8,0
trayectoria,15.79,0,285.872,38.2976,-11.0303,-0.606061,3.3,1
trayectoria,15.79,1,353.795,43.5661,16.1304,-53.0435,2.3,0
trayectoria,15.79,2,442.837,385.577,-38.416,130,1.2,1
trayectoria,15.79,3,305.938,199.672,-119,110,0.8,0
trayectoria,15.8,0,285.762,38.2916,-11.0303,-0.606061,3.3,1
trayectoria,15.8,1,353.795,43.5661,16.1304,-53.0435,2.3,0
trayectoria,15.8,2,442.453,386.877,-38.416,130,1.2,1
trayectoria,15.8,3,305.938,199.672,-119,110,0.8,0
trayectoria,15.81,0,285.652,38.2855,-11.0303,-0.606061,3.3,1
trayectoria,15.81,1,353.795,43.5661,16.1304,-53.0435,2.3,0
trayectoria,15.81,2,442.069,388.177,-38.416,130,1.2,1
trayectoria,15.81,3,305.938,199.672,-119,110,0.8,0
trayectoria,15.82,0,285.541,38.2794,-11.0303,-0.606061,3.3,1
trayectoria,15.82,1,353.795,43.5661,16.1304,-53.0435,2.3,0
trayectoria,15.82,2,441.685,389.477,-38.416,130,1.2,1
trayectoria,15.82,3,305.938,199.672,-119,110,0.8,0
trayectoria,15.83,0,285.431,38.2734,-11.0303,-0.606061,3.3,1
trayectoria,15.83,1,353.795,43.5661,16.1304,-53.0435,2.3,0
trayectoria,15.83,2,441.301,390.777,-38.416,130,1.2,1
trayectoria,15.83,3,305.938,199.672,-119,110,0.8,0
trayectoria,15.84,0,285.321,38.2673,-11.0303,-0.606061,3.3,1
trayectoria,15.84,1,353.795,43.5661,16.1304,-53.0435,2.3,0
trayectoria,15.84,2,440.917,392.077,-38.416,130,1.2,1
trayectoria,15.84,3,305.938,199.672,-119,110,0.8,0
trayectoria,15.85,0,285.211,38.2612,-11.0303,-0.606061,3.3,1
trayectoria,15.85,1,353.795,43.5661,16.1304,-53.0435,2.3,0
trayectoria,15.85,2,440.532,393.377,-38.416,130,1.2,1
trayectoria,15.85,3,305.938,199.672,-119,110,0.8,0
trayectoria,15.86,0,285.1,38.2552,-11.0303,-0.606061,3.3,1
trayectoria,15.86,1,353.795,43.5661,16.1304,-53.0435,2.3,0
trayectoria,15.86,2,440.148,394.677,-38.416,130,1.2,1
trayectoria,15.86,3,305.938,199.672,-119,110,0.8,0
trayectoria,15.87,0,284.99,38.2491,-11.0303,-0.606061,3.3,1
trayectoria,15.87,1,353.795,43.5661,16.1304,-53.0435,2.3,0
trayectoria,15.87,2,439.764,395.977,-38.416,130,1.2,1
trayectoria,15.87,3,305.938,199.672,-119,110,0.8,0
trayectoria,15.88,0,284.88,38.2431,-11.0303,-0.606061,3.3,1
trayectoria,15.88,1,353.795,43.5661,16.1304,-53.0435,2.3,0
trayectoria,15.88,2,439.38,397.277,-38.416,130,1.2,1
trayectoria,15.88,3,305.938,199.672,-119,110,0.8,0
trayectoria,15.89,0,284.769,38.237,-11.0303,-0.606061,3.3,1
trayectoria,15.89,1,353.795,43.5661,16.1304,-53.0435,2.3,0
trayectoria,15.89,2,438.996,398.577,-38.416,130,1.2,1
trayectoria,15.89,3,305.938,199.672,-119,110,0.8,0
trayectoria,15.9,0,284.659,38.2309,-11.0303,-0.606061,3.3,1
trayectoria,15.9,1,353.795,43.5661,16.1304,-53.0435,2.3,0
trayectoria,15.9,2,438.612,399.877,-38.416,130,1.2,1
trayectoria,15.9,3,305.938,199.672,-119,110,0.8,0
trayectoria,15.91,0,284.549,38.2249,-11.0303,-0.606061,3.3,1
trayectoria,15.91,1,353.795,43.5661,16.1304,-53.0435,2.3,0
trayectoria,15.91,2,438.227,401.177,-38.416,130,1.2,1
trayectoria,15.91,3,305.938,199.672,-119,110,0.8,0
trayectoria,15.92,0,284.438,38.2188,-11.0303,-0.606061,3.3,1
trayectoria,15.92,1,353.795,43.5661,16.1304,-53.0435,2.3,0
trayectoria,15.92,2,437.843,402.477,-38.416,130,1.2,1
trayectoria,15.92,3,305.938,199.672,-119,110,0.8,0
trayectoria,15.93,0,284.328,38.2128,-11.0303,-0.606061,3.3,1
trayectoria,15.93,1,353.795,43.5661,16.1304,-53.0435,2.3,0
trayectoria,15.93,2,437.459,403.777,-38.416,130,1.2,1
trayectoria,15.93,3,305.938,199.672,-119,110,0.8,0
trayectoria,15.94,0,284.218,38.2067,-11.0303,-0.606061,3.3,1
trayectoria,15.94,1,353.795,43.5661,16.1304,-53.0435,2.3,0
trayectoria,15.94,2,437.075,405.077,-38.416,130,1.2,1
trayectoria,15.94,3,305.938,199.672,-119,110,0.8,0
trayectoria,15.95,0,284.108,38.2006,-11.0303,-0.606061,3.3,1
trayectoria,15.95,1,353.795,43.5661,16.1304,-53.0435,2.3,0
trayectoria,15.95,2,436.691,406.377,-38.416,130,1.2,1
trayectoria,15.95,3,305.938,199.672,-119,110,0.8,0
trayectoria,15.96,0,283.997,38.1946,-11.0303,-0.606061,3.3,1
trayectoria,15.96,1,353.795,43.5661,16.1304,-53.0435,2.3,0
trayectoria,15.96,2,436.307,407.677,-38.416,130,1.2,1
trayectoria,15.96,3,305.938,199.672,-119,110,0.8,0
trayectoria,15.97,0,283.887,38.1885,-11.0303,-0.606061,3.3,1
trayectoria,15.97,1,353.795,43.5661,16.1304,-53.0435,2.3,0
trayectoria,15.97,2,435.922,408.977,-38.416,130,1.2,1
trayectoria,15.97,3,305.938,199.672,-119,110,0.8,0
trayectoria,15.98,0,283.777,38.1825,-11.0303,-0.606061,3.3,1
trayectoria,15.98,1,353.795,43.5661,16.1304,-53.0435,2.3,0
trayectoria,15.98,2,435.538,410.277,-38.416,130,1.2,1
trayectoria,15.98,3,305.938,199.672,-119,110,0.8,0
trayectoria,15.99,0,283.666,38.1764,-11.0303,-0.606061,3.3,1
trayectoria,15.99,1,353.795,43.5661,16.1304,-53.0435,2.3,0
trayectoria,15.99,2,435.154,411.577,-38.416,130,1.2,1
trayectoria,15.99,3,305.938,199.672,-119,110,0.8,0
trayectoria,16,0,283.556,38.1703,-11.0303,-0.606061,3.3,1
trayectoria,16,1,353.795,43.5661,16.1304,-53.0435,2.3,0
trayectoria,16,2,434.77,412.877,-38.416,130,1.2,1
trayectoria,16,3,305.938,199.672,-119,110,0.8,0
trayectoria,16.01,0,283.446,38.1643,-11.0303,-0.606061,3.3,1
trayectoria,16.01,1,353.795,43.5661,16.1304,-53.0435,2.3,0
trayectoria,16.01,2,434.386,414.177,-38.416,130,1.2,1
trayectoria,16.01,3,305.938,199.672,-119,110,0.8,0
trayectoria,16.02,0,283.335,38.1582,-11.0303,-0.606061,3.3,1
trayectoria,16.02,1,353.795,43.5661,16.1304,-53.0435,2.3,0
trayectoria,16.02,2,434.002,415.477,-38.416,130,1.2,1
trayectoria,16.02,3,305.938,199.672,-119,110,0.8,0
trayectoria,16.03,0,283.225,38.1522,-11.0303,-0.606061,3.3,1
trayectoria,16.03,1,353.795,43.5661,16.1304,-53.0435,2.3,0
trayectoria,16.03,2,433.617,416.777,-38.416,130,1.2,1
trayectoria,16.03,3,305.938,199.672,-119,110,0.8,0
trayectoria,16.04,0,283.115,38.1461,-11.0303,-0.606061,3.3,1
trayectoria,16.04,1,353.795,43.5661,16.1304,-53.0435,2.3,0
trayectoria,16.04,2,433.233,418.077,-38.416,130,1.2,1
trayectoria,16.04,3,305.938,199.672,-119,110,0.8,0
trayectoria,16.05,0,283.005,38.14,-11.0303,-0.606061,3.3,1
trayectoria,16.05,1,353.795,43.5661,16.1304,-53.0435,2.3,0
trayectoria,16.05,2,432.849,419.377,-38.416,130,1.2,1
trayectoria,16.05,3,305.938,199.672,-119,110,0.8,0
trayectoria,16.06,0,282.894,38.134,-11.0303,-0.606061,3.3,1
trayectoria,16.06,1,353.795,43.5661,16.1304,-53.0435,2.3,0
trayectoria,16.06,2,432.465,420.677,-38.416,130,1.2,1
trayectoria,16.06,3,305.938,199.672,-119,110,0.8,0
trayectoria,16.07,0,282.784,38.1279,-11.0303,-0.606061,3.3,1
trayectoria,16.07,1,353.795,43.5661,16.1304,-53.0435,2.3,0
trayectoria,16.07,2,432.081,421.977,-38.416,130,1.2,1
trayectoria,16.07,3,305.938,199.672,-119,110,0.8,0
trayectoria,16.08,0,282.674,38.1219,-11.0303,-0.606061,3.3,1
trayectoria,16.08,1,353.795,43.5661,16.1304,-53.0435,2.3,0
trayectoria,16.08,2,431.697,423.277,-38.416,130,1.2,1
trayectoria,16.08,3,305.938,199.672,-119,110,0.8,0
trayectoria,16.09,0,282.563,38.1158,-11.0303,-0.606061,3.3,1
trayectoria,16.09,1,353.795,43.5661,16.1304,-53.0435,2.3,0
trayectoria,16.09,2,431.313,424.577,-38.416,130,1.2,1
trayectoria,16.09,3,305.938,199.672,-119,110,0.8,0
trayectoria,16.1,0,282.453,38.1097,-11.0303,-0.606061,3.3,1
trayectoria,16.1,1,353.795,43.5661,16.1304,-53.0435,2.3,0
trayectoria,16.1,2,430.928,425.877,-38.416,130,1.2,1
trayectoria,16.1,3,305.938,199.672,-119,110,0.8,0
trayectoria,16.11,0,282.343,38.1037,-11.0303,-0.606061,3.3,1
trayectoria,16.11,1,353.795,43.5661,16.1304,-53.0435,2.3,0
trayectoria,16.11,2,430.544,427.177,-38.416,130,1.2,1
trayectoria,16.11,3,305.938,199.672,-119,110,0.8,0
trayectoria,16.12,0,282.232,38.0976,-11.0303,-0.606061,3.3,1
trayectoria,16.12,1,353.795,43.5661,16.1304,-53.0435,2.3,0
trayectoria,16.12,2,430.16,428.477,-38.416,130,1.2,1
trayectoria,16.12,3,305.938,199.672,-119,110,0.8,0
trayectoria,16.13,0,282.122,38.0916,-11.0303,-0.606061,3.3,1
trayectoria,16.13,1,353.795,43.5661,16.1304,-53.0435,2.3,0
trayectoria,16.13,2,429.776,429.777,-38.416,130,1.2,1
trayectoria,16.13,3,305.938,199.672,-119,110,0.8,0
trayectoria,16.14,0,282.012,38.0855,-11.0303,-0.606061,3.3,1
trayectoria,16.14,1,353.795,43.5661,16.1304,-53.0435,2.3,0
trayectoria,16.14,2,429.392,431.077,-38.416,130,1.2,1
trayectoria,16.14,3,305.938,199.672,-119,110,0.8,0
trayectoria,16.15,0,281.901,38.0794,-11.0303,-0.606061,3.3,1
trayectoria,16.15,1,353.795,43.5661,16.1304,-53.0435,2.3,0
trayectoria,16.15,2,429.008,432.377,-38.416,130,1.2,1
trayectoria,16.15,3,305.938,199.672,-119,110,0.8,0
trayectoria,16.16,0,281.791,38.0734,-11.0303,-0.606061,3.3,1
trayectoria,16.16,1,353.795,43.5661,16.1304,-53.0435,2.3,0
trayectoria,16.16,2,428.623,433.677,-38.416,130,1.2,1
trayectoria,16.16,3,305.938,199.672,-119,110,0.8,0
trayectoria,16.17,0,281.681,38.0673,-11.0303,-0.606061,3.3,1
trayectoria,16.17,1,353.795,43.5661,16.1304,-53.0435,2.3,0
trayectoria,16.17,2,428.239,434.977,-38.416,130,1.2,1
trayectoria,16.17,3,305.938,199.672,-119,110,0.8,0
trayectoria,16.18,0,281.571,38.0612,-11.0303,-0.606061,3.3,1
trayectoria,16.18,1,353.795,43.5661,16.1304,-53.0435,2.3,0
trayectoria,16.18,2,427.855,436.277,-38.416,130,1.2,1
trayectoria,16.18,3,305.938,199.672,-119,110,0.8,0
trayectoria,16.19,0,281.46,38.0552,-11.0303,-0.606061,3.3,1
trayectoria,16.19,1,353.795,43.5661,16.1304,-53.0435,2.3,0
trayectoria,16.19,2,427.471,437.577,-38.416,130,1.2,1
trayectoria,16.19,3,305.938,199.672,-119,110,0.8,0
trayectoria,16.2,0,281.35,38.0491,-11.0303,-0.606061,3.3,1
trayectoria,16.2,1,353.795,43.5661,16.1304,-53.0435,2.3,0
trayectoria,16.2,2,427.087,438.877,-38.416,130,1.2,1
trayectoria,16.2,3,305.938,199.672,-119,110,0.8,0
trayectoria,16.21,0,281.24,38.0431,-11.0303,-0.606061,3.3,1
trayectoria,16.21,1,353.795,43.5661,16.1304,-53.0435,2.3,0
trayectoria,16.21,2,426.703,440.177,-38.416,130,1.2,1
trayectoria,16.21,3,305.938,199.672,-119,110,0.8,0
trayectoria,16.22,0,281.129,38.037,-11.0303,-0.606061,3.3,1
trayectoria,16.22,1,353.795,43.5661,16.1304,-53.0435,2.3,0
trayectoria,16.22,2,426.318,441.477,-38.416,130,1.2,1
trayectoria,16.22,3,305.938,199.672,-119,110,0.8,0
trayectoria,16.23,0,281.019,38.0309,-11.0303,-0.606061,3.3,1
trayectoria,16.23,1,353.795,43.5661,16.1304,-53.0435,2.3,0
trayectoria,16.23,2,425.934,442.777,-38.416,130,1.2,1
trayectoria,16.23,3,305.938,199.672,-119,110,0.8,0
trayectoria,16.24,0,280.909,38.0249,-11.0303,-0.606061,3.3,1
trayectoria,16.24,1,353.795,43.5661,16.1304,-53.0435,2.3,0
trayectoria,16.24,2,425.55,444.077,-38.416,130,1.2,1
trayectoria,16.24,3,305.938,199.672,-119,110,0.8,0
trayectoria,16.25,0,280.798,38.0188,-11.0303,-0.606061,3.3,1
trayectoria,16.25,1,353.795,43.5661,16.1304,-53.0435,2.3,0
trayectoria,16.25,2,425.166,445.377,-38.416,130,1.2,1
trayectoria,16.25,3,305.938,199.672,-119,110,0.8,0
trayectoria,16.26,0,280.688,38.0128,-11.0303,-0.606061,3.3,1
trayectoria,16.26,1,353.795,43.5661,16.1304,-53.0435,2.3,0
trayectoria,16.26,2,424.782,446.677,-38.416,130,1.2,1
trayectoria,16.26,3,305.938,199.672,-119,110,0.8,0
trayectoria,16.27,0,280.578,38.0067,-11.0303,-0.606061,3.3,1
trayectoria,16.27,1,353.795,43.5661,16.1304,-53.0435,2.3,0
trayectoria,16.27,2,424.398,447.977,-38.416,130,1.2,1
trayectoria,16.27,3,305.938,199.672,-119,110,0.8,0
trayectoria,16.28,0,280.468,38.0006,-11.0303,-0.606061,3.3,1
trayectoria,16.28,1,353.795,43.5661,16.1304,-53.0435,2.3,0
trayectoria,16.28,2,424.013,449.277,-38.416,130,1.2,1
trayectoria,16.28,3,305.938,199.672,-119,110,0.8,0
trayectoria,16.29,0,280.357,37.9946,-11.0303,-0.606061,3.3,1
trayectoria,16.29,1,353.795,43.5661,16.1304,-53.0435,2.3,0
trayectoria,16.29,2,423.629,450.577,-38.416,130,1.2,1
trayectoria,16.29,3,305.938,199.672,-119,110,0.8,0
trayectoria,16.3,0,280.247,37.9885,-11.0303,-0.606061,3.3,1
trayectoria,16.3,1,353.795,43.5661,16.1304,-53.0435,2.3,0
trayectoria,16.3,2,423.245,451.877,-38.416,130,1.2,1
trayectoria,16.3,3,305.938,199.672,-119,110,0.8,0
trayectoria,16.31,0,280.137,37.9825,-11.0303,-0.606061,3.3,1
trayectoria,16.31,1,353.795,43.5661,16.1304,-53.0435,2.3,0
trayectoria,16.31,2,422.861,453.177,-38.416,130,1.2,1
trayectoria,16.31,3,305.938,199.672,-119,110,0.8,0
trayectoria,16.32,0,280.026,37.9764,-11.0303,-0.606061,3.3,1
trayectoria,16.32,1,353.795,43.5661,16.1304,-53.0435,2.3,0
trayectoria,16.32,2,422.477,454.477,-38.416,130,1.2,1
trayectoria,16.32,3,305.938,199.672,-119,110,0.8,0
trayectoria,16.33,0,279.916,37.9703,-11.0303,-0.606061,3.3,1
trayectoria,16.33,1,353.795,43.5661,16.1304,-53.0435,2.3,0
trayectoria,16.33,2,422.093,455.777,-38.416,130,1.2,1
trayectoria,16.33,3,305.938,199.672,-119,110,0.8,0
trayectoria,16.34,0,279.806,37.9643,-11.0303,-0.606061,3.3,1
trayectoria,16.34,1,353.795,43.5661,16.1304,-53.0435,2.3,0
trayectoria,16.34,2,421.709,457.077,-38.416,130,1.2,1
trayectoria,16.34,3,305.938,199.672,-119,110,0.8,0
trayectoria,16.35,0,279.695,37.9582,-11.0303,-0.606061,3.3,1
trayectoria,16.35,1,353.795,43.5661,16.1304,-53.0435,2.3,0
trayectoria,16.35,2,421.324,458.377,-38.416,130,1.2,1
trayectoria,16.35,3,305.938,199.672,-119,110,0.8,0
trayectoria,16.36,0,279.585,37.9522,-11.0303,-0.606061,3.3,1
trayectoria,16.36,1,353.795,43.5661,16.1304,-53.0435,2.3,0
trayectoria,16.36,2,420.94,459.677,-38.416,130,1.2,1
trayectoria,16.36,3,305.938,199.672,-119,110,0.8,0
trayectoria,16.37,0,279.475,37.9461,-11.0303,-0.606061,3.3,1
trayectoria,16.37,1,353.795,43.5661,16.1304,-53.0435,2.3,0
trayectoria,16.37,2,420.556,460.977,-38.416,130,1.2,1
trayectoria,16.37,3,305.938,199.672,-119,110,0.8,0
trayectoria,16.38,0,279.365,37.94,-11.0303,-0.606061,3.3,1
trayectoria,16.38,1,353.795,43.5661,16.1304,-53.0435,2.3,0
trayectoria,16.38,2,420.172,462.277,-38.416,130,1.2,1
trayectoria,16.38,3,305.938,199.672,-119,110,0.8,0
trayectoria,16.39,0,279.254,37.934,-11.0303,-0.606061,3.3,1
trayectoria,16.39,1,353.795,43.5661,16.1304,-53.0435,2.3,0
trayectoria,16.39,2,419.788,463.577,-38.416,130,1.2,1
trayectoria,16.39,3,305.938,199.672,-119,110,0.8,0
trayectoria,16.4,0,279.144,37.9279,-11.0303,-0.606061,3.3,1
trayectoria,16.4,1,353.795,43.5661,16.1304,-53.0435,2.3,0
trayectoria,16.4,2,419.404,464.877,-38.416,130,1.2,1
trayectoria,16.4,3,305.938,199.672,-119,110,0.8,0
trayectoria,16.41,0,279.034,37.9219,-11.0303,-0.606061,3.3,1
trayectoria,16.41,1,353.795,43.5661,16.1304,-53.0435,2.3,0
trayectoria,16.41,2,419.019,466.177,-38.416,130,1.2,1
trayectoria,16.41,3,305.938,199.672,-119,110,0.8,0
trayectoria,16.42,0,278.923,37.9158,-11.0303,-0.606061,3.3,1
trayectoria,16.42,1,353.795,43.5661,16.1304,-53.0435,2.3,0
trayectoria,16.42,2,418.635,467.477,-38.416,130,1.2,1
trayectoria,16.42,3,305.938,199.672,-119,110,0.8,0
trayectoria,16.43,0,278.813,37.9097,-11.0303,-0.606061,3.3,1
trayectoria,16.43,1,353.795,43.5661,16.1304,-53.0435,2.3,0
trayectoria,16.43,2,418.251,468.777,-38.416,130,1.2,1
trayectoria,16.43,3,305.938,199.672,-119,110,0.8,0
trayectoria,16.44,0,278.703,37.9037,-11.0303,-0.606061,3.3,1
trayectoria,16.44,1,353.795,43.5661,16.1304,-53.0435,2.3,0
trayectoria,16.44,2,417.867,470.077,-38.416,130,1.2,1
trayectoria,16.44,3,305.938,199.672,-119,110,0.8,0
trayectoria,16.45,0,278.592,37.8976,-11.0303,-0.606061,3.3,1
trayectoria,16.45,1,353.795,43.5661,16.1304,-53.0435,2.3,0
trayectoria,16.45,2,417.483,471.377,-38.416,130,1.2,1
trayectoria,16.45,3,305.938,199.672,-119,110,0.8,0
trayectoria,16.46,0,278.482,37.8916,-11.0303,-0.606061,3.3,1
trayectoria,16.46,1,353.795,43.5661,16.1304,-53.0435,2.3,0
trayectoria,16.46,2,417.099,472.677,-38.416,130,1.2,1
trayectoria,16.46,3,305.938,199.672,-119,110,0.8,0
trayectoria,16.47,0,278.372,37.8855,-11.0303,-0.606061,3.3,1
trayectoria,16.47,1,353.795,43.5661,16.1304,-53.0435,2.3,0
trayectoria,16.47,2,416.714,473.977,-38.416,130,1.2,1
trayectoria,16.47,3,305.938,199.672,-119,110,0.8,0
trayectoria,16.48,0,278.261,37.8794,-11.0303,-0.606061,3.3,1
trayectoria,16.48,1,353.795,43.5661,16.1304,-53.0435,2.3,0
trayectoria,16.48,2,416.33,475.277,-38.416,130,1.2,1
trayectoria,16.48,3,305.938,199.672,-119,110,0.8,0
trayectoria,16.49,0,278.151,37.8734,-11.0303,-0.606061,3.3,1
trayectoria,16.49,1,353.795,43.5661,16.1304,-53.0435,2.3,0
trayectoria,16.49,2,415.946,476.577,-38.416,130,1.2,1
trayectoria,16.49,3,305.938,199.672,-119,110,0.8,0
trayectoria,16.5,0,278.041,37.8673,-11.0303,-0.606061,3.3,1
trayectoria,16.5,1,353.795,43.5661,16.1304,-53.0435,2.3,0
trayectoria,16.5,2,415.562,477.877,-38.416,130,1.2,1
trayectoria,16.5,3,305.938,199.672,-119,110,0.8,0
trayectoria,16.51,0,277.931,37.8612,-11.0303,-0.606061,3.3,1
trayectoria,16.51,1,353.795,43.5661,16.1304,-53.0435,2.3,0
trayectoria,16.51,2,415.178,479.177,-38.416,130,1.2,1
trayectoria,16.51,3,305.938,199.672,-119,110,0.8,0
trayectoria,16.52,0,277.82,37.8552,-11.0303,-0.606061,3.3,1
trayectoria,16.52,1,353.795,43.5661,16.1304,-53.0435,2.3,0
trayectoria,16.52,2,414.794,480.477,-38.416,130,1.2,1
trayectoria,16.52,3,305.938,199.672,-119,110,0.8,0
trayectoria,16.53,0,277.71,37.8491,-11.0303,-0.606061,3.3,1
trayectoria,16.53,1,353.795,43.5661,16.1304,-53.0435,2.3,0
trayectoria,16.53,2,414.409,481.777,-38.416,130,1.2,1
trayectoria,16.53,3,305.938,199.672,-119,110,0.8,0
trayectoria,16.54,0,277.6,37.8431,-11.0303,-0.606061,3.3,1
trayectoria,16.54,1,353.795,43.5661,16.1304,-53.0435,2.3,0
trayectoria,16.54,2,414.025,483.077,-38.416,130,1.2,1
trayectoria,16.54,3,305.938,199.672,-119,110,0.8,0
trayectoria,16.55,0,277.489,37.837,-11.0303,-0.606061,3.3,1
trayectoria,16.55,1,353.795,43.5661,16.1304,-53.0435,2.3,0
trayectoria,16.55,2,413.641,484.377,-38.416,130,1.2,1
trayectoria,16.55,3,305.938,199.672,-119,110,0.8,0
trayectoria,16.56,0,277.379,37.8309,-11.0303,-0.606061,3.3,1
trayectoria,16.56,1,353.795,43.5661,16.1304,-53.0435,2.3,0
trayectoria,16.56,2,413.257,485.677,-38.416,130,1.2,1
trayectoria,16.56,3,305.938,199.672,-119,110,0.8,0
trayectoria,16.57,0,277.269,37.8249,-11.0303,-0.606061,3.3,1
trayectoria,16.57,1,353.795,43.5661,16.1304,-53.0435,2.3,0
trayectoria,16.57,2,412.873,486.977,-38.416,130,1.2,1
trayectoria,16.57,3,305.938,199.672,-119,110,0.8,0
trayectoria,16.58,0,277.158,37.8188,-11.0303,-0.606061,3.3,1
trayectoria,16.58,1,353.795,43.5661,16.1304,-53.0435,2.3,0
trayectoria,16.58,2,412.489,488.277,-38.416,130,1.2,1
trayectoria,16.58,3,305.938,199.672,-119,110,0.8,0
trayectoria,16.59,0,277.048,37.8128,-11.0303,-0.606061,3.3,1
trayectoria,16.59,1,353.795,43.5661,16.1304,-53.0435,2.3,0
trayectoria,16.59,2,412.105,489.577,-38.416,130,1.2,1
trayectoria,16.59,3,305.938,199.672,-119,110,0.8,0
trayectoria,16.6,0,276.938,37.8067,-11.0303,-0.606061,3.3,1
trayectoria,16.6,1,353.795,43.5661,16.1304,-53.0435,2.3,0
trayectoria,16.6,2,411.72,490.877,-38.416,130,1.2,1
trayectoria,16.6,3,305.938,199.672,-119,110,0.8,0
trayectoria,16.61,0,276.828,37.8006,-11.0303,-0.606061,3.3,1
trayectoria,16.61,1,353.795,43.5661,16.1304,-53.0435,2.3,0
trayectoria,16.61,2,411.336,492.177,-38.416,130,1.2,1
trayectoria,16.61,3,305.938,199.672,-119,110,0.8,0
trayectoria,16.62,0,276.717,37.7946,-11.0303,-0.606061,3.3,1
trayectoria,16.62,1,353.795,43.5661,16.1304,-53.0435,2.3,0
trayectoria,16.62,2,410.952,493.477,-38.416,130,1.2,1
trayectoria,16.62,3,305.938,199.672,-119,110,0.8,0
trayectoria,16.63,0,276.607,37.7885,-11.0303,-0.606061,3.3,1
trayectoria,16.63,1,353.795,43.5661,16.1304,-53.0435,2.3,0
trayectoria,16.63,2,410.568,494.777,-38.416,130,1.2,1
trayectoria,16.63,3,305.938,199.672,-119,110,0.8,0
trayectoria,16.64,0,276.497,37.7825,-11.0303,-0.606061,3.3,1
trayectoria,16.64,1,353.795,43.5661,16.1304,-53.0435,2.3,0
trayectoria,16.64,2,410.184,496.077,-38.416,130,1.2,1
trayectoria,16.64,3,305.938,199.672,-119,110,0.8,0
trayectoria,16.65,0,276.386,37.7764,-11.0303,-0.606061,3.3,1
trayectoria,16.65,1,353.795,43.5661,16.1304,-53.0435,2.3,0
trayectoria,16.65,2,409.8,497.377,-38.416,130,1.2,1
trayectoria,16.65,3,305.938,199.672,-119,110,0.8,0
trayectoria,16.66,0,276.276,37.7703,-11.0303,-0.606061,3.3,1
trayectoria,16.66,1,353.795,43.5661,16.1304,-53.0435,2.3,0
trayectoria,16.66,2,409.415,498.677,-38.416,130,1.2,1
trayectoria,16.66,3,305.938,199.672,-119,110,0.8,0
trayectoria,16.67,0,276.166,37.7643,-11.0303,-0.606061,3.3,1
trayectoria,16.67,1,353.795,43.5661,16.1304,-53.0435,2.3,0
trayectoria,16.67,2,409.031,499.977,-38.416,130,1.2,1
trayectoria,16.67,3,305.938,199.672,-119,110,0.8,0
trayectoria,16.68,0,276.055,37.7582,-11.0303,-0.606061,3.3,1
trayectoria,16.68,1,353.795,43.5661,16.1304,-53.0435,2.3,0
trayectoria,16.68,2,408.647,501.277,-38.416,130,1.2,1
trayectoria,16.68,3,305.938,199.672,-119,110,0.8,0
trayectoria,16.69,0,275.945,37.7522,-11.0303,-0.606061,3.3,1
trayectoria,16.69,1,353.795,43.5661,16.1304,-53.0435,2.3,0
trayectoria,16.69,2,408.263,502.577,-38.416,130,1.2,1
trayectoria,16.69,3,305.938,199.672,-119,110,0.8,0
trayectoria,16.7,0,275.835,37.7461,-11.0303,-0.606061,3.3,1
trayectoria,16.7,1,353.795,43.5661,16.1304,-53.0435,2.3,0
trayectoria,16.7,2,407.879,503.877,-38.416,130,1.2,1
trayectoria,16.7,3,305.938,199.672,-119,110,0.8,0
trayectoria,16.71,0,275.725,37.74,-11.0303,-0.606061,3.3,1
trayectoria,16.71,1,353.795,43.5661,16.1304,-53.0435,2.3,0
trayectoria,16.71,2,407.495,505.177,-38.416,130,1.2,1
trayectoria,16.71,3,305.938,199.672,-119,110,0.8,0
trayectoria,16.72,0,275.614,37.734,-11.0303,-0.606061,3.3,1
trayectoria,16.72,1,353.795,43.5661,16.1304,-53.0435,2.3,0
trayectoria,16.72,2,407.11,506.477,-38.416,130,1.2,1
trayectoria,16.72,3,305.938,199.672,-119,110,0.8,0
trayectoria,16.73,0,275.504,37.7279,-11.0303,-0.606061,3.3,1
trayectoria,16.73,1,353.795,43.5661,16.1304,-53.0435,2.3,0
trayectoria,16.73,2,406.726,507.777,-38.416,130,1.2,1
trayectoria,16.73,3,305.938,199.672,-119,110,0.8,0
trayectoria,16.74,0,275.394,37.7219,-11.0303,-0.606061,3.3,1
trayectoria,16.74,1,353.795,43.5661,16.1304,-53.0435,2.3,0
trayectoria,16.74,2,406.342,509.077,-38.416,130,1.2,1
trayectoria,16.74,3,305.938,199.672,-119,110,0.8,0
trayectoria,16.75,0,275.283,37.7158,-11.0303,-0.606061,3.3,1
trayectoria,16.75,1,353.795,43.5661,16.1304,-53.0435,2.3,0
trayectoria,16.75,2,405.958,510.377,-38.416,130,1.2,1
trayectoria,16.75,3,305.938,199.672,-119,110,0.8,0
trayectoria,16.76,0,275.173,37.7097,-11.0303,-0.606061,3.3,1
trayectoria,16.76,1,353.795,43.5661,16.1304,-53.0435,2.3,0
trayectoria,16.76,2,405.574,511.677,-38.416,130,1.2,1
trayectoria,16.76,3,305.938,199.672,-119,110,0.8,0
trayectoria,16.77,0,275.063,37.7037,-11.0303,-0.606061,3.3,1
trayectoria,16.77,1,353.795,43.5661,16.1304,-53.0435,2.3,0
trayectoria,16.77,2,405.19,512.977,-38.416,130,1.2,1
trayectoria,16.77,3,305.938,199.672,-119,110,0.8,0
trayectoria,16.78,0,274.952,37.6976,-11.0303,-0.606061,3.3,1
trayectoria,16.78,1,353.795,43.5661,16.1304,-53.0435,2.3,0
trayectoria,16.78,2,404.805,514.277,-38.416,130,1.2,1
trayectoria,16.78,3,305.938,199.672,-119,110,0.8,0
trayectoria,16.79,0,274.842,37.6916,-11.0303,-0.606061,3.3,1
trayectoria,16.79,1,353.795,43.5661,16.1304,-53.0435,2.3,0
trayectoria,16.79,2,404.421,515.577,-38.416,130,1.2,1
trayectoria,16.79,3,305.938,199.672,-119,110,0.8,0
trayectoria,16.8,0,274.732,37.6855,-11.0303,-0.606061,3.3,1
trayectoria,16.8,1,353.795,43.5661,16.1304,-53.0435,2.3,0
trayectoria,16.8,2,404.037,516.877,-38.416,130,1.2,1
trayectoria,16.8,3,305.938,199.672,-119,110,0.8,0
trayectoria,16.81,0,274.621,37.6794,-11.0303,-0.606061,3.3,1
trayectoria,16.81,1,353.795,43.5661,16.1304,-53.0435,2.3,0
trayectoria,16.81,2,403.653,518.177,-38.416,130,1.2,1
trayectoria,16.81,3,305.938,199.672,-119,110,0.8,0
trayectoria,16.82,0,274.511,37.6734,-11.0303,-0.606061,3.3,1
trayectoria,16.82,1,353.795,43.5661,16.1304,-53.0435,2.3,0
trayectoria,16.82,2,403.269,519.477,-38.416,130,1.2,1
trayectoria,16.82,3,305.938,199.672,-119,110,0.8,0
trayectoria,16.83,0,274.401,37.6673,-11.0303,-0.606061,3.3,1
trayectoria,16.83,1,353.795,43.5661,16.1304,-53.0435,2.3,0
trayectoria,16.83,2,402.885,520.777,-38.416,130,1.2,1
trayectoria,16.83,3,305.938,199.672,-119,110,0.8,0
trayectoria,16.84,0,274.291,37.6612,-11.0303,-0.606061,3.3,1
trayectoria,16.84,1,353.795,43.5661,16.1304,-53.0435,2.3,0
trayectoria,16.84,2,402.501,522.077,-38.416,130,1.2,1
trayectoria,16.84,3,305.938,199.672,-119,110,0.8,0
trayectoria,16.85,0,274.18,37.6552,-11.0303,-0.606061,3.3,1
trayectoria,16.85,1,353.795,43.5661,16.1304,-53.0435,2.3,0
trayectoria,16.85,2,402.116,523.377,-38.416,130,1.2,1
trayectoria,16.85,3,305.938,199.672,-119,110,0.8,0
trayectoria,16.86,0,274.07,37.6491,-11.0303,-0.606061,3.3,1
trayectoria,16.86,1,353.795,43.5661,16.1304,-53.0435,2.3,0
trayectoria,16.86,2,401.732,524.677,-38.416,130,1.2,1
trayectoria,16.86,3,305.938,199.672,-119,110,0.8,0
trayectoria,16.87,0,273.96,37.6431,-11.0303,-0.606061,3.3,1
trayectoria,16.87,1,353.795,43.5661,16.1304,-53.0435,2.3,0
trayectoria,16.87,2,401.348,525.977,-38.416,130,1.2,1
trayectoria,16.87,3,305.938,199.672,-119,110,0.8,0
trayectoria,16.88,0,273.849,37.637,-11.0303,-0.606061,3.3,1
trayectoria,16.88,1,353.795,43.5661,16.1304,-53.0435,2.3,0
trayectoria,16.88,2,400.964,527.277,-38.416,130,1.2,1
trayectoria,16.88,3,305.938,199.672,-119,110,0.8,0
trayectoria,16.89,0,273.739,37.6309,-11.0303,-0.606061,3.3,1
trayectoria,16.89,1,353.795,43.5661,16.1304,-53.0435,2.3,0
trayectoria,16.89,2,400.58,528.577,-38.416,130,1.2,1
trayectoria,16.89,3,305.938,199.672,-119,110,0.8,0
trayectoria,16.9,0,273.629,37.6249,-11.0303,-0.606061,3.3,1
trayectoria,16.9,1,353.795,43.5661,16.1304,-53.0435,2.3,0
trayectoria,16.9,2,400.196,529.877,-38.416,130,1.2,1
trayectoria,16.9,3,305.938,199.672,-119,110,0.8,0
trayectoria,16.91,0,273.518,37.6188,-11.0303,-0.606061,3.3,1
trayectoria,16.91,1,353.795,43.5661,16.1304,-53.0435,2.3,0
trayectoria,16.91,2,399.811,531.177,-38.416,130,1.2,1
trayectoria,16.91,3,305.938,199.672,-119,110,0.8,0
trayectoria,16.92,0,273.408,37.6128,-11.0303,-0.606061,3.3,1
trayectoria,16.92,1,353.795,43.5661,16.1304,-53.0435,2.3,0
trayectoria,16.92,2,399.427,532.477,-38.416,130,1.2,1
trayectoria,16.92,3,305.938,199.672,-119,110,0.8,0
trayectoria,16.93,0,273.298,37.6067,-11.0303,-0.606061,3.3,1
trayectoria,16.93,1,353.795,43.5661,16.1304,-53.0435,2.3,0
trayectoria,16.93,2,399.043,533.777,-38.416,130,1.2,1
trayectoria,16.93,3,305.938,199.672,-119,110,0.8,0
trayectoria,16.94,0,273.188,37.6006,-11.0303,-0.606061,3.3,1
trayectoria,16.94,1,353.795,43.5661,16.1304,-53.0435,2.3,0
trayectoria,16.94,2,398.659,535.077,-38.416,130,1.2,1
trayectoria,16.94,3,305.938,199.672,-119,110,0.8,0
trayectoria,16.95,0,273.077,37.5946,-11.0303,-0.606061,3.3,1
trayectoria,16.95,1,353.795,43.5661,16.1304,-53.0435,2.3,0
trayectoria,16.95,2,398.275,536.377,-38.416,130,1.2,1
trayectoria,16.95,3,305.938,199.672,-119,110,0.8,0
trayectoria,16.96,0,272.967,37.5885,-11.0303,-0.606061,3.3,1
trayectoria,16.96,1,353.795,43.5661,16.1304,-53.0435,2.3,0
trayectoria,16.96,2,397.891,537.677,-38.416,130,1.2,1
trayectoria,16.96,3,305.938,199.672,-119,110,0.8,0
trayectoria,16.97,0,272.857,37.5825,-11.0303,-0.606061,3.3,1
trayectoria,16.97,1,353.795,43.5661,16.1304,-53.0435,2.3,0
trayectoria,16.97,2,397.506,538.977,-38.416,130,1.2,1
trayectoria,16.97,3,305.938,199.672,-119,110,0.8,0
trayectoria,16.98,0,272.746,37.5764,-11.0303,-0.606061,3.3,1
trayectoria,16.98,1,353.795,43.5661,16.1304,-53.0435,2.3,0
trayectoria,16.98,2,397.122,540.277,-38.416,130,1.2,1
trayectoria,16.98,3,305.938,199.672,-119,110,0.8,0
trayectoria,16.99,0,272.636,37.5703,-11.0303,-0.606061,3.3,1
trayectoria,16.99,1,353.795,43.5661,16.1304,-53.0435,2.3,0
trayectoria,16.99,2,396.738,541.577,-38.416,130,1.2,1
trayectoria,16.99,3,305.938,199.672,-119,110,0.8,0
trayectoria,17,0,272.526,37.5643,-11.0303,-0.606061,3.3,1
trayectoria,17,1,353.795,43.5661,16.1304,-53.0435,2.3,0
trayectoria,17,2,396.354,542.877,-38.416,130,1.2,1
trayectoria,17,3,305.938,199.672,-119,110,0.8,0
trayectoria,17.01,0,272.415,37.5582,-11.0303,-0.606061,3.3,1
trayectoria,17.01,1,353.795,43.5661,16.1304,-53.0435,2.3,0
trayectoria,17.01,2,395.97,544.177,-38.416,130,1.2,1
trayectoria,17.01,3,305.938,199.672,-119,110,0.8,0
trayectoria,17.02,0,272.305,37.5522,-11.0303,-0.606061,3.3,1
trayectoria,17.02,1,353.795,43.5661,16.1304,-53.0435,2.3,0
trayectoria,17.02,2,395.586,545.477,-38.416,130,1.2,1
trayectoria,17.02,3,305.938,199.672,-119,110,0.8,0
trayectoria,17.03,0,272.195,37.5461,-11.0303,-0.606061,3.3,1
trayectoria,17.03,1,353.795,43.5661,16.1304,-53.0435,2.3,0
trayectoria,17.03,2,395.201,546.777,-38.416,130,1.2,1
trayectoria,17.03,3,305.938,199.672,-119,110,0.8,0
trayectoria,17.04,0,272.085,37.54,-11.0303,-0.606061,3.3,1
trayectoria,17.04,1,353.795,43.5661,16.1304,-53.0435,2.3,0
trayectoria,17.04,2,394.817,548.077,-38.416,130,1.2,1
trayectoria,17.04,3,305.938,199.672,-119,110,0.8,0
trayectoria,17.05,0,271.974,37.534,-11.0303,-0.606061,3.3,1
trayectoria,17.05,1,353.795,43.5661,16.1304,-53.0435,2.3,0
trayectoria,17.05,2,394.433,549.377,-38.416,130,1.2,1
trayectoria,17.05,3,305.938,199.672,-119,110,0.8,0
trayectoria,17.06,0,271.864,37.5279,-11.0303,-0.606061,3.3,1
trayectoria,17.06,1,353.795,43.5661,16.1304,-53.0435,2.3,0
trayectoria,17.06,2,394.049,550.677,-38.416,130,1.2,1
trayectoria,17.06,3,305.938,199.672,-119,110,0.8,0
trayectoria,17.07,0,271.754,37.5219,-11.0303,-0.606061,3.3,1
trayectoria,17.07,1,353.795,43.5661,16.1304,-53.0435,2.3,0
trayectoria,17.07,2,393.665,551.977,-38.416,130,1.2,1
trayectoria,17.07,3,305.938,199.672,-119,110,0.8,0
trayectoria,17.08,0,271.643,37.5158,-11.0303,-0.606061,3.3,1
trayectoria,17.08,1,353.795,43.5661,16.1304,-53.0435,2.3,0
trayectoria,17.08,2,393.281,553.277,-38.416,130,1.2,1
trayectoria,17.08,3,305.938,199.672,-119,110,0.8,0
trayectoria,17.09,0,271.533,37.5097,-11.0303,-0.606061,3.3,1
trayectoria,17.09,1,353.795,43.5661,16.1304,-53.0435,2.3,0
trayectoria,17.09,2,392.897,554.577,-38.416,130,1.2,1
trayectoria,17.09,3,305.938,199.672,-119,110,0.8,0
trayectoria,17.1,0,271.423,37.5037,-11.0303,-0.606061,3.3,1
trayectoria,17.1,1,353.795,43.5661,16.1304,-53.0435,2.3,0
trayectoria,17.1,2,392.512,555.877,-38.416,130,1.2,1
trayectoria,17.1,3,305.938,199.672,-119,110,0.8,0
trayectoria,17.11,0,271.312,37.4976,-11.0303,-0.606061,3.3,1
trayectoria,17.11,1,353.795,43.5661,16.1304,-53.0435,2.3,0
trayectoria,17.11,2,392.128,557.177,-38.416,130,1.2,1
trayectoria,17.11,3,305.938,199.672,-119,110,0.8,0
trayectoria,17.12,0,271.202,37.4916,-11.0303,-0.606061,3.3,1
trayectoria,17.12,1,353.795,43.5661,16.1304,-53.0435,2.3,0
trayectoria,17.12,2,391.744,558.477,-38.416,130,1.2,1
trayectoria,17.12,3,305.938,199.672,-119,110,0.8,0
trayectoria,17.13,0,271.092,37.4855,-11.0303,-0.606061,3.3,1
trayectoria,17.13,1,353.795,43.5661,16.1304,-53.0435,2.3,0
trayectoria,17.13,2,391.36,559.777,-38.416,130,1.2,1
trayectoria,17.13,3,305.938,199.672,-119,110,0.8,0
trayectoria,17.14,0,270.981,37.4794,-11.0303,-0.606061,3.3,1
trayectoria,17.14,1,353.795,43.5661,16.1304,-53.0435,2.3,0
trayectoria,17.14,2,390.976,561.077,-38.416,130,1.2,1
trayectoria,17.14,3,305.938,199.672,-119,110,0.8,0
trayectoria,17.15,0,270.871,37.4734,-11.0303,-0.606061,3.3,1
trayectoria,17.15,1,353.795,43.5661,16.1304,-53.0435,2.3,0
trayectoria,17.15,2,390.592,562.377,-38.416,130,1.2,1
trayectoria,17.15,3,305.938,199.672,-119,110,0.8,0
trayectoria,17.16,0,270.761,37.4673,-11.0303,-0.606061,3.3,1
trayectoria,17.16,1,353.795,43.5661,16.1304,-53.0435,2.3,0
trayectoria,17.16,2,390.207,563.677,-38.416,130,1.2,1
trayectoria,17.16,3,305.938,199.672,-119,110,0.8,0
trayectoria,17.17,0,270.651,37.4612,-11.0303,-0.606061,3.3,1
trayectoria,17.17,1,353.795,43.5661,16.1304,-53.0435,2.3,0
trayectoria,17.17,2,389.823,564.977,-38.416,130,1.2,1
trayectoria,17.17,3,305.938,199.672,-119,110,0.8,0
trayectoria,17.18,0,270.54,37.4552,-11.0303,-0.606061,3.3,1
trayectoria,17.18,1,353.795,43.5661,16.1304,-53.0435,2.3,0
trayectoria,17.18,2,389.439,566.277,-38.416,130,1.2,1
trayectoria,17.18,3,305.938,199.672,-119,110,0.8,0
trayectoria,17.19,0,270.43,37.4491,-11.0303,-0.606061,3.3,1
trayectoria,17.19,1,353.795,43.5661,16.1304,-53.0435,2.3,0
trayectoria,17.19,2,389.055,567.577,-38.416,130,1.2,1
trayectoria,17.19,3,305.938,199.672,-119,110,0.8,0
trayectoria,17.2,0,270.32,37.4431,-11.0303,-0.606061,3.3,1
trayectoria,17.2,1,353.795,43.5661,16.1304,-53.0435,2.3,0
trayectoria,17.2,2,388.671,568.877,-38.416,130,1.2,1
trayectoria,17.2,3,305.938,199.672,-119,110,0.8,0
trayectoria,17.21,0,270.209,37.437,-11.0303,-0.606061,3.3,1
trayectoria,17.21,1,353.795,43.5661,16.1304,-53.0435,2.3,0
trayectoria,17.21,2,388.287,570.177,-38.416,130,1.2,1
trayectoria,17.21,3,305.938,199.672,-119,110,0.8,0
trayectoria,17.22,0,270.099,37.4309,-11.0303,-0.606061,3.3,1
trayectoria,17.22,1,353.795,43.5661,16.1304,-53.0435,2.3,0
trayectoria,17.22,2,387.902,571.477,-38.416,130,1.2,1
trayectoria,17.22,3,305.938,199.672,-119,110,0.8,0
trayectoria,17.23,0,269.989,37.4249,-11.0303,-0.606061,3.3,1
trayectoria,17.23,1,353.795,43.5661,16.1304,-53.0435,2.3,0
trayectoria,17.23,2,387.518,572.777,-38.416,130,1.2,1
trayectoria,17.23,3,305.938,199.672,-119,110,0.8,0
trayectoria,17.24,0,269.878,37.4188,-11.0303,-0.606061,3.3,1
trayectoria,17.24,1,353.795,43.5661,16.1304,-53.0435,2.3,0
trayectoria,17.24,2,387.134,574.077,-38.416,130,1.2,1
trayectoria,17.24,3,305.938,199.672,-119,110,0.8,0
trayectoria,17.25,0,269.768,37.4128,-11.0303,-0.606061,3.3,1
trayectoria,17.25,1,353.795,43.5661,16.1304,-53.0435,2.3,0
trayectoria,17.25,2,386.75,575.377,-38.416,130,1.2,1
trayectoria,17.25,3,305.938,199.672,-119,110,0.8,0
trayectoria,17.26,0,269.658,37.4067,-11.0303,-0.606061,3.3,1
trayectoria,17.26,1,353.795,43.5661,16.1304,-53.0435,2.3,0
trayectoria,17.26,2,386.366,576.677,-38.416,130,1.2,1
trayectoria,17.26,3,305.938,199.672,-119,110,0.8,0
trayectoria,17.27,0,269.548,37.4006,-11.0303,-0.606061,3.3,1
trayectoria,17.27,1,353.795,43.5661,16.1304,-53.0435,2.3,0
trayectoria,17.27,2,385.982,577.977,-38.416,130,1.2,1
trayectoria,17.27,3,305.938,199.672,-119,110,0.8,0
trayectoria,17.28,0,269.437,37.3946,-11.0303,-0.606061,3.3,1
trayectoria,17.28,1,353.795,43.5661,16.1304,-53.0435,2.3,0
trayectoria,17.28,2,385.597,579.277,-38.416,130,1.2,1
trayectoria,17.28,3,305.938,199.672,-119,110,0.8,0
trayectoria,17.29,0,269.327,37.3885,-11.0303,-0.606061,3.3,1
trayectoria,17.29,1,353.795,43.5661,16.1304,-53.0435,2.3,0
trayectoria,17.29,2,385.213,580.577,-38.416,130,1.2,1
trayectoria,17.29,3,305.938,199.672,-119,110,0.8,0
trayectoria,17.3,0,269.217,37.3825,-11.0303,-0.606061,3.3,1
trayectoria,17.3,1,353.795,43.5661,16.1304,-53.0435,2.3,0
trayectoria,17.3,2,384.829,581.877,-38.416,130,1.2,1
trayectoria,17.3,3,305.938,199.672,-119,110,0.8,0
trayectoria,17.31,0,269.106,37.3764,-11.0303,-0.606061,3.3,1
trayectoria,17.31,1,353.795,43.5661,16.1304,-53.0435,2.3,0
trayectoria,17.31,2,384.445,583.177,-38.416,130,1.2,1
trayectoria,17.31,3,305.938,199.672,-119,110,0.8,0
trayectoria,17.32,0,268.996,37.3703,-11.0303,-0.606061,3.3,1
trayectoria,17.32,1,353.795,43.5661,16.1304,-53.0435,2.3,0
trayectoria,17.32,2,384.061,584.477,-38.416,130,1.2,1
trayectoria,17.32,3,305.938,199.672,-119,110,0.8,0
trayectoria,17.33,0,268.886,37.3643,-11.0303,-0.606061,3.3,1
trayectoria,17.33,1,353.795,43.5661,16.1304,-53.0435,2.3,0
trayectoria,17.33,2,383.677,585.777,-38.416,130,1.2,1
trayectoria,17.33,3,305.938,199.672,-119,110,0.8,0
trayectoria,17.34,0,268.775,37.3582,-11.0303,-0.606061,3.3,1
trayectoria,17.34,1,353.795,43.5661,16.1304,-53.0435,2.3,0
trayectoria,17.34,2,383.293,587.077,-38.416,130,1.2,1
trayectoria,17.34,3,305.938,199.672,-119,110,0.8,0
trayectoria,17.35,0,268.665,37.3522,-11.0303,-0.606061,3.3,1
trayectoria,17.35,1,353.795,43.5661,16.1304,-53.0435,2.3,0
trayectoria,17.35,2,382.908,588.377,-38.416,130,1.2,1
trayectoria,17.35,3,305.938,199.672,-119,110,0.8,0
trayectoria,17.36,0,268.555,37.3461,-11.0303,-0.606061,3.3,1
trayectoria,17.36,1,353.795,43.5661,16.1304,-53.0435,2.3,0
trayectoria,17.36,2,382.524,589.677,-38.416,130,1.2,1
trayectoria,17.36,3,305.938,199.672,-119,110,0.8,0
trayectoria,17.37,0,268.445,37.34,-11.0303,-0.606061,3.3,1
trayectoria,17.37,1,353.795,43.5661,16.1304,-53.0435,2.3,0
trayectoria,17.37,2,382.14,590.977,-38.416,130,1.2,1
trayectoria,17.37,3,305.938,199.672,-119,110,0.8,0
trayectoria,17.38,0,268.334,37.334,-11.0303,-0.606061,3.3,1
trayectoria,17.38,1,353.795,43.5661,16.1304,-53.0435,2.3,0
trayectoria,17.38,2,381.756,592.277,-38.416,130,1.2,1
trayectoria,17.38,3,305.938,199.672,-119,110,0.8,0
trayectoria,17.39,0,268.224,37.3279,-11.0303,-0.606061,3.3,1
trayectoria,17.39,1,353.795,43.5661,16.1304,-53.0435,2.3,0
trayectoria,17.39,2,381.372,593.577,-38.416,130,1.2,1
trayectoria,17.39,3,305.938,199.672,-119,110,0.8,0
trayectoria,17.4,0,268.114,37.3219,-11.0303,-0.606061,3.3,1
trayectoria,17.4,1,353.795,43.5661,16.1304,-53.0435,2.3,0
trayectoria,17.4,2,380.988,594.023,-38.416,-130,1.2,1
trayectoria,17.4,3,305.938,199.672,-119,110,0.8,0
trayectoria,17.41,0,268.003,37.3158,-11.0303,-0.606061,3.3,1
trayectoria,17.41,1,353.795,43.5661,16.1304,-53.0435,2.3,0
trayectoria,17.41,2,380.603,592.723,-38.416,-130,1.2,1
trayectoria,17.41,3,305.938,199.672,-119,110,0.8,0
trayectoria,17.42,0,267.893,37.3097,-11.0303,-0.606061,3.3,1
trayectoria,17.42,1,353.795,43.5661,16.1304,-53.0435,2.3,0
trayectoria,17.42,2,380.219,591.423,-38.416,-130,1.2,1
trayectoria,17.42,3,305.938,199.672,-119,110,0.8,0
trayectoria,17.43,0,267.783,37.3037,-11.0303,-0.606061,3.3,1
trayectoria,17.43,1,353.795,43.5661,16.1304,-53.0435,2.3,0
trayectoria,17.43,2,379.835,590.123,-38.416,-130,1.2,1
trayectoria,17.43,3,305.938,199.672,-119,110,0.8,0
trayectoria,17.44,0,267.672,37.2976,-11.0303,-0.606061,3.3,1
trayectoria,17.44,1,353.795,43.5661,16.1304,-53.0435,2.3,0
trayectoria,17.44,2,379.451,588.823,-38.416,-130,1.2,1
trayectoria,17.44,3,305.938,199.672,-119,110,0.8,0
trayectoria,17.45,0,267.562,37.2916,-11.0303,-0.606061,3.3,1
trayectoria,17.45,1,353.795,43.5661,16.1304,-53.0435,2.3,0
trayectoria,17.45,2,379.067,587.523,-38.416,-130,1.2,1
trayectoria,17.45,3,305.938,199.672,-119,110,0.8,0
trayectoria,17.46,0,267.452,37.2855,-11.0303,-0.606061,3.3,1
trayectoria,17.46,1,353.795,43.5661,16.1304,-53.0435,2.3,0
trayectoria,17.46,2,378.683,586.223,-38.416,-130,1.2,1
trayectoria,17.46,3,305.938,199.672,-119,110,0.8,0
trayectoria,17.47,0,267.341,37.2794,-11.0303,-0.606061,3.3,1
trayectoria,17.47,1,353.795,43.5661,16.1304,-53.0435,2.3,0
trayectoria,17.47,2,378.298,584.923,-38.416,-130,1.2,1
trayectoria,17.47,3,305.938,199.672,-119,110,0.8,0
trayectoria,17.48,0,267.231,37.2734,-11.0303,-0.606061,3.3,1
trayectoria,17.48,1,353.795,43.5661,16.1304,-53.0435,2.3,0
trayectoria,17.48,2,377.914,583.623,-38.416,-130,1.2,1
trayectoria,17.48,3,305.938,199.672,-119,110,0.8,0
trayectoria,17.49,0,267.121,37.2673,-11.0303,-0.606061,3.3,1
trayectoria,17.49,1,353.795,43.5661,16.1304,-53.0435,2.3,0
trayectoria,17.49,2,377.53,582.323,-38.416,-130,1.2,1
trayectoria,17.49,3,305.938,199.672,-119,110,0.8,0
trayectoria,17.5,0,267.011,37.2612,-11.0303,-0.606061,3.3,1
trayectoria,17.5,1,353.795,43.5661,16.1304,-53.0435,2.3,0
trayectoria,17.5,2,377.146,581.023,-38.416,-130,1.2,1
trayectoria,17.5,3,305.938,199.672,-119,110,0.8,0
trayectoria,17.51,0,266.9,37.2552,-11.0303,-0.606061,3.3,1
trayectoria,17.51,1,353.795,43.5661,16.1304,-53.0435,2.3,0
trayectoria,17.51,2,376.762,579.723,-38.416,-130,1.2,1
trayectoria,17.51,3,305.938,199.672,-119,110,0.8,0
trayectoria,17.52,0,266.79,37.2491,-11.0303,-0.606061,3.3,1
trayectoria,17.52,1,353.795,43.5661,16.1304,-53.0435,2.3,0
trayectoria,17.52,2,376.378,578.423,-38.416,-130,1.2,1
trayectoria,17.52,3,305.938,199.672,-119,110,0.8,0
trayectoria,17.53,0,266.68,37.2431,-11.0303,-0.606061,3.3,1
trayectoria,17.53,1,353.795,43.5661,16.1304,-53.0435,2.3,0
trayectoria,17.53,2,375.993,577.123,-38.416,-130,1.2,1
trayectoria,17.53,3,305.938,199.672,-119,110,0.8,0
trayectoria,17.54,0,266.569,37.237,-11.0303,-0.606061,3.3,1
trayectoria,17.54,1,353.795,43.5661,16.1304,-53.0435,2.3,0
trayectoria,17.54,2,375.609,575.823,-38.416,-130,1.2,1
trayectoria,17.54,3,305.938,199.672,-119,110,0.8,0
trayectoria,17.55,0,266.459,37.2309,-11.0303,-0.606061,3.3,1
trayectoria,17.55,1,353.795,43.5661,16.1304,-53.0435,2.3,0
trayectoria,17.55,2,375.225,574.523,-38.416,-130,1.2,1
trayectoria,17.55,3,305.938,199.672,-119,110,0.8,0
trayectoria,17.56,0,266.349,37.2249,-11.0303,-0.606061,3.3,1
trayectoria,17.56,1,353.795,43.5661,16.1304,-53.0435,2.3,0
trayectoria,17.56,2,374.841,573.223,-38.416,-130,1.2,1
trayectoria,17.56,3,305.938,199.672,-119,110,0.8,0
trayectoria,17.57,0,266.238,37.2188,-11.0303,-0.606061,3.3,1
trayectoria,17.57,1,353.795,43.5661,16.1304,-53.0435,2.3,0
trayectoria,17.57,2,374.457,571.923,-38.416,-130,1.2,1
trayectoria,17.57,3,305.938,199.672,-119,110,0.8,0
trayectoria,17.58,0,266.128,37.2128,-11.0303,-0.606061,3.3,1
trayectoria,17.58,1,353.795,43.5661,16.1304,-53.0435,2.3,0
trayectoria,17.58,2,374.073,570.623,-38.416,-130,1.2,1
trayectoria,17.58,3,305.938,199.672,-119,110,0.8,0
trayectoria,17.59,0,266.018,37.2067,-11.0303,-0.606061,3.3,1
trayectoria,17.59,1,353.795,43.5661,16.1304,-53.0435,2.3,0
trayectoria,17.59,2,373.689,569.323,-38.416,-130,1.2,1
trayectoria,17.59,3,305.938,199.672,-119,110,0.8,0
trayectoria,17.6,0,265.908,37.2006,-11.0303,-0.606061,3.3,1
trayectoria,17.6,1,353.795,43.5661,16.1304,-53.0435,2.3,0
trayectoria,17.6,2,373.304,568.023,-38.416,-130,1.2,1
trayectoria,17.6,3,305.938,199.672,-119,110,0.8,0
trayectoria,17.61,0,265.797,37.1946,-11.0303,-0.606061,3.3,1
trayectoria,17.61,1,353.795,43.5661,16.1304,-53.0435,2.3,0
trayectoria,17.61,2,372.92,566.723,-38.416,-130,1.2,1
trayectoria,17.61,3,305.938,199.672,-119,110,0.8,0
trayectoria,17.62,0,265.687,37.1885,-11.0303,-0.606061,3.3,1
trayectoria,17.62,1,353.795,43.5661,16.1304,-53.0435,2.3,0
trayectoria,17.62,2,372.536,565.423,-38.416,-130,1.2,1
trayectoria,17.62,3,305.938,199.672,-119,110,0.8,0
trayectoria,17.63,0,265.577,37.1825,-11.0303,-0.606061,3.3,1
trayectoria,17.63,1,353.795,43.5661,16.1304,-53.0435,2.3,0
trayectoria,17.63,2,372.152,564.123,-38.416,-130,1.2,1
trayectoria,17.63,3,305.938,199.672,-119,110,0.8,0
trayectoria,17.64,0,265.466,37.1764,-11.0303,-0.606061,3.3,1
trayectoria,17.64,1,353.795,43.5661,16.1304,-53.0435,2.3,0
trayectoria,17.64,2,371.768,562.823,-38.416,-130,1.2,1
trayectoria,17.64,3,305.938,199.672,-119,110,0.8,0
trayectoria,17.65,0,265.356,37.1703,-11.0303,-0.606061,3.3,1
trayectoria,17.65,1,353.795,43.5661,16.1304,-53.0435,2.3,0
trayectoria,17.65,2,371.384,561.523,-38.416,-130,1.2,1
trayectoria,17.65,3,305.938,199.672,-119,110,0.8,0
trayectoria,17.66,0,265.246,37.1643,-11.0303,-0.606061,3.3,1
trayectoria,17.66,1,353.795,43.5661,16.1304,-53.0435,2.3,0
trayectoria,17.66,2,370.999,560.223,-38.416,-130,1.2,1
trayectoria,17.66,3,305.938,199.672,-119,110,0.8,0
trayectoria,17.67,0,265.135,37.1582,-11.0303,-0.606061,3.3,1
trayectoria,17.67,1,353.795,43.5661,16.1304,-53.0435,2.3,0
trayectoria,17.67,2,370.615,558.923,-38.416,-130,1.2,1
trayectoria,17.67,3,305.938,199.672,-119,110,0.8,0
trayectoria,17.68,0,265.025,37.1522,-11.0303,-0.606061,3.3,1
trayectoria,17.68,1,353.795,43.5661,16.1304,-53.0435,2.3,0
trayectoria,17.68,2,370.231,557.623,-38.416,-130,1.2,1
trayectoria,17.68,3,305.938,199.672,-119,110,0.8,0
trayectoria,17.69,0,264.915,37.1461,-11.0303,-0.606061,3.3,1
trayectoria,17.69,1,353.795,43.5661,16.1304,-53.0435,2.3,0
trayectoria,17.69,2,369.847,556.323,-38.416,-130,1.2,1
trayectoria,17.69,3,305.938,199.672,-119,110,0.8,0
trayectoria,17.7,0,264.805,37.14,-11.0303,-0.606061,3.3,1
trayectoria,17.7,1,353.795,43.5661,16.1304,-53.0435,2.3,0
trayectoria,17.7,2,369.463,555.023,-38.416,-130,1.2,1
trayectoria,17.7,3,305.938,199.672,-119,110,0.8,0
trayectoria,17.71,0,264.694,37.134,-11.0303,-0.606061,3.3,1
trayectoria,17.71,1,353.795,43.5661,16.1304,-53.0435,2.3,0
trayectoria,17.71,2,369.079,553.723,-38.416,-130,1.2,1
trayectoria,17.71,3,305.938,199.672,-119,110,0.8,0
trayectoria,17.72,0,264.584,37.1279,-11.0303,-0.606061,3.3,1
trayectoria,17.72,1,353.795,43.5661,16.1304,-53.0435,2.3,0
trayectoria,17.72,2,368.694,552.423,-38.416,-130,1.2,1
trayectoria,17.72,3,305.938,199.672,-119,110,0.8,0
trayectoria,17.73,0,264.474,37.1219,-11.0303,-0.606061,3.3,1
trayectoria,17.73,1,353.795,43.5661,16.1304,-53.0435,2.3,0
trayectoria,17.73,2,368.31,551.123,-38.416,-130,1.2,1
trayectoria,17.73,3,305.938,199.672,-119,110,0.8,0
trayectoria,17.74,0,264.363,37.1158,-11.0303,-0.606061,3.3,1
trayectoria,17.74,1,353.795,43.5661,16.1304,-53.0435,2.3,0
trayectoria,17.74,2,367.926,549.823,-38.416,-130,1.2,1
trayectoria,17.74,3,305.938,199.672,-119,110,0.8,0
trayectoria,17.75,0,264.253,37.1097,-11.0303,-0.606061,3.3,1
trayectoria,17.75,1,353.795,43.5661,16.1304,-53.0435,2.3,0
trayectoria,17.75,2,367.542,548.523,-38.416,-130,1.2,1
trayectoria,17.75,3,305.938,199.672,-119,110,0.8,0
trayectoria,17.76,0,264.143,37.1037,-11.0303,-0.606061,3.3,1
trayectoria,17.76,1,353.795,43.5661,16.1304,-53.0435,2.3,0
trayectoria,17.76,2,367.158,547.223,-38.416,-130,1.2,1
trayectoria,17.76,3,305.938,199.672,-119,110,0.8,0
trayectoria,17.77,0,264.032,37.0976,-11.0303,-0.606061,3.3,1
trayectoria,17.77,1,353.795,43.5661,16.1304,-53.0435,2.3,0
trayectoria,17.77,2,366.774,545.923,-38.416,-130,1.2,1
trayectoria,17.77,3,305.938,199.672,-119,110,0.8,0
trayectoria,17.78,0,263.922,37.0916,-11.0303,-0.606061,3.3,1
trayectoria,17.78,1,353.795,43.5661,16.1304,-53.0435,2.3,0
trayectoria,17.78,2,366.389,544.623,-38.416,-130,1.2,1
trayectoria,17.78,3,305.938,199.672,-119,110,0.8,0
trayectoria,17.79,0,263.812,37.0855,-11.0303,-0.606061,3.3,1
trayectoria,17.79,1,353.795,43.5661,16.1304,-53.0435,2.3,0
trayectoria,17.79,2,366.005,543.323,-38.416,-130,1.2,1
trayectoria,17.79,3,305.938,199.672,-119,110,0.8,0
trayectoria,17.8,0,263.701,37.0794,-11.0303,-0.606061,3.3,1
trayectoria,17.8,1,353.795,43.5661,16.1304,-53.0435,2.3,0
trayectoria,17.8,2,365.621,542.023,-38.416,-130,1.2,1
trayectoria,17.8,3,305.938,199.672,-119,110,0.8,0
trayectoria,17.81,0,263.591,37.0734,-11.0303,-0.606061,3.3,1
trayectoria,17.81,1,353.795,43.5661,16.1304,-53.0435,2.3,0
trayectoria,17.81,2,365.237,540.723,-38.416,-130,1.2,1
trayectoria,17.81,3,305.938,199.672,-119,110,0.8,0
trayectoria,17.82,0,263.481,37.0673,-11.0303,-0.606061,3.3,1
trayectoria,17.82,1,353.795,43.5661,16.1304,-53.0435,2.3,0
trayectoria,17.82,2,364.853,539.423,-38.416,-130,1.2,1
trayectoria,17.82,3,305.938,199.672,-119,110,0.8,0
trayectoria,17.83,0,263.371,37.0612,-11.0303,-0.606061,3.3,1
trayectoria,17.83,1,353.795,43.5661,16.1304,-53.0435,2.3,0
trayectoria,17.83,2,364.469,538.123,-38.416,-130,1.2,1
trayectoria,17.83,3,305.938,199.672,-119,110,0.8,0
trayectoria,17.84,0,263.26,37.0552,-11.0303,-0.606061,3.3,1
trayectoria,17.84,1,353.795,43.5661,16.1304,-53.0435,2.3,0
trayectoria,17.84,2,364.085,536.823,-38.416,-130,1.2,1
trayectoria,17.84,3,305.938,199.672,-119,110,0.8,0
trayectoria,17.85,0,263.15,37.0491,-11.0303,-0.606061,3.3,1
trayectoria,17.85,1,353.795,43.5661,16.1304,-53.0435,2.3,0
trayectoria,17.85,2,363.7,535.523,-38.416,-130,1.2,1
trayectoria,17.85,3,305.938,199.672,-119,110,0.8,0
trayectoria,17.86,0,263.04,37.0431,-11.0303,-0.606061,3.3,1
trayectoria,17.86,1,353.795,43.5661,16.1304,-53.0435,2.3,0
trayectoria,17.86,2,363.316,534.223,-38.416,-130,1.2,1
trayectoria,17.86,3,305.938,199.672,-119,110,0.8,0
trayectoria,17.87,0,262.929,37.037,-11.0303,-0.606061,3.3,1
trayectoria,17.87,1,353.795,43.5661,16.1304,-53.0435,2.3,0
trayectoria,17.87,2,362.932,532.923,-38.416,-130,1.2,1
trayectoria,17.87,3,305.938,199.672,-119,110,0.8,0
trayectoria,17.88,0,262.819,37.0309,-11.0303,-0.606061,3.3,1
trayectoria,17.88,1,353.795,43.5661,16.1304,-53.0435,2.3,0
trayectoria,17.88,2,362.548,531.623,-38.416,-130,1.2,1
trayectoria,17.88,3,305.938,199.672,-119,110,0.8,0
trayectoria,17.89,0,262.709,37.0249,-11.0303,-0.606061,3.3,1
trayectoria,17.89,1,353.795,43.5661,16.1304,-53.0435,2.3,0
trayectoria,17.89,2,362.164,530.323,-38.416,-130,1.2,1
trayectoria,17.89,3,305.938,199.672,-119,110,0.8,0
trayectoria,17.9,0,262.598,37.0188,-11.0303,-0.606061,3.3,1
trayectoria,17.9,1,353.795,43.5661,16.1304,-53.0435,2.3,0
trayectoria,17.9,2,361.78,529.023,-38.416,-130,1.2,1
trayectoria,17.9,3,305.938,199.672,-119,110,0.8,0
trayectoria,17.91,0,262.488,37.0128,-11.0303,-0.606061,3.3,1
trayectoria,17.91,1,353.795,43.5661,16.1304,-53.0435,2.3,0
trayectoria,17.91,2,361.395,527.723,-38.416,-130,1.2,1
trayectoria,17.91,3,305.938,199.672,-119,110,0.8,0
trayectoria,17.92,0,262.378,37.0067,-11.0303,-0.606061,3.3,1
trayectoria,17.92,1,353.795,43.5661,16.1304,-53.0435,2.3,0
trayectoria,17.92,2,361.011,526.423,-38.416,-130,1.2,1
trayectoria,17.92,3,305.938,199.672,-119,110,0.8,0
trayectoria,17.93,0,262.268,37.0006,-11.0303,-0.606061,3.3,1
trayectoria,17.93,1,353.795,43.5661,16.1304,-53.0435,2.3,0
trayectoria,17.93,2,360.627,525.123,-38.416,-130,1.2,1
trayectoria,17.93,3,305.938,199.672,-119,110,0.8,0
trayectoria,17.94,0,262.157,36.9946,-11.0303,-0.606061,3.3,1
trayectoria,17.94,1,353.795,43.5661,16.1304,-53.0435,2.3,0
trayectoria,17.94,2,360.243,523.823,-38.416,-130,1.2,1
trayectoria,17.94,3,305.938,199.672,-119,110,0.8,0
trayectoria,17.95,0,262.047,36.9885,-11.0303,-0.606061,3.3,1
trayectoria,17.95,1,353.795,43.5661,16.1304,-53.0435,2.3,0
trayectoria,17.95,2,359.859,522.523,-38.416,-130,1.2,1
trayectoria,17.95,3,305.938,199.672,-119,110,0.8,0
trayectoria,17.96,0,261.937,36.9825,-11.0303,-0.606061,3.3,1
trayectoria,17.96,1,353.795,43.5661,16.1304,-53.0435,2.3,0
trayectoria,17.96,2,359.475,521.223,-38.416,-130,1.2,1
trayectoria,17.96,3,305.938,199.672,-119,110,0.8,0
trayectoria,17.97,0,261.826,36.9764,-11.0303,-0.606061,3.3,1
trayectoria,17.97,1,353.795,43.5661,16.1304,-53.0435,2.3,0
trayectoria,17.97,2,359.09,519.923,-38.416,-130,1.2,1
trayectoria,17.97,3,305.938,199.672,-119,110,0.8,0
trayectoria,17.98,0,261.716,36.9703,-11.0303,-0.606061,3.3,1
trayectoria,17.98,1,353.795,43.5661,16.1304,-53.0435,2.3,0
trayectoria,17.98,2,358.706,518.623,-38.416,-130,1.2,1
trayectoria,17.98,3,305.938,199.672,-119,110,0.8,0
trayectoria,17.99,0,261.606,36.9643,-11.0303,-0.606061,3.3,1
trayectoria,17.99,1,353.795,43.5661,16.1304,-53.0435,2.3,0
trayectoria,17.99,2,358.322,517.323,-38.416,-130,1.2,1
trayectoria,17.99,3,305.938,199.672,-119,110,0.8,0
trayectoria,18,0,261.495,36.9582,-11.0303,-0.606061,3.3,1
trayectoria,18,1,353.795,43.5661,16.1304,-53.0435,2.3,0
trayectoria,18,2,357.938,516.023,-38.416,-130,1.2,1
trayectoria,18,3,305.938,199.672,-119,110,0.8,0
trayectoria,18.01,0,261.385,36.9522,-11.0303,-0.606061,3.3,1
trayectoria,18.01,1,353.795,43.5661,16.1304,-53.0435,2.3,0
trayectoria,18.01,2,357.554,514.723,-38.416,-130,1.2,1
trayectoria,18.01,3,305.938,199.672,-119,110,0.8,0
trayectoria,18.02,0,261.275,36.9461,-11.0303,-0.606061,3.3,1
trayectoria,18.02,1,353.795,43.5661,16.1304,-53.0435,2.3,0
trayectoria,18.02,2,357.17,513.423,-38.416,-130,1.2,1
trayectoria,18.02,3,305.938,199.672,-119,110,0.8,0
trayectoria,18.03,0,261.165,36.94,-11.0303,-0.606061,3.3,1
trayectoria,18.03,1,353.795,43.5661,16.1304,-53.0435,2.3,0
trayectoria,18.03,2,356.785,512.123,-38.416,-130,1.2,1
trayectoria,18.03,3,305.938,199.672,-119,110,0.8,0
trayectoria,18.04,0,261.054,36.934,-11.0303,-0.606061,3.3,1
trayectoria,18.04,1,353.795,43.5661,16.1304,-53.0435,2.3,0
trayectoria,18.04,2,356.401,510.823,-38.416,-130,1.2,1
trayectoria,18.04,3,305.938,199.672,-119,110,0.8,0
trayectoria,18.05,0,260.944,36.9279,-11.0303,-0.606061,3.3,1
trayectoria,18.05,1,353.795,43.5661,16.1304,-53.0435,2.3,0
trayectoria,18.05,2,356.017,509.523,-38.416,-130,1.2,1
trayectoria,18.05,3,305.938,199.672,-119,110,0.8,0
trayectoria,18.06,0,260.834,36.9219,-11.0303,-0.606061,3.3,1
trayectoria,18.06,1,353.795,43.5661,16.1304,-53.0435,2.3,0
trayectoria,18.06,2,355.633,508.223,-38.416,-130,1.2,1
trayectoria,18.06,3,305.938,199.672,-119,110,0.8,0
trayectoria,18.07,0,260.723,36.9158,-11.0303,-0.606061,3.3,1
trayectoria,18.07,1,353.795,43.5661,16.1304,-53.0435,2.3,0
trayectoria,18.07,2,355.249,506.923,-38.416,-130,1.2,1
trayectoria,18.07,3,305.938,199.672,-119,110,0.8,0
trayectoria,18.08,0,260.613,36.9097,-11.0303,-0.606061,3.3,1
trayectoria,18.08,1,353.795,43.5661,16.1304,-53.0435,2.3,0
trayectoria,18.08,2,354.865,505.623,-38.416,-130,1.2,1
trayectoria,18.08,3,305.938,199.672,-119,110,0.8,0
trayectoria,18.09,0,260.503,36.9037,-11.0303,-0.606061,3.3,1
trayectoria,18.09,1,353.795,43.5661,16.1304,-53.0435,2.3,0
trayectoria,18.09,2,354.481,504.323,-38.416,-130,1.2,1
trayectoria,18.09,3,305.938,199.672,-119,110,0.8,0
trayectoria,18.1,0,260.392,36.8976,-11.0303,-0.606061,3.3,1
trayectoria,18.1,1,353.795,43.5661,16.1304,-53.0435,2.3,0
trayectoria,18.1,2,354.096,503.023,-38.416,-130,1.2,1
trayectoria,18.1,3,305.938,199.672,-119,110,0.8,0
trayectoria,18.11,0,260.282,36.8916,-11.0303,-0.606061,3.3,1
trayectoria,18.11,1,353.795,43.5661,16.1304,-53.0435,2.3,0
trayectoria,18.11,2,353.712,501.723,-38.416,-130,1.2,1
trayectoria,18.11,3,305.938,199.672,-119,110,0.8,0
trayectoria,18.12,0,260.172,36.8855,-11.0303,-0.606061,3.3,1
trayectoria,18.12,1,353.795,43.5661,16.1304,-53.0435,2.3,0
trayectoria,18.12,2,353.328,500.423,-38.416,-130,1.2,1
trayectoria,18.12,3,305.938,199.672,-119,110,0.8,0
trayectoria,18.13,0,260.061,36.8794,-11.0303,-0.606061,3.3,1
trayectoria,18.13,1,353.795,43.5661,16.1304,-53.0435,2.3,0
trayectoria,18.13,2,352.944,499.123,-38.416,-130,1.2,1
trayectoria,18.13,3,305.938,199.672,-119,110,0.8,0
trayectoria,18.14,0,259.951,36.8734,-11.0303,-0.606061,3.3,1
trayectoria,18.14,1,353.795,43.5661,16.1304,-53.0435,2.3,0
trayectoria,18.14,2,352.56,497.823,-38.416,-130,1.2,1
trayectoria,18.14,3,305.938,199.672,-119,110,0.8,0
trayectoria,18.15,0,259.841,36.8673,-11.0303,-0.606061,3.3,1
trayectoria,18.15,1,353.795,43.5661,16.1304,-53.0435,2.3,0
trayectoria,18.15,2,352.176,496.523,-38.416,-130,1.2,1
trayectoria,18.15,3,305.938,199.672,-119,110,0.8,0
trayectoria,18.16,0,259.731,36.8612,-11.0303,-0.606061,3.3,1
trayectoria,18.16,1,353.795,43.5661,16.1304,-53.0435,2.3,0
trayectoria,18.16,2,351.791,495.223,-38.416,-130,1.2,1
trayectoria,18.16,3,305.938,199.672,-119,110,0.8,0
trayectoria,18.17,0,259.62,36.8552,-11.0303,-0.606061,3.3,1
trayectoria,18.17,1,353.795,43.5661,16.1304,-53.0435,2.3,0
trayectoria,18.17,2,351.407,493.923,-38.416,-130,1.2,1
trayectoria,18.17,3,305.938,199.672,-119,110,0.8,0
trayectoria,18.18,0,259.51,36.8491,-11.0303,-0.606061,3.3,1
trayectoria,18.18,1,353.795,43.5661,16.1304,-53.0435,2.3,0
trayectoria,18.18,2,351.023,492.623,-38.416,-130,1.2,1
trayectoria,18.18,3,305.938,199.672,-119,110,0.8,0
trayectoria,18.19,0,259.4,36.8431,-11.0303,-0.606061,3.3,1
trayectoria,18.19,1,353.795,43.5661,16.1304,-53.0435,2.3,0
trayectoria,18.19,2,350.639,491.323,-38.416,-130,1.2,1
trayectoria,18.19,3,305.938,199.672,-119,110,0.8,0
trayectoria,18.2,0,259.289,36.837,-11.0303,-0.606061,3.3,1
trayectoria,18.2,1,353.795,43.5661,16.1304,-53.0435,2.3,0
trayectoria,18.2,2,350.255,490.023,-38.416,-130,1.2,1
trayectoria,18.2,3,305.938,199.672,-119,110,0.8,0
trayectoria,18.21,0,259.179,36.8309,-11.0303,-0.606061,3.3,1
trayectoria,18.21,1,353.795,43.5661,16.1304,-53.0435,2.3,0
trayectoria,18.21,2,349.871,488.723,-38.416,-130,1.2,1
trayectoria,18.21,3,305.938,199.672,-119,110,0.8,0
trayectoria,18.22,0,259.069,36.8249,-11.0303,-0.606061,3.3,1
trayectoria,18.22,1,353.795,43.5661,16.1304,-53.0435,2.3,0
trayectoria,18.22,2,349.486,487.423,-38.416,-130,1.2,1
trayectoria,18.22,3,305.938,199.672,-119,110,0.8,0
trayectoria,18.23,0,258.958,36.8188,-11.0303,-0.606061,3.3,1
trayectoria,18.23,1,353.795,43.5661,16.1304,-53.0435,2.3,0
trayectoria,18.23,2,349.102,486.123,-38.416,-130,1.2,1
trayectoria,18.23,3,305.938,199.672,-119,110,0.8,0
trayectoria,18.24,0,258.848,36.8128,-11.0303,-0.606061,3.3,1
trayectoria,18.24,1,353.795,43.5661,16.1304,-53.0435,2.3,0
trayectoria,18.24,2,348.718,484.823,-38.416,-130,1.2,1
trayectoria,18.24,3,305.938,199.672,-119,110,0.8,0
trayectoria,18.25,0,258.738,36.8067,-11.0303,-0.606061,3.3,1
trayectoria,18.25,1,353.795,43.5661,16.1304,-53.0435,2.3,0
trayectoria,18.25,2,348.334,483.523,-38.416,-130,1.2,1
trayectoria,18.25,3,305.938,199.672,-119,110,0.8,0
trayectoria,18.26,0,258.628,36.8006,-11.0303,-0.606061,3.3,1
trayectoria,18.26,1,353.795,43.5661,16.1304,-53.0435,2.3,0
trayectoria,18.26,2,347.95,482.223,-38.416,-130,1.2,1
trayectoria,18.26,3,305.938,199.672,-119,110,0.8,0
trayectoria,18.27,0,258.517,36.7946,-11.0303,-0.606061,3.3,1
trayectoria,18.27,1,353.795,43.5661,16.1304,-53.0435,2.3,0
trayectoria,18.27,2,347.566,480.923,-38.416,-130,1.2,1
trayectoria,18.27,3,305.938,199.672,-119,110,0.8,0
trayectoria,18.28,0,258.407,36.7885,-11.0303,-0.606061,3.3,1
trayectoria,18.28,1,353.795,43.5661,16.1304,-53.0435,2.3,0
trayectoria,18.28,2,347.181,479.623,-38.416,-130,1.2,1
trayectoria,18.28,3,305.938,199.672,-119,110,0.8,0
trayectoria,18.29,0,258.297,36.7825,-11.0303,-0.606061,3.3,1
trayectoria,18.29,1,353.795,43.5661,16.1304,-53.0435,2.3,0
trayectoria,18.29,2,346.797,478.323,-38.416,-130,1.2,1
trayectoria,18.29,3,305.938,199.672,-119,110,0.8,0
trayectoria,18.3,0,258.186,36.7764,-11.0303,-0.606061,3.3,1
trayectoria,18.3,1,353.795,43.5661,16.1304,-53.0435,2.3,0
trayectoria,18.3,2,346.413,477.023,-38.416,-130,1.2,1
trayectoria,18.3,3,305.938,199.672,-119,110,0.8,0
trayectoria,18.31,0,258.076,36.7703,-11.0303,-0.606061,3.3,1
trayectoria,18.31,1,353.795,43.5661,16.1304,-53.0435,2.3,0
trayectoria,18.31,2,346.029,475.723,-38.416,-130,1.2,1
trayectoria,18.31,3,305.938,199.672,-119,110,0.8,0
trayectoria,18.32,0,257.966,36.7643,-11.0303,-0.606061,3.3,1
trayectoria,18.32,1,353.795,43.5661,16.1304,-53.0435,2.3,0
trayectoria,18.32,2,345.645,474.423,-38.416,-130,1.2,1
trayectoria,18.32,3,305.938,199.672,-119,110,0.8,0
trayectoria,18.33,0,257.855,36.7582,-11.0303,-0.606061,3.3,1
trayectoria,18.33,1,353.795,43.5661,16.1304,-53.0435,2.3,0
trayectoria,18.33,2,345.261,473.123,-38.416,-130,1.2,1
trayectoria,18.33,3,305.938,199.672,-119,110,0.8,0
trayectoria,18.34,0,257.745,36.7522,-11.0303,-0.606061,3.3,1
trayectoria,18.34,1,353.795,43.5661,16.1304,-53.0435,2.3,0
trayectoria,18.34,2,344.877,471.823,-38.416,-130,1.2,1
trayectoria,18.34,3,305.938,199.672,-119,110,0.8,0
trayectoria,18.35,0,257.635,36.7461,-11.0303,-0.606061,3.3,1
trayectoria,18.35,1,353.795,43.5661,16.1304,-53.0435,2.3,0
trayectoria,18.35,2,344.492,470.523,-38.416,-130,1.2,1
trayectoria,18.35,3,305.938,199.672,-119,110,0.8,0
trayectoria,18.36,0,257.525,36.74,-11.0303,-0.606061,3.3,1
trayectoria,18.36,1,353.795,43.5661,16.1304,-53.0435,2.3,0
trayectoria,18.36,2,344.108,469.223,-38.416,-130,1.2,1
trayectoria,18.36,3,305.938,199.672,-119,110,0.8,0
trayectoria,18.37,0,257.414,36.734,-11.0303,-0.606061,3.3,1
trayectoria,18.37,1,353.795,43.5661,16.1304,-53.0435,2.3,0
trayectoria,18.37,2,343.724,467.923,-38.416,-130,1.2,1
trayectoria,18.37,3,305.938,199.672,-119,110,0.8,0
trayectoria,18.38,0,257.304,36.7279,-11.0303,-0.606061,3.3,1
trayectoria,18.38,1,353.795,43.5661,16.1304,-53.0435,2.3,0
trayectoria,18.38,2,343.34,466.623,-38.416,-130,1.2,1
trayectoria,18.38,3,305.938,199.672,-119,110,0.8,0
trayectoria,18.39,0,257.194,36.7219,-11.0303,-0.606061,3.3,1
trayectoria,18.39,1,353.795,43.5661,16.1304,-53.0435,2.3,0
trayectoria,18.39,2,342.956,465.323,-38.416,-130,1.2,1
trayectoria,18.39,3,305.938,199.672,-119,110,0.8,0
trayectoria,18.4,0,257.083,36.7158,-11.0303,-0.606061,3.3,1
trayectoria,18.4,1,353.795,43.5661,16.1304,-53.0435,2.3,0
trayectoria,18.4,2,342.572,464.023,-38.416,-130,1.2,1
trayectoria,18.4,3,305.938,199.672,-119,110,0.8,0
trayectoria,18.41,0,256.973,36.7097,-11.0303,-0.606061,3.3,1
trayectoria,18.41,1,353.795,43.5661,16.1304,-53.0435,2.3,0
trayectoria,18.41,2,342.187,462.723,-38.416,-130,1.2,1
trayectoria,18.41,3,305.938,199.672,-119,110,0.8,0
trayectoria,18.42,0,256.863,36.7037,-11.0303,-0.606061,3.3,1
trayectoria,18.42,1,353.795,43.5661,16.1304,-53.0435,2.3,0
trayectoria,18.42,2,341.803,461.423,-38.416,-130,1.2,1
trayectoria,18.42,3,305.938,199.672,-119,110,0.8,0
trayectoria,18.43,0,256.752,36.6976,-11.0303,-0.606061,3.3,1
trayectoria,18.43,1,353.795,43.5661,16.1304,-53.0435,2.3,0
trayectoria,18.43,2,341.419,460.123,-38.416,-130,1.2,1
trayectoria,18.43,3,305.938,199.672,-119,110,0.8,0
trayectoria,18.44,0,256.642,36.6916,-11.0303,-0.606061,3.3,1
trayectoria,18.44,1,353.795,43.5661,16.1304,-53.0435,2.3,0
trayectoria,18.44,2,341.035,458.823,-38.416,-130,1.2,1
trayectoria,18.44,3,305.938,199.672,-119,110,0.8,0
trayectoria,18.45,0,256.532,36.6855,-11.0303,-0.606061,3.3,1
trayectoria,18.45,1,353.795,43.5661,16.1304,-53.0435,2.3,0
trayectoria,18.45,2,340.651,457.523,-38.416,-130,1.2,1
trayectoria,18.45,3,305.938,199.672,-119,110,0.8,0
trayectoria,18.46,0,256.421,36.6794,-11.0303,-0.606061,3.3,1
trayectoria,18.46,1,353.795,43.5661,16.1304,-53.0435,2.3,0
trayectoria,18.46,2,340.267,456.223,-38.416,-130,1.2,1
trayectoria,18.46,3,305.938,199.672,-119,110,0.8,0
trayectoria,18.47,0,256.311,36.6734,-11.0303,-0.606061,3.3,1
trayectoria,18.47,1,353.795,43.5661,16.1304,-53.0435,2.3,0
trayectoria,18.47,2,339.882,454.923,-38.416,-130,1.2,1
trayectoria,18.47,3,305.938,199.672,-119,110,0.8,0
trayectoria,18.48,0,256.201,36.6673,-11.0303,-0.606061,3.3,1
trayectoria,18.48,1,353.795,43.5661,16.1304,-53.0435,2.3,0
trayectoria,18.48,2,339.498,453.623,-38.416,-130,1.2,1
trayectoria,18.48,3,305.938,199.672,-119,110,0.8,0
trayectoria,18.49,0,256.091,36.6612,-11.0303,-0.606061,3.3,1
trayectoria,18.49,1,353.795,43.5661,16.1304,-53.0435,2.3,0
trayectoria,18.49,2,339.114,452.323,-38.416,-130,1.2,1
trayectoria,18.49,3,305.938,199.672,-119,110,0.8,0
trayectoria,18.5,0,255.98,36.6552,-11.0303,-0.606061,3.3,1
trayectoria,18.5,1,353.795,43.5661,16.1304,-53.0435,2.3,0
trayectoria,18.5,2,338.73,451.023,-38.416,-130,1.2,1
trayectoria,18.5,3,305.938,199.672,-119,110,0.8,0
trayectoria,18.51,0,255.87,36.6491,-11.0303,-0.606061,3.3,1
trayectoria,18.51,1,353.795,43.5661,16.1304,-53.0435,2.3,0
trayectoria,18.51,2,338.346,449.723,-38.416,-130,1.2,1
trayectoria,18.51,3,305.938,199.672,-119,110,0.8,0
trayectoria,18.52,0,255.76,36.6431,-11.0303,-0.606061,3.3,1
trayectoria,18.52,1,353.795,43.5661,16.1304,-53.0435,2.3,0
trayectoria,18.52,2,337.962,448.423,-38.416,-130,1.2,1
trayectoria,18.52,3,305.938,199.672,-119,110,0.8,0
trayectoria,18.53,0,255.649,36.637,-11.0303,-0.606061,3.3,1
trayectoria,18.53,1,353.795,43.5661,16.1304,-53.0435,2.3,0
trayectoria,18.53,2,337.577,447.123,-38.416,-130,1.2,1
trayectoria,18.53,3,305.938,199.672,-119,110,0.8,0
trayectoria,18.54,0,255.539,36.6309,-11.0303,-0.606061,3.3,1
trayectoria,18.54,1,353.795,43.5661,16.1304,-53.0435,2.3,0
trayectoria,18.54,2,337.193,445.823,-38.416,-130,1.2,1
trayectoria,18.54,3,305.938,199.672,-119,110,0.8,0
trayectoria,18.55,0,255.429,36.6249,-11.0303,-0.606061,3.3,1
trayectoria,18.55,1,353.795,43.5661,16.1304,-53.0435,2.3,0
trayectoria,18.55,2,336.809,444.523,-38.416,-130,1.2,1
trayectoria,18.55,3,305.938,199.672,-119,110,0.8,0
trayectoria,18.56,0,255.318,36.6188,-11.0303,-0.606061,3.3,1
trayectoria,18.56,1,353.795,43.5661,16.1304,-53.0435,2.3,0
trayectoria,18.56,2,336.425,443.223,-38.416,-130,1.2,1
trayectoria,18.56,3,305.938,199.672,-119,110,0.8,0
trayectoria,18.57,0,255.208,36.6128,-11.0303,-0.606061,3.3,1
trayectoria,18.57,1,353.795,43.5661,16.1304,-53.0435,2.3,0
trayectoria,18.57,2,336.041,441.923,-38.416,-130,1.2,1
trayectoria,18.57,3,305.938,199.672,-119,110,0.8,0
trayectoria,18.58,0,255.098,36.6067,-11.0303,-0.606061,3.3,1
trayectoria,18.58,1,353.795,43.5661,16.1304,-53.0435,2.3,0
trayectoria,18.58,2,335.657,440.623,-38.416,-130,1.2,1
trayectoria,18.58,3,305.938,199.672,-119,110,0.8,0
trayectoria,18.59,0,254.988,36.6006,-11.0303,-0.606061,3.3,1
trayectoria,18.59,1,353.795,43.5661,16.1304,-53.0435,2.3,0
trayectoria,18.59,2,335.273,439.323,-38.416,-130,1.2,1
trayectoria,18.59,3,305.938,199.672,-119,110,0.8,0
trayectoria,18.6,0,254.877,36.5946,-11.0303,-0.606061,3.3,1
trayectoria,18.6,1,353.795,43.5661,16.1304,-53.0435,2.3,0
trayectoria,18.6,2,334.888,438.023,-38.416,-130,1.2,1
trayectoria,18.6,3,305.938,199.672,-119,110,0.8,0
trayectoria,18.61,0,254.767,36.5885,-11.0303,-0.606061,3.3,1
trayectoria,18.61,1,353.795,43.5661,16.1304,-53.0435,2.3,0
trayectoria,18.61,2,334.504,436.723,-38.416,-130,1.2,1
trayectoria,18.61,3,305.938,199.672,-119,110,0.8,0
trayectoria,18.62,0,254.657,36.5825,-11.0303,-0.606061,3.3,1
trayectoria,18.62,1,353.795,43.5661,16.1304,-53.0435,2.3,0
trayectoria,18.62,2,334.12,435.423,-38.416,-130,1.2,1
trayectoria,18.62,3,305.938,199.672,-119,110,0.8,0
trayectoria,18.63,0,254.546,36.5764,-11.0303,-0.606061,3.3,1
trayectoria,18.63,1,353.795,43.5661,16.1304,-53.0435,2.3,0
trayectoria,18.63,2,333.736,434.123,-38.416,-130,1.2,1
trayectoria,18.63,3,305.938,199.672,-119,110,0.8,0
trayectoria,18.64,0,254.436,36.5703,-11.0303,-0.606061,3.3,1
trayectoria,18.64,1,353.795,43.5661,16.1304,-53.0435,2.3,0
trayectoria,18.64,2,333.352,432.823,-38.416,-130,1.2,1
trayectoria,18.64,3,305.938,199.672,-119,110,0.8,0
trayectoria,18.65,0,254.326,36.5643,-11.0303,-0.606061,3.3,1
trayectoria,18.65,1,353.795,43.5661,16.1304,-53.0435,2.3,0
trayectoria,18.65,2,332.968,431.523,-38.416,-130,1.2,1
trayectoria,18.65,3,305.938,199.672,-119,110,0.8,0
trayectoria,18.66,0,254.215,36.5582,-11.0303,-0.606061,3.3,1
trayectoria,18.66,1,353.795,43.5661,16.1304,-53.0435,2.3,0
trayectoria,18.66,2,332.583,430.223,-38.416,-130,1.2,1
trayectoria,18.66,3,305.938,199.672,-119,110,0.8,0
trayectoria,18.67,0,254.105,36.5522,-11.0303,-0.606061,3.3,1
trayectoria,18.67,1,353.795,43.5661,16.1304,-53.0435,2.3,0
trayectoria,18.67,2,332.199,428.923,-38.416,-130,1.2,1
trayectoria,18.67,3,305.938,199.672,-119,110,0.8,0
trayectoria,18.68,0,253.995,36.5461,-11.0303,-0.606061,3.3,1
trayectoria,18.68,1,353.795,43.5661,16.1304,-53.0435,2.3,0
trayectoria,18.68,2,331.815,427.623,-38.416,-130,1.2,1
trayectoria,18.68,3,305.938,199.672,-119,110,0.8,0
trayectoria,18.69,0,253.885,36.54,-11.0303,-0.606061,3.3,1
trayectoria,18.69,1,353.795,43.5661,16.1304,-53.0435,2.3,0
trayectoria,18.69,2,331.431,426.323,-38.416,-130,1.2,1
trayectoria,18.69,3,305.938,199.672,-119,110,0.8,0
trayectoria,18.7,0,253.774,36.534,-11.0303,-0.606061,3.3,1
trayectoria,18.7,1,353.795,43.5661,16.1304,-53.0435,2.3,0
trayectoria,18.7,2,331.047,425.023,-38.416,-130,1.2,1
trayectoria,18.7,3,305.938,199.672,-119,110,0.8,0
trayectoria,18.71,0,253.664,36.5279,-11.0303,-0.606061,3.3,1
trayectoria,18.71,1,353.795,43.5661,16.1304,-53.0435,2.3,0
trayectoria,18.71,2,330.663,423.723,-38.416,-130,1.2,1
trayectoria,18.71,3,305.938,199.672,-119,110,0.8,0
trayectoria,18.72,0,253.554,36.5219,-11.0303,-0.606061,3.3,1
trayectoria,18.72,1,353.795,43.5661,16.1304,-53.0435,2.3,0
trayectoria,18.72,2,330.278,422.423,-38.416,-130,1.2,1
trayectoria,18.72,3,305.938,199.672,-119,110,0.8,0
trayectoria,18.73,0,253.443,36.5158,-11.0303,-0.606061,3.3,1
trayectoria,18.73,1,353.795,43.5661,16.1304,-53.0435,2.3,0
trayectoria,18.73,2,329.894,421.123,-38.416,-130,1.2,1
trayectoria,18.73,3,305.938,199.672,-119,110,0.8,0
trayectoria,18.74,0,253.333,36.5097,-11.0303,-0.606061,3.3,1
trayectoria,18.74,1,353.795,43.5661,16.1304,-53.0435,2.3,0
trayectoria,18.74,2,329.51,419.823,-38.416,-130,1.2,1
trayectoria,18.74,3,305.938,199.672,-119,110,0.8,0
trayectoria,18.75,0,253.223,36.5037,-11.0303,-0.606061,3.3,1
trayectoria,18.75,1,353.795,43.5661,16.1304,-53.0435,2.3,0
trayectoria,18.75,2,329.126,418.523,-38.416,-130,1.2,1
trayectoria,18.75,3,305.938,199.672,-119,110,0.8,0
trayectoria,18.76,0,253.112,36.4976,-11.0303,-0.606061,3.3,1
trayectoria,18.76,1,353.795,43.5661,16.1304,-53.0435,2.3,0
trayectoria,18.76,2,328.742,417.223,-38.416,-130,1.2,1
trayectoria,18.76,3,305.938,199.672,-119,110,0.8,0
trayectoria,18.77,0,253.002,36.4916,-11.0303,-0.606061,3.3,1
trayectoria,18.77,1,353.795,43.5661,16.1304,-53.0435,2.3,0
trayectoria,18.77,2,328.358,415.923,-38.416,-130,1.2,1
trayectoria,18.77,3,305.938,199.672,-119,110,0.8,0
trayectoria,18.78,0,252.892,36.4855,-11.0303,-0.606061,3.3,1
trayectoria,18.78,1,353.795,43.5661,16.1304,-53.0435,2.3,0
trayectoria,18.78,2,327.973,414.623,-38.416,-130,1.2,1
trayectoria,18.78,3,305.938,199.672,-119,110,0.8,0
trayectoria,18.79,0,252.781,36.4794,-11.0303,-0.606061,3.3,1
trayectoria,18.79,1,353.795,43.5661,16.1304,-53.0435,2.3,0
trayectoria,18.79,2,327.589,413.323,-38.416,-130,1.2,1
trayectoria,18.79,3,305.938,199.672,-119,110,0.8,0
trayectoria,18.8,0,252.671,36.4734,-11.0303,-0.606061,3.3,1
trayectoria,18.8,1,353.795,43.5661,16.1304,-53.0435,2.3,0
trayectoria,18.8,2,327.205,412.023,-38.416,-130,1.2,1
trayectoria,18.8,3,305.938,199.672,-119,110,0.8,0
trayectoria,18.81,0,252.561,36.4673,-11.0303,-0.606061,3.3,1
trayectoria,18.81,1,353.795,43.5661,16.1304,-53.0435,2.3,0
trayectoria,18.81,2,326.821,410.723,-38.416,-130,1.2,1
trayectoria,18.81,3,305.938,199.672,-119,110,0.8,0
trayectoria,18.82,0,252.451,36.4612,-11.0303,-0.606061,3.3,1
trayectoria,18.82,1,353.795,43.5661,16.1304,-53.0435,2.3,0
trayectoria,18.82,2,326.437,409.423,-38.416,-130,1.2,1
trayectoria,18.82,3,305.938,199.672,-119,110,0.8,0
trayectoria,18.83,0,252.34,36.4552,-11.0303,-0.606061,3.3,1
trayectoria,18.83,1,353.795,43.5661,16.1304,-53.0435,2.3,0
trayectoria,18.83,2,326.053,408.123,-38.416,-130,1.2,1
trayectoria,18.83,3,305.938,199.672,-119,110,0.8,0
trayectoria,18.84,0,252.23,36.4491,-11.0303,-0.606061,3.3,1
trayectoria,18.84,1,353.795,43.5661,16.1304,-53.0435,2.3,0
trayectoria,18.84,2,325.669,406.823,-38.416,-130,1.2,1
trayectoria,18.84,3,305.938,199.672,-119,110,0.8,0
trayectoria,18.85,0,252.12,36.4431,-11.0303,-0.606061,3.3,1
trayectoria,18.85,1,353.795,43.5661,16.1304,-53.0435,2.3,0
trayectoria,18.85,2,325.284,405.523,-38.416,-130,1.2,1
trayectoria,18.85,3,305.938,199.672,-119,110,0.8,0
trayectoria,18.86,0,252.009,36.437,-11.0303,-0.606061,3.3,1
trayectoria,18.86,1,353.795,43.5661,16.1304,-53.0435,2.3,0
trayectoria,18.86,2,324.9,404.223,-38.416,-130,1.2,1
trayectoria,18.86,3,305.938,199.672,-119,110,0.8,0
trayectoria,18.87,0,251.899,36.4309,-11.0303,-0.606061,3.3,1
trayectoria,18.87,1,353.795,43.5661,16.1304,-53.0435,2.3,0
trayectoria,18.87,2,324.516,402.923,-38.416,-130,1.2,1
trayectoria,18.87,3,305.938,199.672,-119,110,0.8,0
trayectoria,18.88,0,251.789,36.4249,-11.0303,-0.606061,3.3,1
trayectoria,18.88,1,353.795,43.5661,16.1304,-53.0435,2.3,0
trayectoria,18.88,2,324.132,401.623,-38.416,-130,1.2,1
trayectoria,18.88,3,305.938,199.672,-119,110,0.8,0
trayectoria,18.89,0,251.678,36.4188,-11.0303,-0.606061,3.3,1
trayectoria,18.89,1,353.795,43.5661,16.1304,-53.0435,2.3,0
trayectoria,18.89,2,323.748,400.323,-38.416,-130,1.2,1
trayectoria,18.89,3,305.938,199.672,-119,110,0.8,0
trayectoria,18.9,0,251.568,36.4128,-11.0303,-0.606061,3.3,1
trayectoria,18.9,1,353.795,43.5661,16.1304,-53.0435,2.3,0
trayectoria,18.9,2,323.364,399.023,-38.416,-130,1.2,1
trayectoria,18.9,3,305.938,199.672,-119,110,0.8,0
trayectoria,18.91,0,251.458,36.4067,-11.0303,-0.606061,3.3,1
trayectoria,18.91,1,353.795,43.5661,16.1304,-53.0435,2.3,0
trayectoria,18.91,2,322.979,397.723,-38.416,-130,1.2,1
trayectoria,18.91,3,305.938,199.672,-119,110,0.8,0
trayectoria,18.92,0,251.348,36.4006,-11.0303,-0.606061,3.3,1
trayectoria,18.92,1,353.795,43.5661,16.1304,-53.0435,2.3,0
trayectoria,18.92,2,322.595,396.423,-38.416,-130,1.2,1
trayectoria,18.92,3,305.938,199.672,-119,110,0.8,0
trayectoria,18.93,0,251.237,36.3946,-11.0303,-0.606061,3.3,1
trayectoria,18.93,1,353.795,43.5661,16.1304,-53.0435,2.3,0
trayectoria,18.93,2,322.211,395.123,-38.416,-130,1.2,1
trayectoria,18.93,3,305.938,199.672,-119,110,0.8,0
trayectoria,18.94,0,251.127,36.3885,-11.0303,-0.606061,3.3,1
trayectoria,18.94,1,353.795,43.5661,16.1304,-53.0435,2.3,0
trayectoria,18.94,2,321.827,393.823,-38.416,-130,1.2,1
trayectoria,18.94,3,305.938,199.672,-119,110,0.8,0
trayectoria,18.95,0,251.017,36.3825,-11.0303,-0.606061,3.3,1
trayectoria,18.95,1,353.795,43.5661,16.1304,-53.0435,2.3,0
trayectoria,18.95,2,321.443,392.523,-38.416,-130,1.2,1
trayectoria,18.95,3,305.938,199.672,-119,110,0.8,0
trayectoria,18.96,0,250.906,36.3764,-11.0303,-0.606061,3.3,1
trayectoria,18.96,1,353.795,43.5661,16.1304,-53.0435,2.3,0
trayectoria,18.96,2,321.059,391.223,-38.416,-130,1.2,1
trayectoria,18.96,3,305.938,199.672,-119,110,0.8,0
trayectoria,18.97,0,250.796,36.3703,-11.0303,-0.606061,3.3,1
trayectoria,18.97,1,353.795,43.5661,16.1304,-53.0435,2.3,0
trayectoria,18.97,2,320.674,389.923,-38.416,-130,1.2,1
trayectoria,18.97,3,305.938,199.672,-119,110,0.8,0
trayectoria,18.98,0,250.686,36.3643,-11.0303,-0.606061,3.3,1
trayectoria,18.98,1,353.795,43.5661,16.1304,-53.0435,2.3,0
trayectoria,18.98,2,320.29,388.623,-38.416,-130,1.2,1
trayectoria,18.98,3,305.938,199.672,-119,110,0.8,0
trayectoria,18.99,0,250.575,36.3582,-11.0303,-0.606061,3.3,1
trayectoria,18.99,1,353.795,43.5661,16.1304,-53.0435,2.3,0
trayectoria,18.99,2,319.906,387.323,-38.416,-130,1.2,1
trayectoria,18.99,3,305.938,199.672,-119,110,0.8,0
trayectoria,19,0,250.465,36.3522,-11.0303,-0.606061,3.3,1
trayectoria,19,1,353.795,43.5661,16.1304,-53.0435,2.3,0
trayectoria,19,2,319.522,386.023,-38.416,-130,1.2,1
trayectoria,19,3,305.938,199.672,-119,110,0.8,0
trayectoria,19.01,0,250.355,36.3461,-11.0303,-0.606061,3.3,1
trayectoria,19.01,1,353.795,43.5661,16.1304,-53.0435,2.3,0
trayectoria,19.01,2,319.138,384.723,-38.416,-130,1.2,1
trayectoria,19.01,3,305.938,199.672,-119,110,0.8,0
trayectoria,19.02,0,250.245,36.34,-11.0303,-0.606061,3.3,1
trayectoria,19.02,1,353.795,43.5661,16.1304,-53.0435,2.3,0
trayectoria,19.02,2,318.754,383.423,-38.416,-130,1.2,1
trayectoria,19.02,3,305.938,199.672,-119,110,0.8,0
trayectoria,19.03,0,250.134,36.334,-11.0303,-0.606061,3.3,1
trayectoria,19.03,1,353.795,43.5661,16.1304,-53.0435,2.3,0
trayectoria,19.03,2,318.369,382.123,-38.416,-130,1.2,1
trayectoria,19.03,3,305.938,199.672,-119,110,0.8,0
trayectoria,19.04,0,250.024,36.3279,-11.0303,-0.606061,3.3,1
trayectoria,19.04,1,353.795,43.5661,16.1304,-53.0435,2.3,0
trayectoria,19.04,2,317.985,380.823,-38.416,-130,1.2,1
trayectoria,19.04,3,305.938,199.672,-119,110,0.8,0
trayectoria,19.05,0,249.914,36.3219,-11.0303,-0.606061,3.3,1
trayectoria,19.05,1,353.795,43.5661,16.1304,-53.0435,2.3,0
trayectoria,19.05,2,317.601,379.523,-38.416,-130,1.2,1
trayectoria,19.05,3,305.938,199.672,-119,110,0.8,0
trayectoria,19.06,0,249.803,36.3158,-11.0303,-0.606061,3.3,1
trayectoria,19.06,1,353.795,43.5661,16.1304,-53.0435,2.3,0
trayectoria,19.06,2,317.217,378.223,-38.416,-130,1.2,1
trayectoria,19.06,3,305.938,199.672,-119,110,0.8,0
trayectoria,19.07,0,249.693,36.3097,-11.0303,-0.606061,3.3,1
trayectoria,19.07,1,353.795,43.5661,16.1304,-53.0435,2.3,0
trayectoria,19.07,2,316.833,376.923,-38.416,-130,1.2,1
trayectoria,19.07,3,305.938,199.672,-119,110,0.8,0
trayectoria,19.08,0,249.583,36.3037,-11.0303,-0.606061,3.3,1
trayectoria,19.08,1,353.795,43.5661,16.1304,-53.0435,2.3,0
trayectoria,19.08,2,316.449,375.623,-38.416,-130,1.2,1
trayectoria,19.08,3,305.938,199.672,-119,110,0.8,0
trayectoria,19.09,0,249.472,36.2976,-11.0303,-0.606061,3.3,1
trayectoria,19.09,1,353.795,43.5661,16.1304,-53.0435,2.3,0
trayectoria,19.09,2,316.065,374.323,-38.416,-130,1.2,1
trayectoria,19.09,3,305.938,199.672,-119,110,0.8,0
trayectoria,19.1,0,249.362,36.2916,-11.0303,-0.606061,3.3,1
trayectoria,19.1,1,353.795,43.5661,16.1304,-53.0435,2.3,0
trayectoria,19.1,2,315.68,373.023,-38.416,-130,1.2,1
trayectoria,19.1,3,305.938,199.672,-119,110,0.8,0
trayectoria,19.11,0,249.252,36.2855,-11.0303,-0.606061,3.3,1
trayectoria,19.11,1,353.795,43.5661,16.1304,-53.0435,2.3,0
trayectoria,19.11,2,315.296,371.723,-38.416,-130,1.2,1
trayectoria,19.11,3,305.938,199.672,-119,110,0.8,0
trayectoria,19.12,0,249.141,36.2794,-11.0303,-0.606061,3.3,1
trayectoria,19.12,1,353.795,43.5661,16.1304,-53.0435,2.3,0
trayectoria,19.12,2,314.912,370.423,-38.416,-130,1.2,1
trayectoria,19.12,3,305.938,199.672,-119,110,0.8,0
trayectoria,19.13,0,249.031,36.2734,-11.0303,-0.606061,3.3,1
trayectoria,19.13,1,353.795,43.5661,16.1304,-53.0435,2.3,0
trayectoria,19.13,2,314.528,369.123,-38.416,-130,1.2,1
trayectoria,19.13,3,305.938,199.672,-119,110,0.8,0
trayectoria,19.14,0,248.921,36.2673,-11.0303,-0.606061,3.3,1
trayectoria,19.14,1,353.795,43.5661,16.1304,-53.0435,2.3,0
trayectoria,19.14,2,314.144,367.823,-38.416,-130,1.2,1
trayectoria,19.14,3,305.938,199.672,-119,110,0.8,0
trayectoria,19.15,0,248.811,36.2612,-11.0303,-0.606061,3.3,1
trayectoria,19.15,1,353.795,43.5661,16.1304,-53.0435,2.3,0
trayectoria,19.15,2,313.76,366.523,-38.416,-130,1.2,1
trayectoria,19.15,3,305.938,199.672,-119,110,0.8,0
trayectoria,19.16,0,248.7,36.2552,-11.0303,-0.606061,3.3,1
trayectoria,19.16,1,353.795,43.5661,16.1304,-53.0435,2.3,0
trayectoria,19.16,2,313.375,365.223,-38.416,-130,1.2,1
trayectoria,19.16,3,305.938,199.672,-119,110,0.8,0
trayectoria,19.17,0,248.59,36.2491,-11.0303,-0.606061,3.3,1
trayectoria,19.17,1,353.795,43.5661,16.1304,-53.0435,2.3,0
trayectoria,19.17,2,312.991,363.923,-38.416,-130,1.2,1
trayectoria,19.17,3,305.938,199.672,-119,110,0.8,0
trayectoria,19.18,0,248.48,36.2431,-11.0303,-0.606061,3.3,1
trayectoria,19.18,1,353.795,43.5661,16.1304,-53.0435,2.3,0
trayectoria,19.18,2,312.607,362.623,-38.416,-130,1.2,1
trayectoria,19.18,3,305.938,199.672,-119,110,0.8,0
trayectoria,19.19,0,248.369,36.237,-11.0303,-0.606061,3.3,1
trayectoria,19.19,1,353.795,43.5661,16.1304,-53.0435,2.3,0
trayectoria,19.19,2,312.223,361.323,-38.416,-130,1.2,1
trayectoria,19.19,3,305.938,199.672,-119,110,0.8,0
trayectoria,19.2,0,248.259,36.2309,-11.0303,-0.606061,3.3,1
trayectoria,19.2,1,353.795,43.5661,16.1304,-53.0435,2.3,0
trayectoria,19.2,2,311.839,360.023,-38.416,-130,1.2,1
trayectoria,19.2,3,305.938,199.672,-119,110,0.8,0
trayectoria,19.21,0,248.149,36.2249,-11.0303,-0.606061,3.3,1
trayectoria,19.21,1,353.795,43.5661,16.1304,-53.0435,2.3,0
trayectoria,19.21,2,311.455,358.723,-38.416,-130,1.2,1
trayectoria,19.21,3,305.938,199.672,-119,110,0.8,0
trayectoria,19.22,0,248.038,36.2188,-11.0303,-0.606061,3.3,1
trayectoria,19.22,1,353.795,43.5661,16.1304,-53.0435,2.3,0
trayectoria,19.22,2,311.07,357.423,-38.416,-130,1.2,1
trayectoria,19.22,3,305.938,199.672,-119,110,0.8,0
trayectoria,19.23,0,247.928,36.2128,-11.0303,-0.606061,3.3,1
trayectoria,19.23,1,353.795,43.5661,16.1304,-53.0435,2.3,0
trayectoria,19.23,2,310.686,356.123,-38.416,-130,1.2,1
trayectoria,19.23,3,305.938,199.672,-119,110,0.8,0
trayectoria,19.24,0,247.818,36.2067,-11.0303,-0.606061,3.3,1
trayectoria,19.24,1,353.795,43.5661,16.1304,-53.0435,2.3,0
trayectoria,19.24,2,310.302,354.823,-38.416,-130,1.2,1
trayectoria,19.24,3,305.938,199.672,-119,110,0.8,0
trayectoria,19.25,0,247.708,36.2006,-11.0303,-0.606061,3.3,1
trayectoria,19.25,1,353.795,43.5661,16.1304,-53.0435,2.3,0
trayectoria,19.25,2,309.918,353.523,-38.416,-130,1.2,1
trayectoria,19.25,3,305.938,199.672,-119,110,0.8,0
trayectoria,19.26,0,247.597,36.1946,-11.0303,-0.606061,3.3,1
trayectoria,19.26,1,353.795,43.5661,16.1304,-53.0435,2.3,0
trayectoria,19.26,2,309.534,352.223,-38.416,-130,1.2,1
trayectoria,19.26,3,305.938,199.672,-119,110,0.8,0
trayectoria,19.27,0,247.487,36.1885,-11.0303,-0.606061,3.3,1
trayectoria,19.27,1,353.795,43.5661,16.1304,-53.0435,2.3,0
trayectoria,19.27,2,309.15,350.923,-38.416,-130,1.2,1
trayectoria,19.27,3,305.938,199.672,-119,110,0.8,0
trayectoria,19.28,0,247.377,36.1825,-11.0303,-0.606061,3.3,1
trayectoria,19.28,1,353.795,43.5661,16.1304,-53.0435,2.3,0
trayectoria,19.28,2,308.765,349.623,-38.416,-130,1.2,1
trayectoria,19.28,3,305.938,199.672,-119,110,0.8,0
trayectoria,19.29,0,247.266,36.1764,-11.0303,-0.606061,3.3,1
trayectoria,19.29,1,353.795,43.5661,16.1304,-53.0435,2.3,0
trayectoria,19.29,2,308.381,348.323,-38.416,-130,1.2,1
trayectoria,19.29,3,305.938,199.672,-119,110,0.8,0
trayectoria,19.3,0,247.156,36.1703,-11.0303,-0.606061,3.3,1
trayectoria,19.3,1,353.795,43.5661,16.1304,-53.0435,2.3,0
trayectoria,19.3,2,307.997,347.023,-38.416,-130,1.2,1
trayectoria,19.3,3,305.938,199.672,-119,110,0.8,0
trayectoria,19.31,0,247.046,36.1643,-11.0303,-0.606061,3.3,1
trayectoria,19.31,1,353.795,43.5661,16.1304,-53.0435,2.3,0
trayectoria,19.31,2,307.613,345.723,-38.416,-130,1.2,1
trayectoria,19.31,3,305.938,199.672,-119,110,0.8,0
trayectoria,19.32,0,246.935,36.1582,-11.0303,-0.606061,3.3,1
trayectoria,19.32,1,353.795,43.5661,16.1304,-53.0435,2.3,0
trayectoria,19.32,2,307.229,344.423,-38.416,-130,1.2,1
trayectoria,19.32,3,305.938,199.672,-119,110,0.8,0
trayectoria,19.33,0,246.825,36.1522,-11.0303,-0.606061,3.3,1
trayectoria,19.33,1,353.795,43.5661,16.1304,-53.0435,2.3,0
trayectoria,19.33,2,306.845,343.123,-38.416,-130,1.2,1
trayectoria,19.33,3,305.938,199.672,-119,110,0.8,0
trayectoria,19.34,0,246.715,36.1461,-11.0303,-0.606061,3.3,1
trayectoria,19.34,1,353.795,43.5661,16.1304,-53.0435,2.3,0
trayectoria,19.34,2,306.461,341.823,-38.416,-130,1.2,1
trayectoria,19.34,3,305.938,199.672,-119,110,0.8,0
trayectoria,19.35,0,246.605,36.14,-11.0303,-0.606061,3.3,1
trayectoria,19.35,1,353.795,43.5661,16.1304,-53.0435,2.3,0
trayectoria,19.35,2,306.076,340.523,-38.416,-130,1.2,1
trayectoria,19.35,3,305.938,199.672,-119,110,0.8,0
trayectoria,19.36,0,246.494,36.134,-11.0303,-0.606061,3.3,1
trayectoria,19.36,1,353.795,43.5661,16.1304,-53.0435,2.3,0
trayectoria,19.36,2,305.692,339.223,-38.416,-130,1.2,1
trayectoria,19.36,3,305.938,199.672,-119,110,0.8,0
trayectoria,19.37,0,246.384,36.1279,-11.0303,-0.606061,3.3,1
trayectoria,19.37,1,353.795,43.5661,16.1304,-53.0435,2.3,0
trayectoria,19.37,2,305.308,337.923,-38.416,-130,1.2,1
trayectoria,19.37,3,305.938,199.672,-119,110,0.8,0
trayectoria,19.38,0,246.274,36.1219,-11.0303,-0.606061,3.3,1
trayectoria,19.38,1,353.795,43.5661,16.1304,-53.0435,2.3,0
trayectoria,19.38,2,304.924,336.623,-38.416,-130,1.2,1
trayectoria,19.38,3,305.938,199.672,-119,110,0.8,0
trayectoria,19.39,0,246.163,36.1158,-11.0303,-0.606061,3.3,1
trayectoria,19.39,1,353.795,43.5661,16.1304,-53.0435,2.3,0
trayectoria,19.39,2,304.54,335.323,-38.416,-130,1.2,1
trayectoria,19.39,3,305.938,199.672,-119,110,0.8,0
trayectoria,19.4,0,246.053,36.1097,-11.0303,-0.606061,3.3,1
trayectoria,19.4,1,353.795,43.5661,16.1304,-53.0435,2.3,0
trayectoria,19.4,2,304.156,334.023,-38.416,-130,1.2,1
trayectoria,19.4,3,305.938,199.672,-119,110,0.8,0
trayectoria,19.41,0,245.943,36.1037,-11.0303,-0.606061,3.3,1
trayectoria,19.41,1,353.795,43.5661,16.1304,-53.0435,2.3,0
trayectoria,19.41,2,303.771,332.723,-38.416,-130,1.2,1
trayectoria,19.41,3,305.938,199.672,-119,110,0.8,0
trayectoria,19.42,0,245.832,36.0976,-11.0303,-0.606061,3.3,1
trayectoria,19.42,1,353.795,43.5661,16.1304,-53.0435,2.3,0
trayectoria,19.42,2,303.387,331.423,-38.416,-130,1.2,1
trayectoria,19.42,3,305.938,199.672,-119,110,0.8,0
trayectoria,19.43,0,245.722,36.0916,-11.0303,-0.606061,3.3,1
trayectoria,19.43,1,353.795,43.5661,16.1304,-53.0435,2.3,0
trayectoria,19.43,2,303.003,330.123,-38.416,-130,1.2,1
trayectoria,19.43,3,305.938,199.672,-119,110,0.8,0
trayectoria,19.44,0,245.612,36.0855,-11.0303,-0.606061,3.3,1
trayectoria,19.44,1,353.795,43.5661,16.1304,-53.0435,2.3,0
trayectoria,19.44,2,302.619,328.823,-38.416,-130,1.2,1
trayectoria,19.44,3,305.938,199.672,-119,110,0.8,0
trayectoria,19.45,0,245.501,36.0794,-11.0303,-0.606061,3.3,1
trayectoria,19.45,1,353.795,43.5661,16.1304,-53.0435,2.3,0
trayectoria,19.45,2,302.235,327.523,-38.416,-130,1.2,1
trayectoria,19.45,3,305.938,199.672,-119,110,0.8,0
trayectoria,19.46,0,245.391,36.0734,-11.0303,-0.606061,3.3,1
trayectoria,19.46,1,353.795,43.5661,16.1304,-53.0435,2.3,0
trayectoria,19.46,2,301.851,326.223,-38.416,-130,1.2,1
trayectoria,19.46,3,305.938,199.672,-119,110,0.8,0
trayectoria,19.47,0,245.281,36.0673,-11.0303,-0.606061,3.3,1
trayectoria,19.47,1,353.795,43.5661,16.1304,-53.0435,2.3,0
trayectoria,19.47,2,301.466,324.923,-38.416,-130,1.2,1
trayectoria,19.47,3,305.938,199.672,-119,110,0.8,0
trayectoria,19.48,0,245.171,36.0612,-11.0303,-0.606061,3.3,1
trayectoria,19.48,1,353.795,43.5661,16.1304,-53.0435,2.3,0
trayectoria,19.48,2,301.082,323.623,-38.416,-130,1.2,1
trayectoria,19.48,3,305.938,199.672,-119,110,0.8,0
trayectoria,19.49,0,245.06,36.0552,-11.0303,-0.606061,3.3,1
trayectoria,19.49,1,353.795,43.5661,16.1304,-53.0435,2.3,0
trayectoria,19.49,2,300.698,322.323,-38.416,-130,1.2,1
trayectoria,19.49,3,305.938,199.672,-119,110,0.8,0
trayectoria,19.5,0,244.95,36.0491,-11.0303,-0.606061,3.3,1
trayectoria,19.5,1,353.795,43.5661,16.1304,-53.0435,2.3,0
trayectoria,19.5,2,300.314,321.023,-38.416,-130,1.2,1
trayectoria,19.5,3,305.938,199.672,-119,110,0.8,0
trayectoria,19.51,0,244.84,36.0431,-11.0303,-0.606061,3.3,1
trayectoria,19.51,1,353.795,43.5661,16.1304,-53.0435,2.3,0
trayectoria,19.51,2,299.93,319.723,-38.416,-130,1.2,1
trayectoria,19.51,3,305.938,199.672,-119,110,0.8,0
trayectoria,19.52,0,244.729,36.037,-11.0303,-0.606061,3.3,1
trayectoria,19.52,1,353.795,43.5661,16.1304,-53.0435,2.3,0
trayectoria,19.52,2,299.546,318.423,-38.416,-130,1.2,1
trayectoria,19.52,3,305.938,199.672,-119,110,0.8,0
trayectoria,19.53,0,244.619,36.0309,-11.0303,-0.606061,3.3,1
trayectoria,19.53,1,353.795,43.5661,16.1304,-53.0435,2.3,0
trayectoria,19.53,2,299.161,317.123,-38.416,-130,1.2,1
trayectoria,19.53,3,305.938,199.672,-119,110,0.8,0
trayectoria,19.54,0,244.509,36.0249,-11.0303,-0.606061,3.3,1
trayectoria,19.54,1,353.795,43.5661,16.1304,-53.0435,2.3,0
trayectoria,19.54,2,298.777,315.823,-38.416,-130,1.2,1
trayectoria,19.54,3,305.938,199.672,-119,110,0.8,0
trayectoria,19.55,0,244.398,36.0188,-11.0303,-0.606061,3.3,1
trayectoria,19.55,1,353.795,43.5661,16.1304,-53.0435,2.3,0
trayectoria,19.55,2,298.393,314.523,-38.416,-130,1.2,1
trayectoria,19.55,3,305.938,199.672,-119,110,0.8,0
trayectoria,19.56,0,244.288,36.0128,-11.0303,-0.606061,3.3,1
trayectoria,19.56,1,353.795,43.5661,16.1304,-53.0435,2.3,0
trayectoria,19.56,2,298.009,313.223,-38.416,-130,1.2,1
trayectoria,19.56,3,305.938,199.672,-119,110,0.8,0
trayectoria,19.57,0,244.178,36.0067,-11.0303,-0.606061,3.3,1
trayectoria,19.57,1,353.795,43.5661,16.1304,-53.0435,2.3,0
trayectoria,19.57,2,297.625,311.923,-38.416,-130,1.2,1
trayectoria,19.57,3,305.938,199.672,-119,110,0.8,0
trayectoria,19.58,0,244.068,36.0006,-11.0303,-0.606061,3.3,1
trayectoria,19.58,1,353.795,43.5661,16.1304,-53.0435,2.3,0
trayectoria,19.58,2,297.241,310.623,-38.416,-130,1.2,1
trayectoria,19.58,3,305.938,199.672,-119,110,0.8,0
trayectoria,19.59,0,243.957,35.9946,-11.0303,-0.606061,3.3,1
trayectoria,19.59,1,353.795,43.5661,16.1304,-53.0435,2.3,0
trayectoria,19.59,2,296.857,309.323,-38.416,-130,1.2,1
trayectoria,19.59,3,305.938,199.672,-119,110,0.8,0
trayectoria,19.6,0,243.847,35.9885,-11.0303,-0.606061,3.3,1
trayectoria,19.6,1,353.795,43.5661,16.1304,-53.0435,2.3,0
trayectoria,19.6,2,296.472,308.023,-38.416,-130,1.2,1
trayectoria,19.6,3,305.938,199.672,-119,110,0.8,0
trayectoria,19.61,0,243.737,35.9825,-11.0303,-0.606061,3.3,1
trayectoria,19.61,1,353.795,43.5661,16.1304,-53.0435,2.3,0
trayectoria,19.61,2,296.088,306.723,-38.416,-130,1.2,1
trayectoria,19.61,3,305.938,199.672,-119,110,0.8,0
trayectoria,19.62,0,243.626,35.9764,-11.0303,-0.606061,3.3,1
trayectoria,19.62,1,353.795,43.5661,16.1304,-53.0435,2.3,0
trayectoria,19.62,2,295.704,305.423,-38.416,-130,1.2,1
trayectoria,19.62,3,305.938,199.672,-119,110,0.8,0
trayectoria,19.63,0,243.516,35.9703,-11.0303,-0.606061,3.3,1
trayectoria,19.63,1,353.795,43.5661,16.1304,-53.0435,2.3,0
trayectoria,19.63,2,295.32,304.123,-38.416,-130,1.2,1
trayectoria,19.63,3,305.938,199.672,-119,110,0.8,0
trayectoria,19.64,0,243.406,35.9643,-11.0303,-0.606061,3.3,1
trayectoria,19.64,1,353.795,43.5661,16.1304,-53.0435,2.3,0
trayectoria,19.64,2,294.936,302.823,-38.416,-130,1.2,1
trayectoria,19.64,3,305.938,199.672,-119,110,0.8,0
trayectoria,19.65,0,243.295,35.9582,-11.0303,-0.606061,3.3,1
trayectoria,19.65,1,353.795,43.5661,16.1304,-53.0435,2.3,0
trayectoria,19.65,2,294.552,301.523,-38.416,-130,1.2,1
trayectoria,19.65,3,305.938,199.672,-119,110,0.8,0
trayectoria,19.66,0,243.185,35.9522,-11.0303,-0.606061,3.3,1
trayectoria,19.66,1,353.795,43.5661,16.1304,-53.0435,2.3,0
trayectoria,19.66,2,294.167,300.223,-38.416,-130,1.2,1
trayectoria,19.66,3,305.938,199.672,-119,110,0.8,0
trayectoria,19.67,0,243.075,35.9461,-11.0303,-0.606061,3.3,1
trayectoria,19.67,1,353.795,43.5661,16.1304,-53.0435,2.3,0
trayectoria,19.67,2,293.783,298.923,-38.416,-130,1.2,1
trayectoria,19.67,3,305.938,199.672,-119,110,0.8,0
trayectoria,19.68,0,242.965,35.94,-11.0303,-0.606061,3.3,1
trayectoria,19.68,1,353.795,43.5661,16.1304,-53.0435,2.3,0
trayectoria,19.68,2,293.399,297.623,-38.416,-130,1.2,1
trayectoria,19.68,3,305.938,199.672,-119,110,0.8,0
trayectoria,19.69,0,242.854,35.934,-11.0303,-0.606061,3.3,1
trayectoria,19.69,1,353.795,43.5661,16.1304,-53.0435,2.3,0
trayectoria,19.69,2,293.015,296.323,-38.416,-130,1.2,1
trayectoria,19.69,3,305.938,199.672,-119,110,0.8,0
trayectoria,19.7,0,242.744,35.9279,-11.0303,-0.606061,3.3,1
trayectoria,19.7,1,353.795,43.5661,16.1304,-53.0435,2.3,0
trayectoria,19.7,2,292.631,295.023,-38.416,-130,1.2,1
trayectoria,19.7,3,305.938,199.672,-119,110,0.8,0
trayectoria,19.71,0,242.634,35.9219,-11.0303,-0.606061,3.3,1
trayectoria,19.71,1,353.795,43.5661,16.1304,-53.0435,2.3,0
trayectoria,19.71,2,292.247,293.723,-38.416,-130,1.2,1
trayectoria,19.71,3,305.938,199.672,-119,110,0.8,0
trayectoria,19.72,0,242.523,35.9158,-11.0303,-0.606061,3.3,1
trayectoria,19.72,1,353.795,43.5661,16.1304,-53.0435,2.3,0
trayectoria,19.72,2,291.862,292.423,-38.416,-130,1.2,1
trayectoria,19.72,3,305.938,199.672,-119,110,0.8,0
trayectoria,19.73,0,242.413,35.9097,-11.0303,-0.606061,3.3,1
trayectoria,19.73,1,353.795,43.5661,16.1304,-53.0435,2.3,0
trayectoria,19.73,2,291.478,291.123,-38.416,-130,1.2,1
trayectoria,19.73,3,305.938,199.672,-119,110,0.8,0
trayectoria,19.74,0,242.303,35.9037,-11.0303,-0.606061,3.3,1
trayectoria,19.74,1,353.795,43.5661,16.1304,-53.0435,2.3,0
trayectoria,19.74,2,291.094,289.823,-38.416,-130,1.2,1
trayectoria,19.74,3,305.938,199.672,-119,110,0.8,0
trayectoria,19.75,0,242.192,35.8976,-11.0303,-0.606061,3.3,1
trayectoria,19.75,1,353.795,43.5661,16.1304,-53.0435,2.3,0
trayectoria,19.75,2,290.71,288.523,-38.416,-130,1.2,1
trayectoria,19.75,3,305.938,199.672,-119,110,0.8,0
trayectoria,19.76,0,242.082,35.8916,-11.0303,-0.606061,3.3,1
trayectoria,19.76,1,353.795,43.5661,16.1304,-53.0435,2.3,0
trayectoria,19.76,2,290.326,287.223,-38.416,-130,1.2,1
trayectoria,19.76,3,305.938,199.672,-119,110,0.8,0
trayectoria,19.77,0,241.972,35.8855,-11.0303,-0.606061,3.3,1
trayectoria,19.77,1,353.795,43.5661,16.1304,-53.0435,2.3,0
trayectoria,19.77,2,289.942,285.923,-38.416,-130,1.2,1
trayectoria,19.77,3,305.938,199.672,-119,110,0.8,0
trayectoria,19.78,0,241.861,35.8794,-11.0303,-0.606061,3.3,1
trayectoria,19.78,1,353.795,43.5661,16.1304,-53.0435,2.3,0
trayectoria,19.78,2,289.557,284.623,-38.416,-130,1.2,1
trayectoria,19.78,3,305.938,199.672,-119,110,0.8,0
trayectoria,19.79,0,241.751,35.8734,-11.0303,-0.606061,3.3,1
trayectoria,19.79,1,353.795,43.5661,16.1304,-53.0435,2.3,0
trayectoria,19.79,2,289.173,283.323,-38.416,-130,1.2,1
trayectoria,19.79,3,305.938,199.672,-119,110,0.8,0
trayectoria,19.8,0,241.641,35.8673,-11.0303,-0.606061,3.3,1
trayectoria,19.8,1,353.795,43.5661,16.1304,-53.0435,2.3,0
trayectoria,19.8,2,288.789,282.023,-38.416,-130,1.2,1
trayectoria,19.8,3,305.938,199.672,-119,110,0.8,0
trayectoria,19.81,0,241.531,35.8612,-11.0303,-0.606061,3.3,1
trayectoria,19.81,1,353.795,43.5661,16.1304,-53.0435,2.3,0
trayectoria,19.81,2,288.405,280.723,-38.416,-130,1.2,1
trayectoria,19.81,3,305.938,199.672,-119,110,0.8,0
trayectoria,19.82,0,241.42,35.8552,-11.0303,-0.606061,3.3,1
trayectoria,19.82,1,353.795,43.5661,16.1304,-53.0435,2.3,0
trayectoria,19.82,2,288.021,279.423,-38.416,-130,1.2,1
trayectoria,19.82,3,305.938,199.672,-119,110,0.8,0
trayectoria,19.83,0,241.31,35.8491,-11.0303,-0.606061,3.3,1
trayectoria,19.83,1,353.795,43.5661,16.1304,-53.0435,2.3,0
trayectoria,19.83,2,287.637,278.123,-38.416,-130,1.2,1
trayectoria,19.83,3,305.938,199.672,-119,110,0.8,0
trayectoria,19.84,0,241.2,35.8431,-11.0303,-0.606061,3.3,1
trayectoria,19.84,1,353.795,43.5661,16.1304,-53.0435,2.3,0
trayectoria,19.84,2,287.253,276.823,-38.416,-130,1.2,1
trayectoria,19.84,3,305.938,199.672,-119,110,0.8,0
trayectoria,19.85,0,241.089,35.837,-11.0303,-0.606061,3.3,1
trayectoria,19.85,1,353.795,43.5661,16.1304,-53.0435,2.3,0
trayectoria,19.85,2,286.868,275.523,-38.416,-130,1.2,1
trayectoria,19.85,3,305.938,199.672,-119,110,0.8,0
trayectoria,19.86,0,240.979,35.8309,-11.0303,-0.606061,3.3,1
trayectoria,19.86,1,353.795,43.5661,16.1304,-53.0435,2.3,0
trayectoria,19.86,2,286.484,274.223,-38.416,-130,1.2,1
trayectoria,19.86,3,305.938,199.672,-119,110,0.8,0
trayectoria,19.87,0,240.869,35.8249,-11.0303,-0.606061,3.3,1
trayectoria,19.87,1,353.795,43.5661,16.1304,-53.0435,2.3,0
trayectoria,19.87,2,286.1,272.923,-38.416,-130,1.2,1
trayectoria,19.87,3,305.938,199.672,-119,110,0.8,0
trayectoria,19.88,0,240.758,35.8188,-11.0303,-0.606061,3.3,1
trayectoria,19.88,1,353.795,43.5661,16.1304,-53.0435,2.3,0
trayectoria,19.88,2,285.716,271.623,-38.416,-130,1.2,1
trayectoria,19.88,3,305.938,199.672,-119,110,0.8,0
trayectoria,19.89,0,240.648,35.8128,-11.0303,-0.606061,3.3,1
trayectoria,19.89,1,353.795,43.5661,16.1304,-53.0435,2.3,0
trayectoria,19.89,2,285.332,270.323,-38.416,-130,1.2,1
trayectoria,19.89,3,305.938,199.672,-119,110,0.8,0
trayectoria,19.9,0,240.538,35.8067,-11.0303,-0.606061,3.3,1
trayectoria,19.9,1,353.795,43.5661,16.1304,-53.0435,2.3,0
trayectoria,19.9,2,284.948,269.023,-38.416,-130,1.2,1
trayectoria,19.9,3,305.938,199.672,-119,110,0.8,0
trayectoria,19.91,0,240.428,35.8006,-11.0303,-0.606061,3.3,1
trayectoria,19.91,1,353.795,43.5661,16.1304,-53.0435,2.3,0
trayectoria,19.91,2,284.563,267.723,-38.416,-130,1.2,1
trayectoria,19.91,3,305.938,199.672,-119,110,0.8,0
trayectoria,19.92,0,240.317,35.7946,-11.0303,-0.606061,3.3,1
trayectoria,19.92,1,353.795,43.5661,16.1304,-53.0435,2.3,0
trayectoria,19.92,2,284.179,266.423,-38.416,-130,1.2,1
trayectoria,19.92,3,305.938,199.672,-119,110,0.8,0
trayectoria,19.93,0,240.207,35.7885,-11.0303,-0.606061,3.3,1
trayectoria,19.93,1,353.795,43.5661,16.1304,-53.0435,2.3,0
trayectoria,19.93,2,283.795,265.123,-38.416,-130,1.2,1
trayectoria,19.93,3,305.938,199.672,-119,110,0.8,0
trayectoria,19.94,0,240.097,35.7825,-11.0303,-0.606061,3.3,1
trayectoria,19.94,1,353.795,43.5661,16.1304,-53.0435,2.3,0
trayectoria,19.94,2,283.411,263.823,-38.416,-130,1.2,1
trayectoria,19.94,3,305.938,199.672,-119,110,0.8,0
trayectoria,19.95,0,239.986,35.7764,-11.0303,-0.606061,3.3,1
trayectoria,19.95,1,353.795,43.5661,16.1304,-53.0435,2.3,0
trayectoria,19.95,2,283.027,262.523,-38.416,-130,1.2,1
trayectoria,19.95,3,305.938,199.672,-119,110,0.8,0
trayectoria,19.96,0,239.876,35.7703,-11.0303,-0.606061,3.3,1
trayectoria,19.96,1,353.795,43.5661,16.1304,-53.0435,2.3,0
trayectoria,19.96,2,282.643,261.223,-38.416,-130,1.2,1
trayectoria,19.96,3,305.938,199.672,-119,110,0.8,0
trayectoria,19.97,0,239.766,35.7643,-11.0303,-0.606061,3.3,1
trayectoria,19.97,1,353.795,43.5661,16.1304,-53.0435,2.3,0
trayectoria,19.97,2,282.258,259.923,-38.416,-130,1.2,1
trayectoria,19.97,3,305.938,199.672,-119,110,0.8,0
trayectoria,19.98,0,239.655,35.7582,-11.0303,-0.606061,3.3,1
trayectoria,19.98,1,353.795,43.5661,16.1304,-53.0435,2.3,0
trayectoria,19.98,2,281.874,258.623,-38.416,-130,1.2,1
trayectoria,19.98,3,305.938,199.672,-119,110,0.8,0
trayectoria,19.99,0,239.545,35.7522,-11.0303,-0.606061,3.3,1
trayectoria,19.99,1,353.795,43.5661,16.1304,-53.0435,2.3,0
trayectoria,19.99,2,281.49,257.323,-38.416,-130,1.2,1
trayectoria,19.99,3,305.938,199.672,-119,110,0.8,0
trayectoria,20,0,239.435,35.7461,-11.0303,-0.606061,3.3,1
trayectoria,20,1,353.795,43.5661,16.1304,-53.0435,2.3,0
trayectoria,20,2,281.106,256.023,-38.416,-130,1.2,1
trayectoria,20,3,305.938,199.672,-119,110,0.8,0
trayectoria,20.01,0,239.325,35.74,-11.0303,-0.606061,3.3,1
trayectoria,20.01,1,353.795,43.5661,16.1304,-53.0435,2.3,0
trayectoria,20.01,2,280.722,254.723,-38.416,-130,1.2,1
trayectoria,20.01,3,305.938,199.672,-119,110,0.8,0
trayectoria,20.02,0,239.214,35.734,-11.0303,-0.606061,3.3,1
trayectoria,20.02,1,353.795,43.5661,16.1304,-53.0435,2.3,0
trayectoria,20.02,2,280.338,253.423,-38.416,-130,1.2,1
trayectoria,20.02,3,305.938,199.672,-119,110,0.8,0
trayectoria,20.03,0,239.104,35.7279,-11.0303,-0.606061,3.3,1
trayectoria,20.03,1,353.795,43.5661,16.1304,-53.0435,2.3,0
trayectoria,20.03,2,279.953,252.123,-38.416,-130,1.2,1
trayectoria,20.03,3,305.938,199.672,-119,110,0.8,0
trayectoria,20.04,0,238.994,35.7219,-11.0303,-0.606061,3.3,1
trayectoria,20.04,1,353.795,43.5661,16.1304,-53.0435,2.3,0
trayectoria,20.04,2,279.569,250.823,-38.416,-130,1.2,1
trayectoria,20.04,3,305.938,199.672,-119,110,0.8,0
trayectoria,20.05,0,238.883,35.7158,-11.0303,-0.606061,3.3,1
trayectoria,20.05,1,353.795,43.5661,16.1304,-53.0435,2.3,0
trayectoria,20.05,2,279.185,249.523,-38.416,-130,1.2,1
trayectoria,20.05,3,305.938,199.672,-119,110,0.8,0
trayectoria,20.06,0,238.773,35.7097,-11.0303,-0.606061,3.3,1
trayectoria,20.06,1,353.795,43.5661,16.1304,-53.0435,2.3,0
trayectoria,20.06,2,278.801,248.223,-38.416,-130,1.2,1
trayectoria,20.06,3,305.938,199.672,-119,110,0.8,0
trayectoria,20.07,0,238.663,35.7037,-11.0303,-0.606061,3.3,1
trayectoria,20.07,1,353.795,43.5661,16.1304,-53.0435,2.3,0
trayectoria,20.07,2,278.417,246.923,-38.416,-130,1.2,1
trayectoria,20.07,3,305.938,199.672,-119,110,0.8,0
trayectoria,20.08,0,238.552,35.6976,-11.0303,-0.606061,3.3,1
trayectoria,20.08,1,353.795,43.5661,16.1304,-53.0435,2.3,0
trayectoria,20.08,2,278.033,245.623,-38.416,-130,1.2,1
trayectoria,20.08,3,305.938,199.672,-119,110,0.8,0
trayectoria,20.09,0,238.442,35.6916,-11.0303,-0.606061,3.3,1
trayectoria,20.09,1,353.795,43.5661,16.1304,-53.0435,2.3,0
trayectoria,20.09,2,277.649,244.323,-38.416,-130,1.2,1
trayectoria,20.09,3,305.938,199.672,-119,110,0.8,0
trayectoria,20.1,0,238.332,35.6855,-11.0303,-0.606061,3.3,1
trayectoria,20.1,1,353.795,43.5661,16.1304,-53.0435,2.3,0
trayectoria,20.1,2,277.264,243.023,-38.416,-130,1.2,1
trayectoria,20.1,3,305.938,199.672,-119,110,0.8,0
trayectoria,20.11,0,238.221,35.6794,-11.0303,-0.606061,3.3,1
trayectoria,20.11,1,353.795,43.5661,16.1304,-53.0435,2.3,0
trayectoria,20.11,2,276.88,241.723,-38.416,-130,1.2,1
trayectoria,20.11,3,305.938,199.672,-119,110,0.8,0
trayectoria,20.12,0,238.111,35.6734,-11.0303,-0.606061,3.3,1
trayectoria,20.12,1,353.795,43.5661,16.1304,-53.0435,2.3,0
trayectoria,20.12,2,276.496,240.423,-38.416,-130,1.2,1
trayectoria,20.12,3,305.938,199.672,-119,110,0.8,0
trayectoria,20.13,0,238.001,35.6673,-11.0303,-0.606061,3.3,1
trayectoria,20.13,1,353.795,43.5661,16.1304,-53.0435,2.3,0
trayectoria,20.13,2,276.112,239.123,-38.416,-130,1.2,1
trayectoria,20.13,3,305.938,199.672,-119,110,0.8,0
trayectoria,20.14,0,237.891,35.6612,-11.0303,-0.606061,3.3,1
trayectoria,20.14,1,353.795,43.5661,16.1304,-53.0435,2.3,0
trayectoria,20.14,2,275.728,237.823,-38.416,-130,1.2,1
trayectoria,20.14,3,305.938,199.672,-119,110,0.8,0
trayectoria,20.15,0,237.78,35.6552,-11.0303,-0.606061,3.3,1
trayectoria,20.15,1,353.795,43.5661,16.1304,-53.0435,2.3,0
trayectoria,20.15,2,275.344,236.523,-38.416,-130,1.2,1
trayectoria,20.15,3,305.938,199.672,-119,110,0.8,0
trayectoria,20.16,0,237.67,35.6491,-11.0303,-0.606061,3.3,1
trayectoria,20.16,1,353.795,43.5661,16.1304,-53.0435,2.3,0
trayectoria,20.16,2,286.477,235.223,26.8912,-130,1.2,1
trayectoria,20.16,3,305.938,199.672,-119,110,0.8,0
trayectoria,20.17,0,237.56,35.6431,-11.0303,-0.606061,3.3,1
trayectoria,20.17,1,353.795,43.5661,16.1304,-53.0435,2.3,0
trayectoria,20.17,2,286.746,233.923,26.8912,-130,1.2,1
trayectoria,20.17,3,305.938,199.672,-119,110,0.8,0
trayectoria,20.18,0,237.449,35.637,-11.0303,-0.606061,3.3,1
trayectoria,20.18,1,353.795,43.5661,16.1304,-53.0435,2.3,0
trayectoria,20.18,2,287.015,232.623,26.8912,-130,1.2,1
trayectoria,20.18,3,305.938,199.672,-119,110,0.8,0
trayectoria,20.19,0,237.339,35.6309,-11.0303,-0.606061,3.3,1
trayectoria,20.19,1,353.795,43.5661,16.1304,-53.0435,2.3,0
trayectoria,20.19,2,287.284,231.323,26.8912,-130,1.2,1
trayectoria,20.19,3,305.938,199.672,-119,110,0.8,0
trayectoria,20.2,0,237.229,35.6249,-11.0303,-0.606061,3.3,1
trayectoria,20.2,1,353.795,43.5661,16.1304,-53.0435,2.3,0
trayectoria,20.2,2,287.553,230.023,26.8912,-130,1.2,1
trayectoria,20.2,3,305.938,199.672,-119,110,0.8,0
trayectoria,20.21,0,237.118,35.6188,-11.0303,-0.606061,3.3,1
trayectoria,20.21,1,353.795,43.5661,16.1304,-53.0435,2.3,0
trayectoria,20.21,2,287.822,228.723,26.8912,-130,1.2,1
trayectoria,20.21,3,305.938,199.672,-119,110,0.8,0
trayectoria,20.22,0,237.008,35.6128,-11.0303,-0.606061,3.3,1
trayectoria,20.22,1,353.795,43.5661,16.1304,-53.0435,2.3,0
trayectoria,20.22,2,288.091,227.423,26.8912,-130,1.2,1
trayectoria,20.22,3,305.938,199.672,-119,110,0.8,0
trayectoria,20.23,0,236.898,35.6067,-11.0303,-0.606061,3.3,1
trayectoria,20.23,1,353.795,43.5661,16.1304,-53.0435,2.3,0
trayectoria,20.23,2,288.36,226.123,26.8912,-130,1.2,1
trayectoria,20.23,3,305.938,199.672,-119,110,0.8,0
trayectoria,20.24,0,236.788,35.6006,-11.0303,-0.606061,3.3,1
trayectoria,20.24,1,353.795,43.5661,16.1304,-53.0435,2.3,0
trayectoria,20.24,2,288.629,224.823,26.8912,-130,1.2,1
trayectoria,20.24,3,305.938,199.672,-119,110,0.8,0
trayectoria,20.25,0,236.677,35.5946,-11.0303,-0.606061,3.3,1
trayectoria,20.25,1,353.795,43.5661,16.1304,-53.0435,2.3,0
trayectoria,20.25,2,288.897,223.523,26.8912,-130,1.2,1
trayectoria,20.25,3,305.938,199.672,-119,110,0.8,0
trayectoria,20.26,0,236.567,35.5885,-11.0303,-0.606061,3.3,1
trayectoria,20.26,1,353.795,43.5661,16.1304,-53.0435,2.3,0
trayectoria,20.26,2,289.166,222.223,26.8912,-130,1.2,1
trayectoria,20.26,3,305.938,199.672,-119,110,0.8,0
trayectoria,20.27,0,236.457,35.5825,-11.0303,-0.606061,3.3,1
trayectoria,20.27,1,353.795,43.5661,16.1304,-53.0435,2.3,0
trayectoria,20.27,2,289.435,220.923,26.8912,-130,1.2,1
trayectoria,20.27,3,305.938,199.672,-119,110,0.8,0
trayectoria,20.28,0,236.346,35.5764,-11.0303,-0.606061,3.3,1
trayectoria,20.28,1,353.795,43.5661,16.1304,-53.0435,2.3,0
trayectoria,20.28,2,289.704,219.623,26.8912,-130,1.2,1
trayectoria,20.28,3,305.938,199.672,-119,110,0.8,0
trayectoria,20.29,0,236.236,35.5703,-11.0303,-0.606061,3.3,1
trayectoria,20.29,1,353.795,43.5661,16.1304,-53.0435,2.3,0
trayectoria,20.29,2,289.973,218.323,26.8912,-130,1.2,1
trayectoria,20.29,3,305.938,199.672,-119,110,0.8,0
trayectoria,20.3,0,236.126,35.5643,-11.0303,-0.606061,3.3,1
trayectoria,20.3,1,353.795,43.5661,16.1304,-53.0435,2.3,0
trayectoria,20.3,2,290.242,217.023,26.8912,-130,1.2,1
trayectoria,20.3,3,305.938,199.672,-119,110,0.8,0
trayectoria,20.31,0,236.015,35.5582,-11.0303,-0.606061,3.3,1
trayectoria,20.31,1,353.795,43.5661,16.1304,-53.0435,2.3,0
trayectoria,20.31,2,290.511,215.723,26.8912,-130,1.2,1
trayectoria,20.31,3,305.938,199.672,-119,110,0.8,0
trayectoria,20.32,0,235.905,35.5522,-11.0303,-0.606061,3.3,1
trayectoria,20.32,1,353.795,43.5661,16.1304,-53.0435,2.3,0
trayectoria,20.32,2,290.78,214.423,26.8912,-130,1.2,1
trayectoria,20.32,3,305.938,199.672,-119,110,0.8,0
trayectoria,20.33,0,235.795,35.5461,-11.0303,-0.606061,3.3,1
trayectoria,20.33,1,353.795,43.5661,16.1304,-53.0435,2.3,0
trayectoria,20.33,2,291.049,213.123,26.8912,-130,1.2,1
trayectoria,20.33,3,305.938,199.672,-119,110,0.8,0
trayectoria,20.34,0,235.685,35.54,-11.0303,-0.606061,3.3,1
trayectoria,20.34,1,353.795,43.5661,16.1304,-53.0435,2.3,0
trayectoria,20.34,2,291.318,211.823,26.8912,-130,1.2,1
trayectoria,20.34,3,305.938,199.672,-119,110,0.8,0
trayectoria,20.35,0,235.574,35.534,-11.0303,-0.606061,3.3,1
trayectoria,20.35,1,353.795,43.5661,16.1304,-53.0435,2.3,0
trayectoria,20.35,2,291.587,210.523,26.8912,-130,1.2,1
trayectoria,20.35,3,305.938,199.672,-119,110,0.8,0
trayectoria,20.36,0,235.464,35.5279,-11.0303,-0.606061,3.3,1
trayectoria,20.36,1,353.795,43.5661,16.1304,-53.0435,2.3,0
trayectoria,20.36,2,291.855,209.223,26.8912,-130,1.2,1
trayectoria,20.36,3,305.938,199.672,-119,110,0.8,0
trayectoria,20.37,0,235.354,35.5219,-11.0303,-0.606061,3.3,1
trayectoria,20.37,1,353.795,43.5661,16.1304,-53.0435,2.3,0
trayectoria,20.37,2,292.124,207.923,26.8912,-130,1.2,1
trayectoria,20.37,3,305.938,199.672,-119,110,0.8,0
trayectoria,20.38,0,235.243,35.5158,-11.0303,-0.606061,3.3,1
trayectoria,20.38,1,353.795,43.5661,16.1304,-53.0435,2.3,0
trayectoria,20.38,2,292.393,206.623,26.8912,-130,1.2,1
trayectoria,20.38,3,305.938,199.672,-119,110,0.8,0
trayectoria,20.39,0,235.133,35.5097,-11.0303,-0.606061,3.3,1
trayectoria,20.39,1,353.795,43.5661,16.1304,-53.0435,2.3,0
trayectoria,20.39,2,292.662,205.323,26.8912,-130,1.2,1
trayectoria,20.39,3,305.938,199.672,-119,110,0.8,0
trayectoria,20.4,0,235.023,35.5037,-11.0303,-0.606061,3.3,1
trayectoria,20.4,1,353.795,43.5661,16.1304,-53.0435,2.3,0
trayectoria,20.4,2,292.931,204.023,26.8912,-130,1.2,1
trayectoria,20.4,3,305.938,199.672,-119,110,0.8,0
trayectoria,20.41,0,234.912,35.4976,-11.0303,-0.606061,3.3,1
trayectoria,20.41,1,353.795,43.5661,16.1304,-53.0435,2.3,0
trayectoria,20.41,2,293.2,202.723,26.8912,-130,1.2,1
trayectoria,20.41,3,305.938,199.672,-119,110,0.8,0
trayectoria,20.42,0,234.802,35.4916,-11.0303,-0.606061,3.3,1
trayectoria,20.42,1,353.795,43.5661,16.1304,-53.0435,2.3,0
trayectoria,20.42,2,293.469,201.423,26.8912,-130,1.2,1
trayectoria,20.42,3,305.938,199.672,-119,110,0.8,0
trayectoria,20.43,0,234.692,35.4855,-11.0303,-0.606061,3.3,1
trayectoria,20.43,1,353.795,43.5661,16.1304,-53.0435,2.3,0
trayectoria,20.43,2,293.738,200.123,26.8912,-130,1.2,1
trayectoria,20.43,3,305.938,199.672,-119,110,0.8,0
trayectoria,20.44,0,234.581,35.4794,-11.0303,-0.606061,3.3,1
trayectoria,20.44,1,353.795,43.5661,16.1304,-53.0435,2.3,0
trayectoria,20.44,2,294.007,198.823,26.8912,-130,1.2,1
trayectoria,20.44,3,305.938,199.672,-119,110,0.8,0
trayectoria,20.45,0,234.471,35.4734,-11.0303,-0.606061,3.3,1
trayectoria,20.45,1,353.795,43.5661,16.1304,-53.0435,2.3,0
trayectoria,20.45,2,294.276,197.523,26.8912,-130,1.2,1
trayectoria,20.45,3,305.938,199.672,-119,110,0.8,0
trayectoria,20.46,0,234.361,35.4673,-11.0303,-0.606061,3.3,1
trayectoria,20.46,1,353.795,43.5661,16.1304,-53.0435,2.3,0
trayectoria,20.46,2,294.545,196.223,26.8912,-130,1.2,1
trayectoria,20.46,3,305.938,199.672,-119,110,0.8,0
trayectoria,20.47,0,234.251,35.4612,-11.0303,-0.606061,3.3,1
trayectoria,20.47,1,353.795,43.5661,16.1304,-53.0435,2.3,0
trayectoria,20.47,2,294.813,194.923,26.8912,-130,1.2,1
trayectoria,20.47,3,305.938,199.672,-119,110,0.8,0
trayectoria,20.48,0,234.14,35.4552,-11.0303,-0.606061,3.3,1
trayectoria,20.48,1,353.795,43.5661,16.1304,-53.0435,2.3,0
trayectoria,20.48,2,295.082,193.623,26.8912,-130,1.2,1
trayectoria,20.48,3,305.938,199.672,-119,110,0.8,0
trayectoria,20.49,0,234.03,35.4491,-11.0303,-0.606061,3.3,1
trayectoria,20.49,1,353.795,43.5661,16.1304,-53.0435,2.3,0
trayectoria,20.49,2,295.351,192.323,26.8912,-130,1.2,1
trayectoria,20.49,3,305.938,199.672,-119,110,0.8,0
trayectoria,20.5,0,233.92,35.4431,-11.0303,-0.606061,3.3,1
trayectoria,20.5,1,353.795,43.5661,16.1304,-53.0435,2.3,0
trayectoria,20.5,2,295.62,191.023,26.8912,-130,1.2,1
trayectoria,20.5,3,305.938,199.672,-119,110,0.8,0
trayectoria,20.51,0,233.809,35.437,-11.0303,-0.606061,3.3,1
trayectoria,20.51,1,353.795,43.5661,16.1304,-53.0435,2.3,0
trayectoria,20.51,2,295.889,189.723,26.8912,-130,1.2,1
trayectoria,20.51,3,305.938,199.672,-119,110,0.8,0
trayectoria,20.52,0,233.699,35.4309,-11.0303,-0.606061,3.3,1
trayectoria,20.52,1,353.795,43.5661,16.1304,-53.0435,2.3,0
trayectoria,20.52,2,296.158,188.423,26.8912,-130,1.2,1
trayectoria,20.52,3,305.938,199.672,-119,110,0.8,0
trayectoria,20.53,0,233.589,35.4249,-11.0303,-0.606061,3.3,1
trayectoria,20.53,1,353.795,43.5661,16.1304,-53.0435,2.3,0
trayectoria,20.53,2,296.427,187.123,26.8912,-130,1.2,1
trayectoria,20.53,3,305.938,199.672,-119,110,0.8,0
trayectoria,20.54,0,233.478,35.4188,-11.0303,-0.606061,3.3,1
trayectoria,20.54,1,353.795,43.5661,16.1304,-53.0435,2.3,0
trayectoria,20.54,2,296.696,185.823,26.8912,-130,1.2,1
trayectoria,20.54,3,305.938,199.672,-119,110,0.8,0
trayectoria,20.55,0,233.368,35.4128,-11.0303,-0.606061,3.3,1
trayectoria,20.55,1,353.795,43.5661,16.1304,-53.0435,2.3,0
trayectoria,20.55,2,296.965,184.523,26.8912,-130,1.2,1
trayectoria,20.55,3,305.938,199.672,-119,110,0.8,0
trayectoria,20.56,0,233.258,35.4067,-11.0303,-0.606061,3.3,1
trayectoria,20.56,1,353.795,43.5661,16.1304,-53.0435,2.3,0
trayectoria,20.56,2,297.234,183.223,26.8912,-130,1.2,1
trayectoria,20.56,3,305.938,199.672,-119,110,0.8,0
trayectoria,20.57,0,233.148,35.4006,-11.0303,-0.606061,3.3,1
trayectoria,20.57,1,353.795,43.5661,16.1304,-53.0435,2.3,0
trayectoria,20.57,2,297.503,181.923,26.8912,-130,1.2,1
trayectoria,20.57,3,305.938,199.672,-119,110,0.8,0
trayectoria,20.58,0,233.037,35.3946,-11.0303,-0.606061,3.3,1
trayectoria,20.58,1,353.795,43.5661,16.1304,-53.0435,2.3,0
trayectoria,20.58,2,297.772,180.623,26.8912,-130,1.2,1
trayectoria,20.58,3,305.938,199.672,-119,110,0.8,0
trayectoria,20.59,0,232.927,35.3885,-11.0303,-0.606061,3.3,1
trayectoria,20.59,1,353.795,43.5661,16.1304,-53.0435,2.3,0
trayectoria,20.59,2,298.04,179.323,26.8912,-130,1.2,1
trayectoria,20.59,3,305.938,199.672,-119,110,0.8,0
trayectoria,20.6,0,232.817,35.3825,-11.0303,-0.606061,3.3,1
trayectoria,20.6,1,353.795,43.5661,16.1304,-53.0435,2.3,0
trayectoria,20.6,2,298.309,178.023,26.8912,-130,1.2,1
trayectoria,20.6,3,305.938,199.672,-119,110,0.8,0
trayectoria,20.61,0,232.706,35.3764,-11.0303,-0.606061,3.3,1
trayectoria,20.61,1,353.795,43.5661,16.1304,-53.0435,2.3,0
trayectoria,20.61,2,298.578,176.723,26.8912,-130,1.2,1
trayectoria,20.61,3,305.938,199.672,-119,110,0.8,0
trayectoria,20.62,0,232.596,35.3703,-11.0303,-0.606061,3.3,1
trayectoria,20.62,1,353.795,43.5661,16.1304,-53.0435,2.3,0
trayectoria,20.62,2,298.847,175.423,26.8912,-130,1.2,1
trayectoria,20.62,3,305.938,199.672,-119,110,0.8,0
trayectoria,20.63,0,232.486,35.3643,-11.0303,-0.606061,3.3,1
trayectoria,20.63,1,353.795,43.5661,16.1304,-53.0435,2.3,0
trayectoria,20.63,2,299.116,174.123,26.8912,-130,1.2,1
trayectoria,20.63,3,305.938,199.672,-119,110,0.8,0
trayectoria,20.64,0,232.375,35.3582,-11.0303,-0.606061,3.3,1
trayectoria,20.64,1,353.795,43.5661,16.1304,-53.0435,2.3,0
trayectoria,20.64,2,299.385,172.823,26.8912,-130,1.2,1
trayectoria,20.64,3,305.938,199.672,-119,110,0.8,0
trayectoria,20.65,0,232.265,35.3522,-11.0303,-0.606061,3.3,1
trayectoria,20.65,1,353.795,43.5661,16.1304,-53.0435,2.3,0
trayectoria,20.65,2,299.654,171.523,26.8912,-130,1.2,1
trayectoria,20.65,3,305.938,199.672,-119,110,0.8,0
trayectoria,20.66,0,232.155,35.3461,-11.0303,-0.606061,3.3,1
trayectoria,20.66,1,353.795,43.5661,16.1304,-53.0435,2.3,0
trayectoria,20.66,2,299.923,170.223,26.8912,-130,1.2,1
trayectoria,20.66,3,305.938,199.672,-119,110,0.8,0
trayectoria,20.67,0,232.045,35.34,-11.0303,-0.606061,3.3,1
trayectoria,20.67,1,353.795,43.5661,16.1304,-53.0435,2.3,0
trayectoria,20.67,2,300.192,168.923,26.8912,-130,1.2,1
trayectoria,20.67,3,305.938,199.672,-119,110,0.8,0
trayectoria,20.68,0,231.934,35.334,-11.0303,-0.606061,3.3,1
trayectoria,20.68,1,353.795,43.5661,16.1304,-53.0435,2.3,0
trayectoria,20.68,2,300.461,167.623,26.8912,-130,1.2,1
trayectoria,20.68,3,305.938,199.672,-119,110,0.8,0
trayectoria,20.69,0,231.824,35.3279,-11.0303,-0.606061,3.3,1
trayectoria,20.69,1,353.795,43.5661,16.1304,-53.0435,2.3,0
trayectoria,20.69,2,300.73,166.323,26.8912,-130,1.2,1
trayectoria,20.69,3,305.938,199.672,-119,110,0.8,0
trayectoria,20.7,0,231.714,35.3219,-11.0303,-0.606061,3.3,1
trayectoria,20.7,1,353.795,43.5661,16.1304,-53.0435,2.3,0
trayectoria,20.7,2,300.998,165.023,26.8912,-130,1.2,1
trayectoria,20.7,3,305.938,199.672,-119,110,0.8,0
trayectoria,20.71,0,231.603,35.3158,-11.0303,-0.606061,3.3,1
trayectoria,20.71,1,353.795,43.5661,16.1304,-53.0435,2.3,0
trayectoria,20.71,2,301.267,163.723,26.8912,-130,1.2,1
trayectoria,20.71,3,305.938,199.672,-119,110,0.8,0
trayectoria,20.72,0,231.493,35.3097,-11.0303,-0.606061,3.3,1
trayectoria,20.72,1,353.795,43.5661,16.1304,-53.0435,2.3,0
trayectoria,20.72,2,301.536,162.423,26.8912,-130,1.2,1
trayectoria,20.72,3,305.938,199.672,-119,110,0.8,0
trayectoria,20.73,0,231.383,35.3037,-11.0303,-0.606061,3.3,1
trayectoria,20.73,1,353.795,43.5661,16.1304,-53.0435,2.3,0
trayectoria,20.73,2,301.805,161.123,26.8912,-130,1.2,1
trayectoria,20.73,3,305.938,199.672,-119,110,0.8,0
trayectoria,20.74,0,231.272,35.2976,-11.0303,-0.606061,3.3,1
trayectoria,20.74,1,353.795,43.5661,16.1304,-53.0435,2.3,0
trayectoria,20.74,2,302.074,159.823,26.8912,-130,1.2,1
trayectoria,20.74,3,305.938,199.672,-119,110,0.8,0
trayectoria,20.75,0,231.162,35.2916,-11.0303,-0.606061,3.3,1
trayectoria,20.75,1,353.795,43.5661,16.1304,-53.0435,2.3,0
trayectoria,20.75,2,302.343,158.523,26.8912,-130,1.2,1
trayectoria,20.75,3,305.938,199.672,-119,110,0.8,0
trayectoria,20.76,0,231.052,35.2855,-11.0303,-0.606061,3.3,1
trayectoria,20.76,1,353.795,43.5661,16.1304,-53.0435,2.3,0
trayectoria,20.76,2,302.612,157.223,26.8912,-130,1.2,1
trayectoria,20.76,3,305.938,199.672,-119,110,0.8,0
trayectoria,20.77,0,230.941,35.2794,-11.0303,-0.606061,3.3,1
trayectoria,20.77,1,353.795,43.5661,16.1304,-53.0435,2.3,0
trayectoria,20.77,2,302.881,155.923,26.8912,-130,1.2,1
trayectoria,20.77,3,305.938,199.672,-119,110,0.8,0
trayectoria,20.78,0,230.831,35.2734,-11.0303,-0.606061,3.3,1
trayectoria,20.78,1,353.795,43.5661,16.1304,-53.0435,2.3,0
trayectoria,20.78,2,303.15,154.623,26.8912,-130,1.2,1
trayectoria,20.78,3,305.938,199.672,-119,110,0.8,0
trayectoria,20.79,0,230.721,35.2673,-11.0303,-0.606061,3.3,1
trayectoria,20.79,1,353.795,43.5661,16.1304,-53.0435,2.3,0
trayectoria,20.79,2,303.419,153.323,26.8912,-130,1.2,1
trayectoria,20.79,3,305.938,199.672,-119,110,0.8,0
trayectoria,20.8,0,230.611,35.2612,-11.0303,-0.606061,3.3,1
trayectoria,20.8,1,353.795,43.5661,16.1304,-53.0435,2.3,0
trayectoria,20.8,2,303.688,152.023,26.8912,-130,1.2,1
trayectoria,20.8,3,305.938,199.672,-119,110,0.8,0
trayectoria,20.81,0,230.5,35.2552,-11.0303,-0.606061,3.3,1
trayectoria,20.81,1,353.795,43.5661,16.1304,-53.0435,2.3,0
trayectoria,20.81,2,303.957,150.723,26.8912,-130,1.2,1
trayectoria,20.81,3,305.938,199.672,-119,110,0.8,0
trayectoria,20.82,0,230.39,35.2491,-11.0303,-0.606061,3.3,1
trayectoria,20.82,1,353.795,43.5661,16.1304,-53.0435,2.3,0
trayectoria,20.82,2,304.225,149.423,26.8912,-130,1.2,1
trayectoria,20.82,3,305.938,199.672,-119,110,0.8,0
trayectoria,20.83,0,230.28,35.2431,-11.0303,-0.606061,3.3,1
trayectoria,20.83,1,353.795,43.5661,16.1304,-53.0435,2.3,0
trayectoria,20.83,2,304.494,148.123,26.8912,-130,1.2,1
trayectoria,20.83,3,305.938,199.672,-119,110,0.8,0
trayectoria,20.84,0,230.169,35.237,-11.0303,-0.606061,3.3,1
trayectoria,20.84,1,353.795,43.5661,16.1304,-53.0435,2.3,0
trayectoria,20.84,2,304.763,146.823,26.8912,-130,1.2,1
trayectoria,20.84,3,305.938,199.672,-119,110,0.8,0
trayectoria,20.85,0,230.059,35.2309,-11.0303,-0.606061,3.3,1
trayectoria,20.85,1,353.795,43.5661,16.1304,-53.0435,2.3,0
trayectoria,20.85,2,305.032,145.523,26.8912,-130,1.2,1
trayectoria,20.85,3,305.938,199.672,-119,110,0.8,0
trayectoria,20.86,0,229.949,35.2249,-11.0303,-0.606061,3.3,1
trayectoria,20.86,1,353.795,43.5661,16.1304,-53.0435,2.3,0
trayectoria,20.86,2,305.301,144.223,26.8912,-130,1.2,1
trayectoria,20.86,3,305.938,199.672,-119,110,0.8,0
trayectoria,20.87,0,229.838,35.2188,-11.0303,-0.606061,3.3,1
trayectoria,20.87,1,353.795,43.5661,16.1304,-53.0435,2.3,0
trayectoria,20.87,2,305.57,142.923,26.8912,-130,1.2,1
trayectoria,20.87,3,305.938,199.672,-119,110,0.8,0
trayectoria,20.88,0,229.728,35.2128,-11.0303,-0.606061,3.3,1
trayectoria,20.88,1,353.795,43.5661,16.1304,-53.0435,2.3,0
trayectoria,20.88,2,305.839,141.623,26.8912,-130,1.2,1
trayectoria,20.88,3,305.938,199.672,-119,110,0.8,0
trayectoria,20.89,0,229.618,35.2067,-11.0303,-0.606061,3.3,1
trayectoria,20.89,1,353.795,43.5661,16.1304,-53.0435,2.3,0
trayectoria,20.89,2,306.108,140.323,26.8912,-130,1.2,1
trayectoria,20.89,3,305.938,199.672,-119,110,0.8,0
trayectoria,20.9,0,229.508,35.2006,-11.0303,-0.606061,3.3,1
trayectoria,20.9,1,353.795,43.5661,16.1304,-53.0435,2.3,0
trayectoria,20.9,2,306.377,139.023,26.8912,-130,1.2,1
trayectoria,20.9,3,305.938,199.672,-119,110,0.8,0
trayectoria,20.91,0,229.397,35.1946,-11.0303,-0.606061,3.3,1
trayectoria,20.91,1,353.795,43.5661,16.1304,-53.0435,2.3,0
trayectoria,20.91,2,306.646,137.723,26.8912,-130,1.2,1
trayectoria,20.91,3,305.938,199.672,-119,110,0.8,0
trayectoria,20.92,0,229.287,35.1885,-11.0303,-0.606061,3.3,1
trayectoria,20.92,1,353.795,43.5661,16.1304,-53.0435,2.3,0
trayectoria,20.92,2,306.915,136.423,26.8912,-130,1.2,1
trayectoria,20.92,3,305.938,199.672,-119,110,0.8,0
trayectoria,20.93,0,229.177,35.1825,-11.0303,-0.606061,3.3,1
trayectoria,20.93,1,353.795,43.5661,16.1304,-53.0435,2.3,0
trayectoria,20.93,2,307.183,135.123,26.8912,-130,1.2,1
trayectoria,20.93,3,305.938,199.672,-119,110,0.8,0
trayectoria,20.94,0,229.066,35.1764,-11.0303,-0.606061,3.3,1
trayectoria,20.94,1,353.795,43.5661,16.1304,-53.0435,2.3,0
trayectoria,20.94,2,307.452,133.823,26.8912,-130,1.2,1
trayectoria,20.94,3,305.938,199.672,-119,110,0.8,0
trayectoria,20.95,0,228.956,35.1703,-11.0303,-0.606061,3.3,1
trayectoria,20.95,1,353.795,43.5661,16.1304,-53.0435,2.3,0
trayectoria,20.95,2,307.721,132.523,26.8912,-130,1.2,1
trayectoria,20.95,3,305.938,199.672,-119,110,0.8,0
trayectoria,20.96,0,228.846,35.1643,-11.0303,-0.606061,3.3,1
trayectoria,20.96,1,353.795,43.5661,16.1304,-53.0435,2.3,0
trayectoria,20.96,2,307.99,131.223,26.8912,-130,1.2,1
trayectoria,20.96,3,305.938,199.672,-119,110,0.8,0
trayectoria,20.97,0,228.735,35.1582,-11.0303,-0.606061,3.3,1
trayectoria,20.97,1,353.795,43.5661,16.1304,-53.0435,2.3,0
trayectoria,20.97,2,308.259,129.923,26.8912,-130,1.2,1
trayectoria,20.97,3,305.938,199.672,-119,110,0.8,0
trayectoria,20.98,0,228.625,35.1522,-11.0303,-0.606061,3.3,1
trayectoria,20.98,1,353.795,43.5661,16.1304,-53.0435,2.3,0
trayectoria,20.98,2,308.528,128.623,26.8912,-130,1.2,1
trayectoria,20.98,3,305.938,199.672,-119,110,0.8,0
trayectoria,20.99,0,228.515,35.1461,-11.0303,-0.606061,3.3,1
trayectoria,20.99,1,353.795,43.5661,16.1304,-53.0435,2.3,0
trayectoria,20.99,2,308.797,127.323,26.8912,-130,1.2,1
trayectoria,20.99,3,305.938,199.672,-119,110,0.8,0
trayectoria,21,0,228.405,35.14,-11.0303,-0.606061,3.3,1
trayectoria,21,1,353.795,43.5661,16.1304,-53.0435,2.3,0
trayectoria,21,2,309.066,126.023,26.8912,-130,1.2,1
trayectoria,21,3,305.938,199.672,-119,110,0.8,0
trayectoria,21.01,0,228.294,35.134,-11.0303,-0.606061,3.3,1
trayectoria,21.01,1,353.795,43.5661,16.1304,-53.0435,2.3,0
trayectoria,21.01,2,309.335,124.723,26.8912,-130,1.2,1
trayectoria,21.01,3,305.938,199.672,-119,110,0.8,0
trayectoria,21.02,0,228.184,35.1279,-11.0303,-0.606061,3.3,1
trayectoria,21.02,1,353.795,43.5661,16.1304,-53.0435,2.3,0
trayectoria,21.02,2,309.604,123.423,26.8912,-130,1.2,1
trayectoria,21.02,3,305.938,199.672,-119,110,0.8,0
trayectoria,21.03,0,228.074,35.1219,-11.0303,-0.606061,3.3,1
trayectoria,21.03,1,353.795,43.5661,16.1304,-53.0435,2.3,0
trayectoria,21.03,2,309.873,122.123,26.8912,-130,1.2,1
trayectoria,21.03,3,305.938,199.672,-119,110,0.8,0
trayectoria,21.04,0,227.963,35.1158,-11.0303,-0.606061,3.3,1
trayectoria,21.04,1,353.795,43.5661,16.1304,-53.0435,2.3,0
trayectoria,21.04,2,310.141,120.823,26.8912,-130,1.2,1
trayectoria,21.04,3,305.938,199.672,-119,110,0.8,0
trayectoria,21.05,0,227.853,35.1097,-11.0303,-0.606061,3.3,1
trayectoria,21.05,1,353.795,43.5661,16.1304,-53.0435,2.3,0
trayectoria,21.05,2,310.41,119.523,26.8912,-130,1.2,1
trayectoria,21.05,3,305.938,199.672,-119,110,0.8,0
trayectoria,21.06,0,227.743,35.1037,-11.0303,-0.606061,3.3,1
trayectoria,21.06,1,353.795,43.5661,16.1304,-53.0435,2.3,0
trayectoria,21.06,2,310.679,118.223,26.8912,-130,1.2,1
trayectoria,21.06,3,305.938,199.672,-119,110,0.8,0
trayectoria,21.07,0,227.632,35.0976,-11.0303,-0.606061,3.3,1
trayectoria,21.07,1,353.795,43.5661,16.1304,-53.0435,2.3,0
trayectoria,21.07,2,310.948,116.923,26.8912,-130,1.2,1
trayectoria,21.07,3,305.938,199.672,-119,110,0.8,0
trayectoria,21.08,0,227.522,35.0916,-11.0303,-0.606061,3.3,1
trayectoria,21.08,1,353.795,43.5661,16.1304,-53.0435,2.3,0
trayectoria,21.08,2,311.217,115.623,26.8912,-130,1.2,1
trayectoria,21.08,3,305.938,199.672,-119,110,0.8,0
trayectoria,21.09,0,227.412,35.0855,-11.0303,-0.606061,3.3,1
trayectoria,21.09,1,353.795,43.5661,16.1304,-53.0435,2.3,0
trayectoria,21.09,2,311.486,114.323,26.8912,-130,1.2,1
trayectoria,21.09,3,305.938,199.672,-119,110,0.8,0
trayectoria,21.1,0,227.301,35.0794,-11.0303,-0.606061,3.3,1
trayectoria,21.1,1,353.795,43.5661,16.1304,-53.0435,2.3,0
trayectoria,21.1,2,311.755,113.023,26.8912,-130,1.2,1
trayectoria,21.1,3,305.938,199.672,-119,110,0.8,0
trayectoria,21.11,0,227.191,35.0734,-11.0303,-0.606061,3.3,1
trayectoria,21.11,1,353.795,43.5661,16.1304,-53.0435,2.3,0
trayectoria,21.11,2,312.024,111.723,26.8912,-130,1.2,1
trayectoria,21.11,3,305.938,199.672,-119,110,0.8,0
trayectoria,21.12,0,227.081,35.0673,-11.0303,-0.606061,3.3,1
trayectoria,21.12,1,353.795,43.5661,16.1304,-53.0435,2.3,0
trayectoria,21.12,2,312.293,110.423,26.8912,-130,1.2,1
trayectoria,21.12,3,305.938,199.672,-119,110,0.8,0
trayectoria,21.13,0,226.971,35.0612,-11.0303,-0.606061,3.3,1
trayectoria,21.13,1,353.795,43.5661,16.1304,-53.0435,2.3,0
trayectoria,21.13,2,312.562,109.123,26.8912,-130,1.2,1
trayectoria,21.13,3,305.938,199.672,-119,110,0.8,0
trayectoria,21.14,0,226.86,35.0552,-11.0303,-0.606061,3.3,1
trayectoria,21.14,1,353.795,43.5661,16.1304,-53.0435,2.3,0
trayectoria,21.14,2,312.831,107.823,26.8912,-130,1.2,1
trayectoria,21.14,3,305.938,199.672,-119,110,0.8,0
trayectoria,21.15,0,226.75,35.0491,-11.0303,-0.606061,3.3,1
trayectoria,21.15,1,353.795,43.5661,16.1304,-53.0435,2.3,0
trayectoria,21.15,2,313.1,106.523,26.8912,-130,1.2,1
trayectoria,21.15,3,305.938,199.672,-119,110,0.8,0
trayectoria,21.16,0,226.64,35.0431,-11.0303,-0.606061,3.3,1
trayectoria,21.16,1,353.795,43.5661,16.1304,-53.0435,2.3,0
trayectoria,21.16,2,313.368,105.223,26.8912,-130,1.2,1
trayectoria,21.16,3,305.938,199.672,-119,110,0.8,0
trayectoria,21.17,0,226.529,35.037,-11.0303,-0.606061,3.3,1
trayectoria,21.17,1,353.795,43.5661,16.1304,-53.0435,2.3,0
trayectoria,21.17,2,313.637,103.923,26.8912,-130,1.2,1
trayectoria,21.17,3,305.938,199.672,-119,110,0.8,0
trayectoria,21.18,0,226.419,35.0309,-11.0303,-0.606061,3.3,1
trayectoria,21.18,1,353.795,43.5661,16.1304,-53.0435,2.3,0
trayectoria,21.18,2,313.906,102.623,26.8912,-130,1.2,1
trayectoria,21.18,3,305.938,199.672,-119,110,0.8,0
trayectoria,21.19,0,226.309,35.0249,-11.0303,-0.606061,3.3,1
trayectoria,21.19,1,353.795,43.5661,16.1304,-53.0435,2.3,0
trayectoria,21.19,2,314.175,101.323,26.8912,-130,1.2,1
trayectoria,21.19,3,305.938,199.672,-119,110,0.8,0
trayectoria,21.2,0,226.198,35.0188,-11.0303,-0.606061,3.3,1
trayectoria,21.2,1,353.795,43.5661,16.1304,-53.0435,2.3,0
trayectoria,21.2,2,314.444,100.023,26.8912,-130,1.2,1
trayectoria,21.2,3,305.938,199.672,-119,110,0.8,0
trayectoria,21.21,0,226.088,35.0128,-11.0303,-0.606061,3.3,1
trayectoria,21.21,1,353.795,43.5661,16.1304,-53.0435,2.3,0
trayectoria,21.21,2,314.713,98.7228,26.8912,-130,1.2,1
trayectoria,21.21,3,305.938,199.672,-119,110,0.8,0
trayectoria,21.22,0,225.978,35.0067,-11.0303,-0.606061,3.3,1
trayectoria,21.22,1,353.795,43.5661,16.1304,-53.0435,2.3,0
trayectoria,21.22,2,314.982,97.4228,26.8912,-130,1.2,1
trayectoria,21.22,3,305.938,199.672,-119,110,0.8,0
trayectoria,21.23,0,225.868,35.0006,-11.0303,-0.606061,3.3,1
trayectoria,21.23,1,353.795,43.5661,16.1304,-53.0435,2.3,0
trayectoria,21.23,2,315.251,96.1228,26.8912,-130,1.2,1
trayectoria,21.23,3,305.938,199.672,-119,110,0.8,0
trayectoria,21.24,0,225.757,34.9946,-11.0303,-0.606061,3.3,1
trayectoria,21.24,1,353.795,43.5661,16.1304,-53.0435,2.3,0
trayectoria,21.24,2,315.52,94.8228,26.8912,-130,1.2,1
trayectoria,21.24,3,305.938,199.672,-119,110,0.8,0
trayectoria,21.25,0,225.647,34.9885,-11.0303,-0.606061,3.3,1
trayectoria,21.25,1,353.795,43.5661,16.1304,-53.0435,2.3,0
trayectoria,21.25,2,315.789,93.5228,26.8912,-130,1.2,1
trayectoria,21.25,3,305.938,199.672,-119,110,0.8,0
trayectoria,21.26,0,225.537,34.9825,-11.0303,-0.606061,3.3,1
trayectoria,21.26,1,353.795,43.5661,16.1304,-53.0435,2.3,0
trayectoria,21.26,2,316.058,92.2228,26.8912,-130,1.2,1
trayectoria,21.26,3,305.938,199.672,-119,110,0.8,0
trayectoria,21.27,0,225.426,34.9764,-11.0303,-0.606061,3.3,1
trayectoria,21.27,1,353.795,43.5661,16.1304,-53.0435,2.3,0
trayectoria,21.27,2,316.326,90.9228,26.8912,-130,1.2,1
trayectoria,21.27,3,305.938,199.672,-119,110,0.8,0
trayectoria,21.28,0,225.316,34.9703,-11.0303,-0.606061,3.3,1
trayectoria,21.28,1,353.795,43.5661,16.1304,-53.0435,2.3,0
trayectoria,21.28,2,316.595,89.6228,26.8912,-130,1.2,1
trayectoria,21.28,3,305.938,199.672,-119,110,0.8,0
trayectoria,21.29,0,225.206,34.9643,-11.0303,-0.606061,3.3,1
trayectoria,21.29,1,353.795,43.5661,16.1304,-53.0435,2.3,0
trayectoria,21.29,2,316.864,88.3228,26.8912,-130,1.2,1
trayectoria,21.29,3,305.938,199.672,-119,110,0.8,0
trayectoria,21.3,0,225.095,34.9582,-11.0303,-0.606061,3.3,1
trayectoria,21.3,1,353.795,43.5661,16.1304,-53.0435,2.3,0
trayectoria,21.3,2,317.133,87.0228,26.8912,-130,1.2,1
trayectoria,21.3,3,305.938,199.672,-119,110,0.8,0
trayectoria,21.31,0,224.985,34.9522,-11.0303,-0.606061,3.3,1
trayectoria,21.31,1,353.795,43.5661,16.1304,-53.0435,2.3,0
trayectoria,21.31,2,317.402,85.7228,26.8912,-130,1.2,1
trayectoria,21.31,3,305.938,199.672,-119,110,0.8,0
trayectoria,21.32,0,224.875,34.9461,-11.0303,-0.606061,3.3,1
trayectoria,21.32,1,353.795,43.5661,16.1304,-53.0435,2.3,0
trayectoria,21.32,2,317.671,84.4228,26.8912,-130,1.2,1
trayectoria,21.32,3,305.938,199.672,-119,110,0.8,0
trayectoria,21.33,0,224.765,34.94,-11.0303,-0.606061,3.3,1
trayectoria,21.33,1,353.795,43.5661,16.1304,-53.0435,2.3,0
trayectoria,21.33,2,317.94,83.1228,26.8912,-130,1.2,1
trayectoria,21.33,3,305.938,199.672,-119,110,0.8,0
trayectoria,21.34,0,224.654,34.934,-11.0303,-0.606061,3.3,1
trayectoria,21.34,1,353.795,43.5661,16.1304,-53.0435,2.3,0
trayectoria,21.34,2,318.209,81.8228,26.8912,-130,1.2,1
trayectoria,21.34,3,305.938,199.672,-119,110,0.8,0
trayectoria,21.35,0,224.544,34.9279,-11.0303,-0.606061,3.3,1
trayectoria,21.35,1,353.795,43.5661,16.1304,-53.0435,2.3,0
trayectoria,21.35,2,318.478,80.5228,26.8912,-130,1.2,1
trayectoria,21.35,3,305.938,199.672,-119,110,0.8,0
trayectoria,21.36,0,224.434,34.9219,-11.0303,-0.606061,3.3,1
trayectoria,21.36,1,353.795,43.5661,16.1304,-53.0435,2.3,0
trayectoria,21.36,2,318.747,79.2228,26.8912,-130,1.2,1
trayectoria,21.36,3,305.938,199.672,-119,110,0.8,0
trayectoria,21.37,0,224.323,34.9158,-11.0303,-0.606061,3.3,1
trayectoria,21.37,1,353.795,43.5661,16.1304,-53.0435,2.3,0
trayectoria,21.37,2,319.016,77.9228,26.8912,-130,1.2,1
trayectoria,21.37,3,305.938,199.672,-119,110,0.8,0
trayectoria,21.38,0,224.213,34.9097,-11.0303,-0.606061,3.3,1
trayectoria,21.38,1,353.795,43.5661,16.1304,-53.0435,2.3,0
trayectoria,21.38,2,319.284,76.6228,26.8912,-130,1.2,1
trayectoria,21.38,3,305.938,199.672,-119,110,0.8,0
trayectoria,21.39,0,224.103,34.9037,-11.0303,-0.606061,3.3,1
trayectoria,21.39,1,353.795,43.5661,16.1304,-53.0435,2.3,0
trayectoria,21.39,2,319.553,75.3228,26.8912,-130,1.2,1
trayectoria,21.39,3,305.938,199.672,-119,110,0.8,0
trayectoria,21.4,0,223.992,34.8976,-11.0303,-0.606061,3.3,1
trayectoria,21.4,1,353.795,43.5661,16.1304,-53.0435,2.3,0
trayectoria,21.4,2,319.822,74.0228,26.8912,-130,1.2,1
trayectoria,21.4,3,305.938,199.672,-119,110,0.8,0
trayectoria,21.41,0,223.882,34.8916,-11.0303,-0.606061,3.3,1
trayectoria,21.41,1,353.795,43.5661,16.1304,-53.0435,2.3,0
trayectoria,21.41,2,320.091,72.7228,26.8912,-130,1.2,1
trayectoria,21.41,3,305.938,199.672,-119,110,0.8,0
trayectoria,21.42,0,223.772,34.8855,-11.0303,-0.606061,3.3,1
trayectoria,21.42,1,353.795,43.5661,16.1304,-53.0435,2.3,0
trayectoria,21.42,2,320.36,71.4228,26.8912,-130,1.2,1
trayectoria,21.42,3,305.938,199.672,-119,110,0.8,0
trayectoria,21.43,0,223.661,34.8794,-11.0303,-0.606061,3.3,1
trayectoria,21.43,1,353.795,43.5661,16.1304,-53.0435,2.3,0
trayectoria,21.43,2,320.629,70.1228,26.8912,-130,1.2,1
trayectoria,21.43,3,305.938,199.672,-119,110,0.8,0
trayectoria,21.44,0,223.551,34.8734,-11.0303,-0.606061,3.3,1
trayectoria,21.44,1,353.795,43.5661,16.1304,-53.0435,2.3,0
trayectoria,21.44,2,320.898,68.8228,26.8912,-130,1.2,1
trayectoria,21.44,3,305.938,199.672,-119,110,0.8,0
trayectoria,21.45,0,223.441,34.8673,-11.0303,-0.606061,3.3,1
trayectoria,21.45,1,353.795,43.5661,16.1304,-53.0435,2.3,0
trayectoria,21.45,2,321.167,67.5228,26.8912,-130,1.2,1
trayectoria,21.45,3,305.938,199.672,-119,110,0.8,0
trayectoria,21.46,0,223.331,34.8612,-11.0303,-0.606061,3.3,1
trayectoria,21.46,1,353.795,43.5661,16.1304,-53.0435,2.3,0
trayectoria,21.46,2,321.436,66.2228,26.8912,-130,1.2,1
trayectoria,21.46,3,305.938,199.672,-119,110,0.8,0
trayectoria,21.47,0,223.22,34.8552,-11.0303,-0.606061,3.3,1
trayectoria,21.47,1,353.795,43.5661,16.1304,-53.0435,2.3,0
trayectoria,21.47,2,321.705,64.9228,26.8912,-130,1.2,1
trayectoria,21.47,3,305.938,199.672,-119,110,0.8,0
trayectoria,21.48,0,223.11,34.8491,-11.0303,-0.606061,3.3,1
trayectoria,21.48,1,353.795,43.5661,16.1304,-53.0435,2.3,0
trayectoria,21.48,2,321.974,63.6228,26.8912,-130,1.2,1
trayectoria,21.48,3,305.938,199.672,-119,110,0.8,0
trayectoria,21.49,0,223,34.8431,-11.0303,-0.606061,3.3,1
trayectoria,21.49,1,353.795,43.5661,16.1304,-53.0435,2.3,0
trayectoria,21.49,2,322.243,62.3228,26.8912,-130,1.2,1
trayectoria,21.49,3,305.938,199.672,-119,110,0.8,0
trayectoria,21.5,0,222.889,34.837,-11.0303,-0.606061,3.3,1
trayectoria,21.5,1,353.795,43.5661,16.1304,-53.0435,2.3,0
trayectoria,21.5,2,322.511,61.0228,26.8912,-130,1.2,1
trayectoria,21.5,3,305.938,199.672,-119,110,0.8,0
trayectoria,21.51,0,222.779,34.8309,-11.0303,-0.606061,3.3,1
trayectoria,21.51,1,353.795,43.5661,16.1304,-53.0435,2.3,0
trayectoria,21.51,2,322.78,59.7228,26.8912,-130,1.2,1
trayectoria,21.51,3,305.938,199.672,-119,110,0.8,0
trayectoria,21.52,0,222.669,34.8249,-11.0303,-0.606061,3.3,1
trayectoria,21.52,1,353.795,43.5661,16.1304,-53.0435,2.3,0
trayectoria,21.52,2,323.049,58.4228,26.8912,-130,1.2,1
trayectoria,21.52,3,305.938,199.672,-119,110,0.8,0
trayectoria,21.53,0,222.558,34.8188,-11.0303,-0.606061,3.3,1
trayectoria,21.53,1,353.795,43.5661,16.1304,-53.0435,2.3,0
trayectoria,21.53,2,323.318,57.1228,26.8912,-130,1.2,1
trayectoria,21.53,3,305.938,199.672,-119,110,0.8,0
trayectoria,21.54,0,222.448,34.8128,-11.0303,-0.606061,3.3,1
trayectoria,21.54,1,353.795,43.5661,16.1304,-53.0435,2.3,0
trayectoria,21.54,2,323.587,55.8228,26.8912,-130,1.2,1
trayectoria,21.54,3,305.938,199.672,-119,110,0.8,0
trayectoria,21.55,0,222.338,34.8067,-11.0303,-0.606061,3.3,1
trayectoria,21.55,1,353.795,43.5661,16.1304,-53.0435,2.3,0
trayectoria,21.55,2,323.856,54.5228,26.8912,-130,1.2,1
trayectoria,21.55,3,305.938,199.672,-119,110,0.8,0
trayectoria,21.56,0,222.228,34.8006,-11.0303,-0.606061,3.3,1
trayectoria,21.56,1,353.795,43.5661,16.1304,-53.0435,2.3,0
trayectoria,21.56,2,324.125,53.2228,26.8912,-130,1.2,1
trayectoria,21.56,3,305.938,199.672,-119,110,0.8,0
trayectoria,21.57,0,222.117,34.7946,-11.0303,-0.606061,3.3,1
trayectoria,21.57,1,353.795,43.5661,16.1304,-53.0435,2.3,0
trayectoria,21.57,2,324.394,51.9228,26.8912,-130,1.2,1
trayectoria,21.57,3,305.938,199.672,-119,110,0.8,0
trayectoria,21.58,0,222.007,34.7885,-11.0303,-0.606061,3.3,1
trayectoria,21.58,1,353.795,43.5661,16.1304,-53.0435,2.3,0
trayectoria,21.58,2,324.663,50.6228,26.8912,-130,1.2,1
trayectoria,21.58,3,305.938,199.672,-119,110,0.8,0
trayectoria,21.59,0,221.897,34.7825,-11.0303,-0.606061,3.3,1
trayectoria,21.59,1,353.795,43.5661,16.1304,-53.0435,2.3,0
trayectoria,21.59,2,324.932,49.3228,26.8912,-130,1.2,1
trayectoria,21.59,3,305.938,199.672,-119,110,0.8,0
trayectoria,21.6,0,221.786,34.7764,-11.0303,-0.606061,3.3,1
trayectoria,21.6,1,353.795,43.5661,16.1304,-53.0435,2.3,0
trayectoria,21.6,2,325.201,48.0228,26.8912,-130,1.2,1
trayectoria,21.6,3,305.938,199.672,-119,110,0.8,0
trayectoria,21.61,0,221.676,34.7703,-11.0303,-0.606061,3.3,1
trayectoria,21.61,1,353.795,43.5661,16.1304,-53.0435,2.3,0
trayectoria,21.61,2,325.469,46.7228,26.8912,-130,1.2,1
trayectoria,21.61,3,305.938,199.672,-119,110,0.8,0
trayectoria,21.62,0,221.566,34.7643,-11.0303,-0.606061,3.3,1
trayectoria,21.62,1,353.795,43.5661,16.1304,-53.0435,2.3,0
trayectoria,21.62,2,325.738,45.4228,26.8912,-130,1.2,1
trayectoria,21.62,3,305.938,199.672,-119,110,0.8,0
trayectoria,21.63,0,221.455,34.7582,-11.0303,-0.606061,3.3,1
trayectoria,21.63,1,353.795,43.5661,16.1304,-53.0435,2.3,0
trayectoria,21.63,2,326.007,44.1228,26.8912,-130,1.2,1
trayectoria,21.63,3,305.938,199.672,-119,110,0.8,0
trayectoria,21.64,0,221.345,34.7522,-11.0303,-0.606061,3.3,1
trayectoria,21.64,1,353.795,43.5661,16.1304,-53.0435,2.3,0
trayectoria,21.64,2,326.276,42.8228,26.8912,-130,1.2,1
trayectoria,21.64,3,305.938,199.672,-119,110,0.8,0
trayectoria,21.65,0,221.235,34.7461,-11.0303,-0.606061,3.3,1
trayectoria,21.65,1,353.795,43.5661,16.1304,-53.0435,2.3,0
trayectoria,21.65,2,326.545,41.5228,26.8912,-130,1.2,1
trayectoria,21.65,3,305.938,199.672,-119,110,0.8,0
trayectoria,21.66,0,221.125,34.74,-11.0303,-0.606061,3.3,1
trayectoria,21.66,1,353.795,43.5661,16.1304,-53.0435,2.3,0
trayectoria,21.66,2,326.814,40.2228,26.8912,-130,1.2,1
trayectoria,21.66,3,305.938,199.672,-119,110,0.8,0
trayectoria,21.67,0,221.014,34.734,-11.0303,-0.606061,3.3,1
trayectoria,21.67,1,353.795,43.5661,16.1304,-53.0435,2.3,0
trayectoria,21.67,2,327.083,38.9228,26.8912,-130,1.2,1
trayectoria,21.67,3,305.938,199.672,-119,110,0.8,0
trayectoria,21.68,0,220.904,34.7279,-11.0303,-0.606061,3.3,1
trayectoria,21.68,1,353.795,43.5661,16.1304,-53.0435,2.3,0
trayectoria,21.68,2,327.352,37.6228,26.8912,-130,1.2,1
trayectoria,21.68,3,305.938,199.672,-119,110,0.8,0
trayectoria,21.69,0,220.794,34.7219,-11.0303,-0.606061,3.3,1
trayectoria,21.69,1,353.795,43.5661,16.1304,-53.0435,2.3,0
trayectoria,21.69,2,327.621,36.3228,26.8912,-130,1.2,1
trayectoria,21.69,3,305.938,199.672,-119,110,0.8,0
trayectoria,21.7,0,220.683,34.7158,-11.0303,-0.606061,3.3,1
trayectoria,21.7,1,353.795,43.5661,16.1304,-53.0435,2.3,0
trayectoria,21.7,2,327.89,35.0228,26.8912,-130,1.2,1
trayectoria,21.7,3,305.938,199.672,-119,110,0.8,0
trayectoria,21.71,0,220.573,34.7097,-11.0303,-0.606061,3.3,1
trayectoria,21.71,1,353.795,43.5661,16.1304,-53.0435,2.3,0
trayectoria,21.71,2,328.159,33.7228,26.8912,-130,1.2,1
trayectoria,21.71,3,305.938,199.672,-119,110,0.8,0
trayectoria,21.72,0,220.463,34.7037,-11.0303,-0.606061,3.3,1
trayectoria,21.72,1,353.795,43.5661,16.1304,-53.0435,2.3,0
trayectoria,21.72,2,328.427,32.4228,26.8912,-130,1.2,1
trayectoria,21.72,3,305.938,199.672,-119,110,0.8,0
trayectoria,21.73,0,220.352,34.6976,-11.0303,-0.606061,3.3,1
trayectoria,21.73,1,353.795,43.5661,16.1304,-53.0435,2.3,0
trayectoria,21.73,2,328.696,31.1228,26.8912,-130,1.2,1
trayectoria,21.73,3,305.938,199.672,-119,110,0.8,0
trayectoria,21.74,0,220.242,34.6916,-11.0303,-0.606061,3.3,1
trayectoria,21.74,1,353.795,43.5661,16.1304,-53.0435,2.3,0
trayectoria,21.74,2,328.965,29.8228,26.8912,-130,1.2,1
trayectoria,21.74,3,305.938,199.672,-119,110,0.8,0
trayectoria,21.75,0,220.132,34.6855,-11.0303,-0.606061,3.3,1
trayectoria,21.75,1,353.795,43.5661,16.1304,-53.0435,2.3,0
trayectoria,21.75,2,329.234,28.5228,26.8912,-130,1.2,1
trayectoria,21.75,3,305.938,199.672,-119,110,0.8,0
trayectoria,21.76,0,220.021,34.6794,-11.0303,-0.606061,3.3,1
trayectoria,21.76,1,353.795,43.5661,16.1304,-53.0435,2.3,0
trayectoria,21.76,2,329.503,27.2228,26.8912,-130,1.2,1
trayectoria,21.76,3,305.938,199.672,-119,110,0.8,0
trayectoria,21.77,0,219.911,34.6734,-11.0303,-0.606061,3.3,1
trayectoria,21.77,1,353.795,43.5661,16.1304,-53.0435,2.3,0
trayectoria,21.77,2,329.772,25.9228,26.8912,-130,1.2,1
trayectoria,21.77,3,305.938,199.672,-119,110,0.8,0
trayectoria,21.78,0,219.801,34.6673,-11.0303,-0.606061,3.3,1
trayectoria,21.78,1,353.795,43.5661,16.1304,-53.0435,2.3,0
trayectoria,21.78,2,330.041,24.6228,26.8912,-130,1.2,1
trayectoria,21.78,3,305.938,199.672,-119,110,0.8,0
trayectoria,21.79,0,219.691,34.6612,-11.0303,-0.606061,3.3,1
trayectoria,21.79,1,353.795,43.5661,16.1304,-53.0435,2.3,0
trayectoria,21.79,2,330.31,23.3228,26.8912,-130,1.2,1
trayectoria,21.79,3,305.938,199.672,-119,110,0.8,0
trayectoria,21.8,0,219.58,34.6552,-11.0303,-0.606061,3.3,1
trayectoria,21.8,1,353.795,43.5661,16.1304,-53.0435,2.3,0
trayectoria,21.8,2,330.579,22.0228,26.8912,-130,1.2,1
trayectoria,21.8,3,305.938,199.672,-119,110,0.8,0
trayectoria,21.81,0,219.47,34.6491,-11.0303,-0.606061,3.3,1
trayectoria,21.81,1,353.795,43.5661,16.1304,-53.0435,2.3,0
trayectoria,21.81,2,330.848,20.7228,26.8912,-130,1.2,1
trayectoria,21.81,3,305.938,199.672,-119,110,0.8,0
trayectoria,21.82,0,219.36,34.6431,-11.0303,-0.606061,3.3,1
trayectoria,21.82,1,353.795,43.5661,16.1304,-53.0435,2.3,0
trayectoria,21.82,2,331.117,19.4228,26.8912,-130,1.2,1
trayectoria,21.82,3,305.938,199.672,-119,110,0.8,0
trayectoria,21.83,0,219.249,34.637,-11.0303,-0.606061,3.3,1
trayectoria,21.83,1,353.795,43.5661,16.1304,-53.0435,2.3,0
trayectoria,21.83,2,331.386,18.1228,26.8912,-130,1.2,1
trayectoria,21.83,3,305.938,199.672,-119,110,0.8,0
trayectoria,21.84,0,219.139,34.6309,-11.0303,-0.606061,3.3,1
trayectoria,21.84,1,353.795,43.5661,16.1304,-53.0435,2.3,0
trayectoria,21.84,2,331.654,16.8228,26.8912,-130,1.2,1
trayectoria,21.84,3,305.938,199.672,-119,110,0.8,0
trayectoria,21.85,0,219.029,34.6249,-11.0303,-0.606061,3.3,1
trayectoria,21.85,1,353.795,43.5661,16.1304,-53.0435,2.3,0
trayectoria,21.85,2,331.923,15.5228,26.8912,-130,1.2,1
trayectoria,21.85,3,305.938,199.672,-119,110,0.8,0
trayectoria,21.86,0,218.918,34.6188,-11.0303,-0.606061,3.3,1
trayectoria,21.86,1,353.795,43.5661,16.1304,-53.0435,2.3,0
trayectoria,21.86,2,332.192,14.2228,26.8912,-130,1.2,1
trayectoria,21.86,3,305.938,199.672,-119,110,0.8,0
trayectoria,21.87,0,218.808,34.6128,-11.0303,-0.606061,3.3,1
trayectoria,21.87,1,353.795,43.5661,16.1304,-53.0435,2.3,0
trayectoria,21.87,2,332.461,12.9228,26.8912,-130,1.2,1
trayectoria,21.87,3,305.938,199.672,-119,110,0.8,0
trayectoria,21.88,0,218.698,34.6067,-11.0303,-0.606061,3.3,1
trayectoria,21.88,1,353.795,43.5661,16.1304,-53.0435,2.3,0
trayectoria,21.88,2,332.73,11.6228,26.8912,-130,1.2,1
trayectoria,21.88,3,305.938,199.672,-119,110,0.8,0
trayectoria,21.89,0,218.588,34.6006,-11.0303,-0.606061,3.3,1
trayectoria,21.89,1,353.795,43.5661,16.1304,-53.0435,2.3,0
trayectoria,21.89,2,332.999,10.3228,26.8912,-130,1.2,1
trayectoria,21.89,3,305.938,199.672,-119,110,0.8,0
trayectoria,21.9,0,218.477,34.5946,-11.0303,-0.606061,3.3,1
trayectoria,21.9,1,353.795,43.5661,16.1304,-53.0435,2.3,0
trayectoria,21.9,2,333.268,9.02277,26.8912,-130,1.2,1
trayectoria,21.9,3,305.938,199.672,-119,110,0.8,0
trayectoria,21.91,0,218.367,34.5885,-11.0303,-0.606061,3.3,1
trayectoria,21.91,1,353.795,43.5661,16.1304,-53.0435,2.3,0
trayectoria,21.91,2,333.537,7.72277,26.8912,-130,1.2,1
trayectoria,21.91,3,305.938,199.672,-119,110,0.8,0
trayectoria,21.92,0,218.257,34.5825,-11.0303,-0.606061,3.3,1
trayectoria,21.92,1,353.795,43.5661,16.1304,-53.0435,2.3,0
trayectoria,21.92,2,333.806,6.42277,26.8912,-130,1.2,1
trayectoria,21.92,3,305.938,199.672,-119,110,0.8,0
trayectoria,21.93,0,218.146,34.5764,-11.0303,-0.606061,3.3,1
trayectoria,21.93,1,353.795,43.5661,16.1304,-53.0435,2.3,0
trayectoria,21.93,2,334.075,5.97723,26.8912,130,1.2,1
trayectoria,21.93,3,305.938,199.672,-119,110,0.8,0
trayectoria,21.94,0,218.036,34.5703,-11.0303,-0.606061,3.3,1
trayectoria,21.94,1,353.795,43.5661,16.1304,-53.0435,2.3,0
trayectoria,21.94,2,334.344,7.27723,26.8912,130,1.2,1
trayectoria,21.94,3,305.938,199.672,-119,110,0.8,0
trayectoria,21.95,0,217.926,34.5643,-11.0303,-0.606061,3.3,1
trayectoria,21.95,1,353.795,43.5661,16.1304,-53.0435,2.3,0
trayectoria,21.95,2,334.612,8.57723,26.8912,130,1.2,1
trayectoria,21.95,3,305.938,199.672,-119,110,0.8,0
trayectoria,21.96,0,217.815,34.5582,-11.0303,-0.606061,3.3,1
trayectoria,21.96,1,353.795,43.5661,16.1304,-53.0435,2.3,0
trayectoria,21.96,2,334.881,9.87723,26.8912,130,1.2,1
trayectoria,21.96,3,305.938,199.672,-119,110,0.8,0
trayectoria,21.97,0,217.705,34.5522,-11.0303,-0.606061,3.3,1
trayectoria,21.97,1,353.795,43.5661,16.1304,-53.0435,2.3,0
trayectoria,21.97,2,335.15,11.1772,26.8912,130,1.2,1
trayectoria,21.97,3,305.938,199.672,-119,110,0.8,0
trayectoria,21.98,0,217.595,34.5461,-11.0303,-0.606061,3.3,1
trayectoria,21.98,1,353.795,43.5661,16.1304,-53.0435,2.3,0
trayectoria,21.98,2,335.419,12.4772,26.8912,130,1.2,1
trayectoria,21.98,3,305.938,199.672,-119,110,0.8,0
trayectoria,21.99,0,217.485,34.54,-11.0303,-0.606061,3.3,1
trayectoria,21.99,1,353.795,43.5661,16.1304,-53.0435,2.3,0
trayectoria,21.99,2,335.688,13.7772,26.8912,130,1.2,1
trayectoria,21.99,3,305.938,199.672,-119,110,0.8,0
trayectoria,22,0,217.374,34.534,-11.0303,-0.606061,3.3,1
trayectoria,22,1,353.795,43.5661,16.1304,-53.0435,2.3,0
trayectoria,22,2,335.957,15.0772,26.8912,130,1.2,1
trayectoria,22,3,305.938,199.672,-119,110,0.8,0
trayectoria,22.01,0,217.264,34.5279,-11.0303,-0.606061,3.3,1
trayectoria,22.01,1,353.795,43.5661,16.1304,-53.0435,2.3,0
trayectoria,22.01,2,336.226,16.3772,26.8912,130,1.2,1
trayectoria,22.01,3,305.938,199.672,-119,110,0.8,0
trayectoria,22.02,0,217.154,34.5219,-11.0303,-0.606061,3.3,1
trayectoria,22.02,1,353.795,43.5661,16.1304,-53.0435,2.3,0
trayectoria,22.02,2,336.495,17.6772,26.8912,130,1.2,1
trayectoria,22.02,3,305.938,199.672,-119,110,0.8,0
trayectoria,22.03,0,217.043,34.5158,-11.0303,-0.606061,3.3,1
trayectoria,22.03,1,353.795,43.5661,16.1304,-53.0435,2.3,0
trayectoria,22.03,2,336.764,18.9772,26.8912,130,1.2,1
trayectoria,22.03,3,305.938,199.672,-119,110,0.8,0
trayectoria,22.04,0,216.933,34.5097,-11.0303,-0.606061,3.3,1
trayectoria,22.04,1,353.795,43.5661,16.1304,-53.0435,2.3,0
trayectoria,22.04,2,337.033,20.2772,26.8912,130,1.2,1
trayectoria,22.04,3,305.938,199.672,-119,110,0.8,0
trayectoria,22.05,0,216.823,34.5037,-11.0303,-0.606061,3.3,1
trayectoria,22.05,1,353.795,43.5661,16.1304,-53.0435,2.3,0
trayectoria,22.05,2,337.302,21.5772,26.8912,130,1.2,1
trayectoria,22.05,3,305.938,199.672,-119,110,0.8,0
trayectoria,22.06,0,216.712,34.4976,-11.0303,-0.606061,3.3,1
trayectoria,22.06,1,353.795,43.5661,16.1304,-53.0435,2.3,0
trayectoria,22.06,2,337.571,22.8772,26.8912,130,1.2,1
trayectoria,22.06,3,305.938,199.672,-119,110,0.8,0
trayectoria,22.07,0,216.602,34.4916,-11.0303,-0.606061,3.3,1
trayectoria,22.07,1,353.795,43.5661,16.1304,-53.0435,2.3,0
trayectoria,22.07,2,337.839,24.1772,26.8912,130,1.2,1
trayectoria,22.07,3,305.938,199.672,-119,110,0.8,0
trayectoria,22.08,0,216.492,34.4855,-11.0303,-0.606061,3.3,1
trayectoria,22.08,1,353.795,43.5661,16.1304,-53.0435,2.3,0
trayectoria,22.08,2,338.108,25.4772,26.8912,130,1.2,1
trayectoria,22.08,3,305.938,199.672,-119,110,0.8,0
trayectoria,22.09,0,216.381,34.4794,-11.0303,-0.606061,3.3,1
trayectoria,22.09,1,353.795,43.5661,16.1304,-53.0435,2.3,0
trayectoria,22.09,2,338.377,26.7772,26.8912,130,1.2,1
trayectoria,22.09,3,305.938,199.672,-119,110,0.8,0
trayectoria,22.1,0,216.271,34.4734,-11.0303,-0.606061,3.3,1
trayectoria,22.1,1,353.795,43.5661,16.1304,-53.0435,2.3,0
trayectoria,22.1,2,338.646,28.0772,26.8912,130,1.2,1
trayectoria,22.1,3,305.938,199.672,-119,110,0.8,0
trayectoria,22.11,0,216.161,34.4673,-11.0303,-0.606061,3.3,1
trayectoria,22.11,1,353.795,43.5661,16.1304,-53.0435,2.3,0
trayectoria,22.11,2,338.915,29.3772,26.8912,130,1.2,1
trayectoria,22.11,3,305.938,199.672,-119,110,0.8,0
trayectoria,22.12,0,216.051,34.4612,-11.0303,-0.606061,3.3,1
trayectoria,22.12,1,353.795,43.5661,16.1304,-53.0435,2.3,0
trayectoria,22.12,2,339.184,30.6772,26.8912,130,1.2,1
trayectoria,22.12,3,305.938,199.672,-119,110,0.8,0
trayectoria,22.13,0,215.94,34.4552,-11.0303,-0.606061,3.3,1
trayectoria,22.13,1,353.795,43.5661,16.1304,-53.0435,2.3,0
trayectoria,22.13,2,339.453,31.9772,26.8912,130,1.2,1
trayectoria,22.13,3,305.938,199.672,-119,110,0.8,0
trayectoria,22.14,0,215.83,34.4491,-11.0303,-0.606061,3.3,1
trayectoria,22.14,1,353.795,43.5661,16.1304,-53.0435,2.3,0
trayectoria,22.14,2,339.722,33.2772,26.8912,130,1.2,1
trayectoria,22.14,3,305.938,199.672,-119,110,0.8,0
trayectoria,22.15,0,215.72,34.4431,-11.0303,-0.606061,3.3,1
trayectoria,22.15,1,353.795,43.5661,16.1304,-53.0435,2.3,0
trayectoria,22.15,2,339.991,34.5772,26.8912,130,1.2,1
trayectoria,22.15,3,305.938,199.672,-119,110,0.8,0
trayectoria,22.16,0,215.609,34.437,-11.0303,-0.606061,3.3,1
trayectoria,22.16,1,353.795,43.5661,16.1304,-53.0435,2.3,0
trayectoria,22.16,2,340.26,35.8772,26.8912,130,1.2,1
trayectoria,22.16,3,305.938,199.672,-119,110,0.8,0
trayectoria,22.17,0,215.499,34.4309,-11.0303,-0.606061,3.3,1
trayectoria,22.17,1,353.795,43.5661,16.1304,-53.0435,2.3,0
trayectoria,22.17,2,340.529,37.1772,26.8912,130,1.2,1
trayectoria,22.17,3,305.938,199.672,-119,110,0.8,0
trayectoria,22.18,0,215.389,34.4249,-11.0303,-0.606061,3.3,1
trayectoria,22.18,1,353.795,43.5661,16.1304,-53.0435,2.3,0
trayectoria,22.18,2,340.797,38.4772,26.8912,130,1.2,1
trayectoria,22.18,3,305.938,199.672,-119,110,0.8,0
trayectoria,22.19,0,215.278,34.4188,-11.0303,-0.606061,3.3,1
trayectoria,22.19,1,353.795,43.5661,16.1304,-53.0435,2.3,0
trayectoria,22.19,2,341.066,39.7772,26.8912,130,1.2,1
trayectoria,22.19,3,305.938,199.672,-119,110,0.8,0
trayectoria,22.2,0,215.168,34.4128,-11.0303,-0.606061,3.3,1
trayectoria,22.2,1,353.795,43.5661,16.1304,-53.0435,2.3,0
trayectoria,22.2,2,341.335,41.0772,26.8912,130,1.2,1
trayectoria,22.2,3,305.938,199.672,-119,110,0.8,0
trayectoria,22.21,0,215.058,34.4067,-11.0303,-0.606061,3.3,1
trayectoria,22.21,1,353.795,43.5661,16.1304,-53.0435,2.3,0
trayectoria,22.21,2,341.604,42.3772,26.8912,130,1.2,1
trayectoria,22.21,3,305.938,199.672,-119,110,0.8,0
trayectoria,22.22,0,214.948,34.4006,-11.0303,-0.606061,3.3,1
trayectoria,22.22,1,353.795,43.5661,16.1304,-53.0435,2.3,0
trayectoria,22.22,2,341.873,43.6772,26.8912,130,1.2,1
trayectoria,22.22,3,305.938,199.672,-119,110,0.8,0
trayectoria,22.23,0,214.837,34.3946,-11.0303,-0.606061,3.3,1
trayectoria,22.23,1,353.795,43.5661,16.1304,-53.0435,2.3,0
trayectoria,22.23,2,342.142,44.9772,26.8912,130,1.2,1
trayectoria,22.23,3,305.938,199.672,-119,110,0.8,0
trayectoria,22.24,0,214.727,34.3885,-11.0303,-0.606061,3.3,1
trayectoria,22.24,1,353.795,43.5661,16.1304,-53.0435,2.3,0
trayectoria,22.24,2,342.411,46.2772,26.8912,130,1.2,1
trayectoria,22.24,3,305.938,199.672,-119,110,0.8,0
trayectoria,22.25,0,214.617,34.3825,-11.0303,-0.606061,3.3,1
trayectoria,22.25,1,353.795,43.5661,16.1304,-53.0435,2.3,0
trayectoria,22.25,2,342.68,47.5772,26.8912,130,1.2,1
trayectoria,22.25,3,305.938,199.672,-119,110,0.8,0
trayectoria,22.26,0,214.506,34.3764,-11.0303,-0.606061,3.3,1
trayectoria,22.26,1,353.795,43.5661,16.1304,-53.0435,2.3,0
trayectoria,22.26,2,342.949,48.8772,26.8912,130,1.2,1
trayectoria,22.26,3,305.938,199.672,-119,110,0.8,0
trayectoria,22.27,0,214.396,34.3703,-11.0303,-0.606061,3.3,1
trayectoria,22.27,1,353.795,43.5661,16.1304,-53.0435,2.3,0
trayectoria,22.27,2,343.218,50.1772,26.8912,130,1.2,1
trayectoria,22.27,3,305.938,199.672,-119,110,0.8,0
trayectoria,22.28,0,214.286,34.3643,-11.0303,-0.606061,3.3,1
trayectoria,22.28,1,353.795,43.5661,16.1304,-53.0435,2.3,0
trayectoria,22.28,2,343.487,51.4772,26.8912,130,1.2,1
trayectoria,22.28,3,305.938,199.672,-119,110,0.8,0
trayectoria,22.29,0,214.175,34.3582,-11.0303,-0.606061,3.3,1
trayectoria,22.29,1,353.795,43.5661,16.1304,-53.0435,2.3,0
trayectoria,22.29,2,343.755,52.7772,26.8912,130,1.2,1
trayectoria,22.29,3,305.938,199.672,-119,110,0.8,0
trayectoria,22.3,0,214.065,34.3522,-11.0303,-0.606061,3.3,1
trayectoria,22.3,1,353.795,43.5661,16.1304,-53.0435,2.3,0
trayectoria,22.3,2,344.024,54.0772,26.8912,130,1.2,1
trayectoria,22.3,3,305.938,199.672,-119,110,0.8,0
trayectoria,22.31,0,213.955,34.3461,-11.0303,-0.606061,3.3,1
trayectoria,22.31,1,353.795,43.5661,16.1304,-53.0435,2.3,0
trayectoria,22.31,2,344.293,55.3772,26.8912,130,1.2,1
trayectoria,22.31,3,305.938,199.672,-119,110,0.8,0
trayectoria,22.32,0,213.845,34.34,-11.0303,-0.606061,3.3,1
trayectoria,22.32,1,353.795,43.5661,16.1304,-53.0435,2.3,0
trayectoria,22.32,2,344.562,56.6772,26.8912,130,1.2,1
trayectoria,22.32,3,305.938,199.672,-119,110,0.8,0
trayectoria,22.33,0,213.734,34.334,-11.0303,-0.606061,3.3,1
trayectoria,22.33,1,353.795,43.5661,16.1304,-53.0435,2.3,0
trayectoria,22.33,2,344.831,57.9772,26.8912,130,1.2,1
trayectoria,22.33,3,305.938,199.672,-119,110,0.8,0
trayectoria,22.34,0,213.624,34.3279,-11.0303,-0.606061,3.3,1
trayectoria,22.34,1,353.795,43.5661,16.1304,-53.0435,2.3,0
trayectoria,22.34,2,345.1,59.2772,26.8912,130,1.2,1
trayectoria,22.34,3,305.938,199.672,-119,110,0.8,0
trayectoria,22.35,0,213.514,34.3219,-11.0303,-0.606061,3.3,1
trayectoria,22.35,1,353.795,43.5661,16.1304,-53.0435,2.3,0
trayectoria,22.35,2,345.369,60.5772,26.8912,130,1.2,1
trayectoria,22.35,3,305.938,199.672,-119,110,0.8,0
trayectoria,22.36,0,213.403,34.3158,-11.0303,-0.606061,3.3,1
trayectoria,22.36,1,353.795,43.5661,16.1304,-53.0435,2.3,0
trayectoria,22.36,2,345.638,61.8772,26.8912,130,1.2,1
trayectoria,22.36,3,305.938,199.672,-119,110,0.8,0
trayectoria,22.37,0,213.293,34.3097,-11.0303,-0.606061,3.3,1
trayectoria,22.37,1,353.795,43.5661,16.1304,-53.0435,2.3,0
trayectoria,22.37,2,345.907,63.1772,26.8912,130,1.2,1
trayectoria,22.37,3,305.938,199.672,-119,110,0.8,0
trayectoria,22.38,0,213.183,34.3037,-11.0303,-0.606061,3.3,1
trayectoria,22.38,1,353.795,43.5661,16.1304,-53.0435,2.3,0
trayectoria,22.38,2,346.176,64.4772,26.8912,130,1.2,1
trayectoria,22.38,3,305.938,199.672,-119,110,0.8,0
trayectoria,22.39,0,213.072,34.2976,-11.0303,-0.606061,3.3,1
trayectoria,22.39,1,353.795,43.5661,16.1304,-53.0435,2.3,0
trayectoria,22.39,2,346.445,65.7772,26.8912,130,1.2,1
trayectoria,22.39,3,305.938,199.672,-119,110,0.8,0
trayectoria,22.4,0,212.962,34.2916,-11.0303,-0.606061,3.3,1
trayectoria,22.4,1,353.795,43.5661,16.1304,-53.0435,2.3,0
trayectoria,22.4,2,346.714,67.0772,26.8912,130,1.2,1
trayectoria,22.4,3,305.938,199.672,-119,110,0.8,0
trayectoria,22.41,0,212.852,34.2855,-11.0303,-0.606061,3.3,1
trayectoria,22.41,1,353.795,43.5661,16.1304,-53.0435,2.3,0
trayectoria,22.41,2,346.982,68.3772,26.8912,130,1.2,1
trayectoria,22.41,3,305.938,199.672,-119,110,0.8,0
trayectoria,22.42,0,212.741,34.2794,-11.0303,-0.606061,3.3,1
trayectoria,22.42,1,353.795,43.5661,16.1304,-53.0435,2.3,0
trayectoria,22.42,2,347.251,69.6772,26.8912,130,1.2,1
trayectoria,22.42,3,305.938,199.672,-119,110,0.8,0
trayectoria,22.43,0,212.631,34.2734,-11.0303,-0.606061,3.3,1
trayectoria,22.43,1,353.795,43.5661,16.1304,-53.0435,2.3,0
trayectoria,22.43,2,347.52,70.9772,26.8912,130,1.2,1
trayectoria,22.43,3,305.938,199.672,-119,110,0.8,0
trayectoria,22.44,0,212.521,34.2673,-11.0303,-0.606061,3.3,1
trayectoria,22.44,1,353.795,43.5661,16.1304,-53.0435,2.3,0
trayectoria,22.44,2,347.789,72.2772,26.8912,130,1.2,1
trayectoria,22.44,3,305.938,199.672,-119,110,0.8,0
trayectoria,22.45,0,212.411,34.2612,-11.0303,-0.606061,3.3,1
trayectoria,22.45,1,353.795,43.5661,16.1304,-53.0435,2.3,0
trayectoria,22.45,2,348.058,73.5772,26.8912,130,1.2,1
trayectoria,22.45,3,305.938,199.672,-119,110,0.8,0
trayectoria,22.46,0,212.3,34.2552,-11.0303,-0.606061,3.3,1
trayectoria,22.46,1,353.795,43.5661,16.1304,-53.0435,2.3,0
trayectoria,22.46,2,348.327,74.8772,26.8912,130,1.2,1
trayectoria,22.46,3,305.938,199.672,-119,110,0.8,0
trayectoria,22.47,0,212.19,34.2491,-11.0303,-0.606061,3.3,1
trayectoria,22.47,1,353.795,43.5661,16.1304,-53.0435,2.3,0
trayectoria,22.47,2,348.596,76.1772,26.8912,130,1.2,1
trayectoria,22.47,3,305.938,199.672,-119,110,0.8,0
trayectoria,22.48,0,212.08,34.2431,-11.0303,-0.606061,3.3,1
trayectoria,22.48,1,353.795,43.5661,16.1304,-53.0435,2.3,0
trayectoria,22.48,2,348.865,77.4772,26.8912,130,1.2,1
trayectoria,22.48,3,305.938,199.672,-119,110,0.8,0
trayectoria,22.49,0,211.969,34.237,-11.0303,-0.606061,3.3,1
trayectoria,22.49,1,353.795,43.5661,16.1304,-53.0435,2.3,0
trayectoria,22.49,2,349.134,78.7772,26.8912,130,1.2,1
trayectoria,22.49,3,305.938,199.672,-119,110,0.8,0
trayectoria,22.5,0,211.859,34.2309,-11.0303,-0.606061,3.3,1
trayectoria,22.5,1,353.795,43.5661,16.1304,-53.0435,2.3,0
trayectoria,22.5,2,349.403,80.0772,26.8912,130,1.2,1
trayectoria,22.5,3,305.938,199.672,-119,110,0.8,0
trayectoria,22.51,0,211.749,34.2249,-11.0303,-0.606061,3.3,1
trayectoria,22.51,1,353.795,43.5661,16.1304,-53.0435,2.3,0
trayectoria,22.51,2,349.672,81.3772,26.8912,130,1.2,1
trayectoria,22.51,3,305.938,199.672,-119,110,0.8,0
trayectoria,22.52,0,211.638,34.2188,-11.0303,-0.606061,3.3,1
trayectoria,22.52,1,353.795,43.5661,16.1304,-53.0435,2.3,0
trayectoria,22.52,2,349.94,82.6772,26.8912,130,1.2,1
trayectoria,22.52,3,305.938,199.672,-119,110,0.8,0
trayectoria,22.53,0,211.528,34.2128,-11.0303,-0.606061,3.3,1
trayectoria,22.53,1,353.795,43.5661,16.1304,-53.0435,2.3,0
trayectoria,22.53,2,350.209,83.9772,26.8912,130,1.2,1
trayectoria,22.53,3,305.938,199.672,-119,110,0.8,0
trayectoria,22.54,0,211.418,34.2067,-11.0303,-0.606061,3.3,1
trayectoria,22.54,1,353.795,43.5661,16.1304,-53.0435,2.3,0
trayectoria,22.54,2,350.478,85.2772,26.8912,130,1.2,1
trayectoria,22.54,3,305.938,199.672,-119,110,0.8,0
trayectoria,22.55,0,211.308,34.2006,-11.0303,-0.606061,3.3,1
trayectoria,22.55,1,353.795,43.5661,16.1304,-53.0435,2.3,0
trayectoria,22.55,2,350.747,86.5772,26.8912,130,1.2,1
trayectoria,22.55,3,305.938,199.672,-119,110,0.8,0
trayectoria,22.56,0,211.197,34.1946,-11.0303,-0.606061,3.3,1
trayectoria,22.56,1,353.795,43.5661,16.1304,-53.0435,2.3,0
trayectoria,22.56,2,351.016,87.8772,26.8912,130,1.2,1
trayectoria,22.56,3,305.938,199.672,-119,110,0.8,0
trayectoria,22.57,0,211.087,34.1885,-11.0303,-0.606061,3.3,1
trayectoria,22.57,1,353.795,43.5661,16.1304,-53.0435,2.3,0
trayectoria,22.57,2,351.285,89.1772,26.8912,130,1.2,1
trayectoria,22.57,3,305.938,199.672,-119,110,0.8,0
trayectoria,22.58,0,210.977,34.1825,-11.0303,-0.606061,3.3,1
trayectoria,22.58,1,353.795,43.5661,16.1304,-53.0435,2.3,0
trayectoria,22.58,2,351.554,90.4772,26.8912,130,1.2,1
trayectoria,22.58,3,305.938,199.672,-119,110,0.8,0
trayectoria,22.59,0,210.866,34.1764,-11.0303,-0.606061,3.3,1
trayectoria,22.59,1,353.795,43.5661,16.1304,-53.0435,2.3,0
trayectoria,22.59,2,351.823,91.7772,26.8912,130,1.2,1
trayectoria,22.59,3,305.938,199.672,-119,110,0.8,0
trayectoria,22.6,0,210.756,34.1703,-11.0303,-0.606061,3.3,1
trayectoria,22.6,1,353.795,43.5661,16.1304,-53.0435,2.3,0
trayectoria,22.6,2,352.092,93.0772,26.8912,130,1.2,1
trayectoria,22.6,3,305.938,199.672,-119,110,0.8,0
trayectoria,22.61,0,210.646,34.1643,-11.0303,-0.606061,3.3,1
trayectoria,22.61,1,353.795,43.5661,16.1304,-53.0435,2.3,0
trayectoria,22.61,2,352.361,94.3772,26.8912,130,1.2,1
trayectoria,22.61,3,305.938,199.672,-119,110,0.8,0
trayectoria,22.62,0,210.535,34.1582,-11.0303,-0.606061,3.3,1
trayectoria,22.62,1,353.795,43.5661,16.1304,-53.0435,2.3,0
trayectoria,22.62,2,352.63,95.6772,26.8912,130,1.2,1
trayectoria,22.62,3,305.938,199.672,-119,110,0.8,0
trayectoria,22.63,0,210.425,34.1522,-11.0303,-0.606061,3.3,1
trayectoria,22.63,1,353.795,43.5661,16.1304,-53.0435,2.3,0
trayectoria,22.63,2,352.898,96.9772,26.8912,130,1.2,1
trayectoria,22.63,3,305.938,199.672,-119,110,0.8,0
trayectoria,22.64,0,210.315,34.1461,-11.0303,-0.606061,3.3,1
trayectoria,22.64,1,353.795,43.5661,16.1304,-53.0435,2.3,0
trayectoria,22.64,2,353.167,98.2772,26.8912,130,1.2,1
trayectoria,22.64,3,305.938,199.672,-119,110,0.8,0
trayectoria,22.65,0,210.205,34.14,-11.0303,-0.606061,3.3,1
trayectoria,22.65,1,353.795,43.5661,16.1304,-53.0435,2.3,0
trayectoria,22.65,2,353.436,99.5772,26.8912,130,1.2,1
trayectoria,22.65,3,305.938,199.672,-119,110,0.8,0
trayectoria,22.66,0,210.094,34.134,-11.0303,-0.606061,3.3,1
trayectoria,22.66,1,353.795,43.5661,16.1304,-53.0435,2.3,0
trayectoria,22.66,2,353.705,100.877,26.8912,130,1.2,1
trayectoria,22.66,3,305.938,199.672,-119,110,0.8,0
trayectoria,22.67,0,209.984,34.1279,-11.0303,-0.606061,3.3,1
trayectoria,22.67,1,353.795,43.5661,16.1304,-53.0435,2.3,0
trayectoria,22.67,2,353.974,102.177,26.8912,130,1.2,1
trayectoria,22.67,3,305.938,199.672,-119,110,0.8,0
trayectoria,22.68,0,209.874,34.1219,-11.0303,-0.606061,3.3,1
trayectoria,22.68,1,353.795,43.5661,16.1304,-53.0435,2.3,0
trayectoria,22.68,2,354.243,103.477,26.8912,130,1.2,1
trayectoria,22.68,3,305.938,199.672,-119,110,0.8,0
trayectoria,22.69,0,209.763,34.1158,-11.0303,-0.606061,3.3,1
trayectoria,22.69,1,353.795,43.5661,16.1304,-53.0435,2.3,0
trayectoria,22.69,2,354.512,104.777,26.8912,130,1.2,1
trayectoria,22.69,3,305.938,199.672,-119,110,0.8,0
trayectoria,22.7,0,209.653,34.1097,-11.0303,-0.606061,3.3,1
trayectoria,22.7,1,353.795,43.5661,16.1304,-53.0435,2.3,0
trayectoria,22.7,2,354.781,106.077,26.8912,130,1.2,1
trayectoria,22.7,3,305.938,199.672,-119,110,0.8,0
trayectoria,22.71,0,209.543,34.1037,-11.0303,-0.606061,3.3,1
trayectoria,22.71,1,353.795,43.5661,16.1304,-53.0435,2.3,0
trayectoria,22.71,2,355.05,107.377,26.8912,130,1.2,1
trayectoria,22.71,3,305.938,199.672,-119,110,0.8,0
trayectoria,22.72,0,209.432,34.0976,-11.0303,-0.606061,3.3,1
trayectoria,22.72,1,353.795,43.5661,16.1304,-53.0435,2.3,0
trayectoria,22.72,2,355.319,108.677,26.8912,130,1.2,1
trayectoria,22.72,3,305.938,199.672,-119,110,0.8,0
trayectoria,22.73,0,209.322,34.0916,-11.0303,-0.606061,3.3,1
trayectoria,22.73,1,353.795,43.5661,16.1304,-53.0435,2.3,0
trayectoria,22.73,2,355.588,109.977,26.8912,130,1.2,1
trayectoria,22.73,3,305.938,199.672,-119,110,0.8,0
trayectoria,22.74,0,209.212,34.0855,-11.0303,-0.606061,3.3,1
trayectoria,22.74,1,353.795,43.5661,16.1304,-53.0435,2.3,0
trayectoria,22.74,2,355.857,111.277,26.8912,130,1.2,1
trayectoria,22.74,3,305.938,199.672,-119,110,0.8,0
trayectoria,22.75,0,209.101,34.0794,-11.0303,-0.606061,3.3,1
trayectoria,22.75,1,353.795,43.5661,16.1304,-53.0435,2.3,0
trayectoria,22.75,2,356.125,112.577,26.8912,130,1.2,1
trayectoria,22.75,3,305.938,199.672,-119,110,0.8,0
trayectoria,22.76,0,208.991,34.0734,-11.0303,-0.606061,3.3,1
trayectoria,22.76,1,353.795,43.5661,16.1304,-53.0435,2.3,0
trayectoria,22.76,2,356.394,113.877,26.8912,130,1.2,1
trayectoria,22.76,3,305.938,199.672,-119,110,0.8,0
trayectoria,22.77,0,208.881,34.0673,-11.0303,-0.606061,3.3,1
trayectoria,22.77,1,353.795,43.5661,16.1304,-53.0435,2.3,0
trayectoria,22.77,2,356.663,115.177,26.8912,130,1.2,1
trayectoria,22.77,3,305.938,199.672,-119,110,0.8,0
trayectoria,22.78,0,208.771,34.0612,-11.0303,-0.606061,3.3,1
trayectoria,22.78,1,353.795,43.5661,16.1304,-53.0435,2.3,0
trayectoria,22.78,2,356.932,116.477,26.8912,130,1.2,1
trayectoria,22.78,3,305.938,199.672,-119,110,0.8,0
trayectoria,22.79,0,208.66,34.0552,-11.0303,-0.606061,3.3,1
trayectoria,22.79,1,353.795,43.5661,16.1304,-53.0435,2.3,0
trayectoria,22.79,2,357.201,117.777,26.8912,130,1.2,1
trayectoria,22.79,3,305.938,199.672,-119,110,0.8,0
trayectoria,22.8,0,208.55,34.0491,-11.0303,-0.606061,3.3,1
trayectoria,22.8,1,353.795,43.5661,16.1304,-53.0435,2.3,0
trayectoria,22.8,2,357.47,119.077,26.8912,130,1.2,1
trayectoria,22.8,3,305.938,199.672,-119,110,0.8,0
trayectoria,22.81,0,208.44,34.0431,-11.0303,-0.606061,3.3,1
trayectoria,22.81,1,353.795,43.5661,16.1304,-53.0435,2.3,0
trayectoria,22.81,2,357.739,120.377,26.8912,130,1.2,1
trayectoria,22.81,3,305.938,199.672,-119,110,0.8,0
trayectoria,22.82,0,208.329,34.037,-11.0303,-0.606061,3.3,1
trayectoria,22.82,1,353.795,43.5661,16.1304,-53.0435,2.3,0
trayectoria,22.82,2,358.008,121.677,26.8912,130,1.2,1
trayectoria,22.82,3,305.938,199.672,-119,110,0.8,0
trayectoria,22.83,0,208.219,34.0309,-11.0303,-0.606061,3.3,1
trayectoria,22.83,1,353.795,43.5661,16.1304,-53.0435,2.3,0
trayectoria,22.83,2,358.277,122.977,26.8912,130,1.2,1
trayectoria,22.83,3,305.938,199.672,-119,110,0.8,0
trayectoria,22.84,0,208.109,34.0249,-11.0303,-0.606061,3.3,1
trayectoria,22.84,1,353.795,43.5661,16.1304,-53.0435,2.3,0
trayectoria,22.84,2,358.546,124.277,26.8912,130,1.2,1
trayectoria,22.84,3,305.938,199.672,-119,110,0.8,0
trayectoria,22.85,0,207.998,34.0188,-11.0303,-0.606061,3.3,1
trayectoria,22.85,1,353.795,43.5661,16.1304,-53.0435,2.3,0
trayectoria,22.85,2,358.815,125.577,26.8912,130,1.2,1
trayectoria,22.85,3,305.938,199.672,-119,110,0.8,0
trayectoria,22.86,0,207.888,34.0128,-11.0303,-0.606061,3.3,1
trayectoria,22.86,1,353.795,43.5661,16.1304,-53.0435,2.3,0
trayectoria,22.86,2,359.083,126.877,26.8912,130,1.2,1
trayectoria,22.86,3,305.938,199.672,-119,110,0.8,0
trayectoria,22.87,0,207.778,34.0067,-11.0303,-0.606061,3.3,1
trayectoria,22.87,1,353.795,43.5661,16.1304,-53.0435,2.3,0
trayectoria,22.87,2,359.352,128.177,26.8912,130,1.2,1
trayectoria,22.87,3,305.938,199.672,-119,110,0.8,0
trayectoria,22.88,0,207.668,34.0006,-11.0303,-0.606061,3.3,1
trayectoria,22.88,1,353.795,43.5661,16.1304,-53.0435,2.3,0
trayectoria,22.88,2,359.621,129.477,26.8912,130,1.2,1
trayectoria,22.88,3,305.938,199.672,-119,110,0.8,0
trayectoria,22.89,0,207.557,33.9946,-11.0303,-0.606061,3.3,1
trayectoria,22.89,1,353.795,43.5661,16.1304,-53.0435,2.3,0
trayectoria,22.89,2,359.89,130.777,26.8912,130,1.2,1
trayectoria,22.89,3,305.938,199.672,-119,110,0.8,0
trayectoria,22.9,0,207.447,33.9885,-11.0303,-0.606061,3.3,1
trayectoria,22.9,1,353.795,43.5661,16.1304,-53.0435,2.3,0
trayectoria,22.9,2,360.159,132.077,26.8912,130,1.2,1
trayectoria,22.9,3,305.938,199.672,-119,110,0.8,0
trayectoria,22.91,0,207.337,33.9825,-11.0303,-0.606061,3.3,1
trayectoria,22.91,1,353.795,43.5661,16.1304,-53.0435,2.3,0
trayectoria,22.91,2,360.428,133.377,26.8912,130,1.2,1
trayectoria,22.91,3,305.938,199.672,-119,110,0.8,0
trayectoria,22.92,0,207.226,33.9764,-11.0303,-0.606061,3.3,1
trayectoria,22.92,1,353.795,43.5661,16.1304,-53.0435,2.3,0
trayectoria,22.92,2,360.697,134.677,26.8912,130,1.2,1
trayectoria,22.92,3,305.938,199.672,-119,110,0.8,0
trayectoria,22.93,0,207.116,33.9703,-11.0303,-0.606061,3.3,1
trayectoria,22.93,1,353.795,43.5661,16.1304,-53.0435,2.3,0
trayectoria,22.93,2,360.966,135.977,26.8912,130,1.2,1
trayectoria,22.93,3,305.938,199.672,-119,110,0.8,0
trayectoria,22.94,0,207.006,33.9643,-11.0303,-0.606061,3.3,1
trayectoria,22.94,1,353.795,43.5661,16.1304,-53.0435,2.3,0
trayectoria,22.94,2,361.235,137.277,26.8912,130,1.2,1
trayectoria,22.94,3,305.938,199.672,-119,110,0.8,0
trayectoria,22.95,0,206.895,33.9582,-11.0303,-0.606061,3.3,1
trayectoria,22.95,1,353.795,43.5661,16.1304,-53.0435,2.3,0
trayectoria,22.95,2,361.504,138.577,26.8912,130,1.2,1
trayectoria,22.95,3,305.938,199.672,-119,110,0.8,0
trayectoria,22.96,0,206.785,33.9522,-11.0303,-0.606061,3.3,1
trayectoria,22.96,1,353.795,43.5661,16.1304,-53.0435,2.3,0
trayectoria,22.96,2,361.773,139.877,26.8912,130,1.2,1
trayectoria,22.96,3,305.938,199.672,-119,110,0.8,0
trayectoria,22.97,0,206.675,33.9461,-11.0303,-0.606061,3.3,1
trayectoria,22.97,1,353.795,43.5661,16.1304,-53.0435,2.3,0
trayectoria,22.97,2,362.041,141.177,26.8912,130,1.2,1
trayectoria,22.97,3,305.938,199.672,-119,110,0.8,0
trayectoria,22.98,0,206.565,33.94,-11.0303,-0.606061,3.3,1
trayectoria,22.98,1,353.795,43.5661,16.1304,-53.0435,2.3,0
trayectoria,22.98,2,362.31,142.477,26.8912,130,1.2,1
trayectoria,22.98,3,305.938,199.672,-119,110,0.8,0
trayectoria,22.99,0,206.454,33.934,-11.0303,-0.606061,3.3,1
trayectoria,22.99,1,353.795,43.5661,16.1304,-53.0435,2.3,0
trayectoria,22.99,2,362.579,143.777,26.8912,130,1.2,1
trayectoria,22.99,3,305.938,199.672,-119,110,0.8,0
trayectoria,23,0,206.344,33.9279,-11.0303,-0.606061,3.3,1
trayectoria,23,1,353.795,43.5661,16.1304,-53.0435,2.3,0
trayectoria,23,2,362.848,145.077,26.8912,130,1.2,1
trayectoria,23,3,305.938,199.672,-119,110,0.8,0
trayectoria,23.01,0,206.234,33.9219,-11.0303,-0.606061,3.3,1
trayectoria,23.01,1,353.795,43.5661,16.1304,-53.0435,2.3,0
trayectoria,23.01,2,363.117,146.377,26.8912,130,1.2,1
trayectoria,23.01,3,305.938,199.672,-119,110,0.8,0
trayectoria,23.02,0,206.123,33.9158,-11.0303,-0.606061,3.3,1
trayectoria,23.02,1,353.795,43.5661,16.1304,-53.0435,2.3,0
trayectoria,23.02,2,363.386,147.677,26.8912,130,1.2,1
trayectoria,23.02,3,305.938,199.672,-119,110,0.8,0
trayectoria,23.03,0,206.013,33.9097,-11.0303,-0.606061,3.3,1
trayectoria,23.03,1,353.795,43.5661,16.1304,-53.0435,2.3,0
trayectoria,23.03,2,363.655,148.977,26.8912,130,1.2,1
trayectoria,23.03,3,305.938,199.672,-119,110,0.8,0
trayectoria,23.04,0,205.903,33.9037,-11.0303,-0.606061,3.3,1
trayectoria,23.04,1,353.795,43.5661,16.1304,-53.0435,2.3,0
trayectoria,23.04,2,363.924,150.277,26.8912,130,1.2,1
trayectoria,23.04,3,305.938,199.672,-119,110,0.8,0
trayectoria,23.05,0,205.792,33.8976,-11.0303,-0.606061,3.3,1
trayectoria,23.05,1,353.795,43.5661,16.1304,-53.0435,2.3,0
trayectoria,23.05,2,364.193,151.577,26.8912,130,1.2,1
trayectoria,23.05,3,305.938,199.672,-119,110,0.8,0
trayectoria,23.06,0,205.682,33.8916,-11.0303,-0.606061,3.3,1
trayectoria,23.06,1,353.795,43.5661,16.1304,-53.0435,2.3,0
trayectoria,23.06,2,364.462,152.877,26.8912,130,1.2,1
trayectoria,23.06,3,305.938,199.672,-119,110,0.8,0
trayectoria,23.07,0,205.572,33.8855,-11.0303,-0.606061,3.3,1
trayectoria,23.07,1,353.795,43.5661,16.1304,-53.0435,2.3,0
trayectoria,23.07,2,364.731,154.177,26.8912,130,1.2,1
trayectoria,23.07,3,305.938,199.672,-119,110,0.8,0
trayectoria,23.08,0,205.461,33.8794,-11.0303,-0.606061,3.3,1
trayectoria,23.08,1,353.795,43.5661,16.1304,-53.0435,2.3,0
trayectoria,23.08,2,365,155.477,26.8912,130,1.2,1
trayectoria,23.08,3,305.938,199.672,-119,110,0.8,0
trayectoria,23.09,0,205.351,33.8734,-11.0303,-0.606061,3.3,1
trayectoria,23.09,1,353.795,43.5661,16.1304,-53.0435,2.3,0
trayectoria,23.09,2,365.268,156.777,26.8912,130,1.2,1
trayectoria,23.09,3,305.938,199.672,-119,110,0.8,0
trayectoria,23.1,0,205.241,33.8673,-11.0303,-0.606061,3.3,1
trayectoria,23.1,1,353.795,43.5661,16.1304,-53.0435,2.3,0
trayectoria,23.1,2,365.537,158.077,26.8912,130,1.2,1
trayectoria,23.1,3,305.938,199.672,-119,110,0.8,0
trayectoria,23.11,0,205.131,33.8612,-11.0303,-0.606061,3.3,1
trayectoria,23.11,1,353.795,43.5661,16.1304,-53.0435,2.3,0
trayectoria,23.11,2,365.806,159.377,26.8912,130,1.2,1
trayectoria,23.11,3,305.938,199.672,-119,110,0.8,0
trayectoria,23.12,0,205.02,33.8552,-11.0303,-0.606061,3.3,1
trayectoria,23.12,1,353.795,43.5661,16.1304,-53.0435,2.3,0
trayectoria,23.12,2,366.075,160.677,26.8912,130,1.2,1
trayectoria,23.12,3,305.938,199.672,-119,110,0.8,0
trayectoria,23.13,0,204.91,33.8491,-11.0303,-0.606061,3.3,1
trayectoria,23.13,1,353.795,43.5661,16.1304,-53.0435,2.3,0
trayectoria,23.13,2,366.344,161.977,26.8912,130,1.2,1
trayectoria,23.13,3,305.938,199.672,-119,110,0.8,0
trayectoria,23.14,0,204.8,33.8431,-11.0303,-0.606061,3.3,1
trayectoria,23.14,1,353.795,43.5661,16.1304,-53.0435,2.3,0
trayectoria,23.14,2,366.613,163.277,26.8912,130,1.2,1
trayectoria,23.14,3,305.938,199.672,-119,110,0.8,0
trayectoria,23.15,0,204.689,33.837,-11.0303,-0.606061,3.3,1
trayectoria,23.15,1,353.795,43.5661,16.1304,-53.0435,2.3,0
trayectoria,23.15,2,366.882,164.577,26.8912,130,1.2,1
trayectoria,23.15,3,305.938,199.672,-119,110,0.8,0
trayectoria,23.16,0,204.579,33.8309,-11.0303,-0.606061,3.3,1
trayectoria,23.16,1,353.795,43.5661,16.1304,-53.0435,2.3,0
trayectoria,23.16,2,367.151,165.877,26.8912,130,1.2,1
trayectoria,23.16,3,305.938,199.672,-119,110,0.8,0
trayectoria,23.17,0,204.469,33.8249,-11.0303,-0.606061,3.3,1
trayectoria,23.17,1,353.795,43.5661,16.1304,-53.0435,2.3,0
trayectoria,23.17,2,367.42,167.177,26.8912,130,1.2,1
trayectoria,23.17,3,305.938,199.672,-119,110,0.8,0
trayectoria,23.18,0,204.358,33.8188,-11.0303,-0.606061,3.3,1
trayectoria,23.18,1,353.795,43.5661,16.1304,-53.0435,2.3,0
trayectoria,23.18,2,367.689,168.477,26.8912,130,1.2,1
trayectoria,23.18,3,305.938,199.672,-119,110,0.8,0
trayectoria,23.19,0,204.248,33.8128,-11.0303,-0.606061,3.3,1
trayectoria,23.19,1,353.795,43.5661,16.1304,-53.0435,2.3,0
trayectoria,23.19,2,367.958,169.777,26.8912,130,1.2,1
trayectoria,23.19,3,305.938,199.672,-119,110,0.8,0
trayectoria,23.2,0,204.138,33.8067,-11.0303,-0.606061,3.3,1
trayectoria,23.2,1,353.795,43.5661,16.1304,-53.0435,2.3,0
trayectoria,23.2,2,368.226,171.077,26.8912,130,1.2,1
trayectoria,23.2,3,305.938,199.672,-119,110,0.8,0
trayectoria,23.21,0,204.028,33.8006,-11.0303,-0.606061,3.3,1
trayectoria,23.21,1,353.795,43.5661,16.1304,-53.0435,2.3,0
trayectoria,23.21,2,368.495,172.377,26.8912,130,1.2,1
trayectoria,23.21,3,305.938,199.672,-119,110,0.8,0
trayectoria,23.22,0,203.917,33.7946,-11.0303,-0.606061,3.3,1
trayectoria,23.22,1,353.795,43.5661,16.1304,-53.0435,2.3,0
trayectoria,23.22,2,368.764,173.677,26.8912,130,1.2,1
trayectoria,23.22,3,305.938,199.672,-119,110,0.8,0
trayectoria,23.23,0,203.807,33.7885,-11.0303,-0.606061,3.3,1
trayectoria,23.23,1,353.795,43.5661,16.1304,-53.0435,2.3,0
trayectoria,23.23,2,369.033,174.977,26.8912,130,1.2,1
trayectoria,23.23,3,305.938,199.672,-119,110,0.8,0
trayectoria,23.24,0,203.697,33.7825,-11.0303,-0.606061,3.3,1
trayectoria,23.24,1,353.795,43.5661,16.1304,-53.0435,2.3,0
trayectoria,23.24,2,369.302,176.277,26.8912,130,1.2,1
trayectoria,23.24,3,305.938,199.672,-119,110,0.8,0
trayectoria,23.25,0,203.586,33.7764,-11.0303,-0.606061,3.3,1
trayectoria,23.25,1,353.795,43.5661,16.1304,-53.0435,2.3,0
trayectoria,23.25,2,369.571,177.577,26.8912,130,1.2,1
trayectoria,23.25,3,305.938,199.672,-119,110,0.8,0
trayectoria,23.26,0,203.476,33.7703,-11.0303,-0.606061,3.3,1
trayectoria,23.26,1,353.795,43.5661,16.1304,-53.0435,2.3,0
trayectoria,23.26,2,369.84,178.877,26.8912,130,1.2,1
trayectoria,23.26,3,305.938,199.672,-119,110,0.8,0
trayectoria,23.27,0,203.366,33.7643,-11.0303,-0.606061,3.3,1
trayectoria,23.27,1,353.795,43.5661,16.1304,-53.0435,2.3,0
trayectoria,23.27,2,370.109,180.177,26.8912,130,1.2,1
trayectoria,23.27,3,305.938,199.672,-119,110,0.8,0
trayectoria,23.28,0,203.255,33.7582,-11.0303,-0.606061,3.3,1
trayectoria,23.28,1,353.795,43.5661,16.1304,-53.0435,2.3,0
trayectoria,23.28,2,370.378,181.477,26.8912,130,1.2,1
trayectoria,23.28,3,305.938,199.672,-119,110,0.8,0
trayectoria,23.29,0,203.145,33.7522,-11.0303,-0.606061,3.3,1
trayectoria,23.29,1,353.795,43.5661,16.1304,-53.0435,2.3,0
trayectoria,23.29,2,370.647,182.777,26.8912,130,1.2,1
trayectoria,23.29,3,305.938,199.672,-119,110,0.8,0
trayectoria,23.3,0,203.035,33.7461,-11.0303,-0.606061,3.3,1
trayectoria,23.3,1,353.795,43.5661,16.1304,-53.0435,2.3,0
trayectoria,23.3,2,370.916,184.077,26.8912,130,1.2,1
trayectoria,23.3,3,305.938,199.672,-119,110,0.8,0
trayectoria,23.31,0,202.925,33.74,-11.0303,-0.606061,3.3,1
trayectoria,23.31,1,353.795,43.5661,16.1304,-53.0435,2.3,0
trayectoria,23.31,2,371.185,185.377,26.8912,130,1.2,1
trayectoria,23.31,3,305.938,199.672,-119,110,0.8,0
trayectoria,23.32,0,202.814,33.734,-11.0303,-0.606061,3.3,1
trayectoria,23.32,1,353.795,43.5661,16.1304,-53.0435,2.3,0
trayectoria,23.32,2,371.453,186.677,26.8912,130,1.2,1
trayectoria,23.32,3,305.938,199.672,-119,110,0.8,0
trayectoria,23.33,0,202.704,33.7279,-11.0303,-0.606061,3.3,1
trayectoria,23.33,1,353.795,43.5661,16.1304,-53.0435,2.3,0
trayectoria,23.33,2,371.722,187.977,26.8912,130,1.2,1
trayectoria,23.33,3,305.938,199.672,-119,110,0.8,0
trayectoria,23.34,0,202.594,33.7219,-11.0303,-0.606061,3.3,1
trayectoria,23.34,1,353.795,43.5661,16.1304,-53.0435,2.3,0
trayectoria,23.34,2,371.991,189.277,26.8912,130,1.2,1
trayectoria,23.34,3,305.938,199.672,-119,110,0.8,0
trayectoria,23.35,0,202.483,33.7158,-11.0303,-0.606061,3.3,1
trayectoria,23.35,1,353.795,43.5661,16.1304,-53.0435,2.3,0
trayectoria,23.35,2,372.26,190.577,26.8912,130,1.2,1
trayectoria,23.35,3,305.938,199.672,-119,110,0.8,0
trayectoria,23.36,0,202.373,33.7097,-11.0303,-0.606061,3.3,1
trayectoria,23.36,1,353.795,43.5661,16.1304,-53.0435,2.3,0
trayectoria,23.36,2,372.529,191.877,26.8912,130,1.2,1
trayectoria,23.36,3,305.938,199.672,-119,110,0.8,0
trayectoria,23.37,0,202.263,33.7037,-11.0303,-0.606061,3.3,1
trayectoria,23.37,1,353.795,43.5661,16.1304,-53.0435,2.3,0
trayectoria,23.37,2,372.798,193.177,26.8912,130,1.2,1
trayectoria,23.37,3,305.938,199.672,-119,110,0.8,0
trayectoria,23.38,0,202.152,33.6976,-11.0303,-0.606061,3.3,1
trayectoria,23.38,1,353.795,43.5661,16.1304,-53.0435,2.3,0
trayectoria,23.38,2,373.067,194.477,26.8912,130,1.2,1
trayectoria,23.38,3,305.938,199.672,-119,110,0.8,0
trayectoria,23.39,0,202.042,33.6916,-11.0303,-0.606061,3.3,1
trayectoria,23.39,1,353.795,43.5661,16.1304,-53.0435,2.3,0
trayectoria,23.39,2,373.336,195.777,26.8912,130,1.2,1
trayectoria,23.39,3,305.938,199.672,-119,110,0.8,0
trayectoria,23.4,0,201.932,33.6855,-11.0303,-0.606061,3.3,1
trayectoria,23.4,1,353.795,43.5661,16.1304,-53.0435,2.3,0
trayectoria,23.4,2,373.605,197.077,26.8912,130,1.2,1
trayectoria,23.4,3,305.938,199.672,-119,110,0.8,0
trayectoria,23.41,0,201.821,33.6794,-11.0303,-0.606061,3.3,1
trayectoria,23.41,1,353.795,43.5661,16.1304,-53.0435,2.3,0
trayectoria,23.41,2,373.874,198.377,26.8912,130,1.2,1
trayectoria,23.41,3,305.938,199.672,-119,110,0.8,0
trayectoria,23.42,0,201.711,33.6734,-11.0303,-0.606061,3.3,1
trayectoria,23.42,1,353.795,43.5661,16.1304,-53.0435,2.3,0
trayectoria,23.42,2,374.143,199.677,26.8912,130,1.2,1
trayectoria,23.42,3,305.938,199.672,-119,110,0.8,0
trayectoria,23.43,0,201.601,33.6673,-11.0303,-0.606061,3.3,1
trayectoria,23.43,1,353.795,43.5661,16.1304,-53.0435,2.3,0
trayectoria,23.43,2,374.411,200.977,26.8912,130,1.2,1
trayectoria,23.43,3,305.938,199.672,-119,110,0.8,0
trayectoria,23.44,0,201.491,33.6612,-11.0303,-0.606061,3.3,1
trayectoria,23.44,1,353.795,43.5661,16.1304,-53.0435,2.3,0
trayectoria,23.44,2,374.68,202.277,26.8912,130,1.2,1
trayectoria,23.44,3,305.938,199.672,-119,110,0.8,0
trayectoria,23.45,0,201.38,33.6552,-11.0303,-0.606061,3.3,1
trayectoria,23.45,1,353.795,43.5661,16.1304,-53.0435,2.3,0
trayectoria,23.45,2,374.949,203.577,26.8912,130,1.2,1
trayectoria,23.45,3,305.938,199.672,-119,110,0.8,0
trayectoria,23.46,0,201.27,33.6491,-11.0303,-0.606061,3.3,1
trayectoria,23.46,1,353.795,43.5661,16.1304,-53.0435,2.3,0
trayectoria,23.46,2,375.218,204.877,26.8912,130,1.2,1
trayectoria,23.46,3,305.938,199.672,-119,110,0.8,0
trayectoria,23.47,0,201.16,33.6431,-11.0303,-0.606061,3.3,1
trayectoria,23.47,1,353.795,43.5661,16.1304,-53.0435,2.3,0
trayectoria,23.47,2,375.487,206.177,26.8912,130,1.2,1
trayectoria,23.47,3,305.938,199.672,-119,110,0.8,0
trayectoria,23.48,0,201.049,33.637,-11.0303,-0.606061,3.3,1
trayectoria,23.48,1,353.795,43.5661,16.1304,-53.0435,2.3,0
trayectoria,23.48,2,375.756,207.477,26.8912,130,1.2,1
trayectoria,23.48,3,305.938,199.672,-119,110,0.8,0
trayectoria,23.49,0,200.939,33.6309,-11.0303,-0.606061,3.3,1
trayectoria,23.49,1,353.795,43.5661,16.1304,-53.0435,2.3,0
trayectoria,23.49,2,376.025,208.777,26.8912,130,1.2,1
trayectoria,23.49,3,305.938,199.672,-119,110,0.8,0
trayectoria,23.5,0,200.829,33.6249,-11.0303,-0.606061,3.3,1
trayectoria,23.5,1,353.795,43.5661,16.1304,-53.0435,2.3,0
trayectoria,23.5,2,376.294,210.077,26.8912,130,1.2,1
trayectoria,23.5,3,305.938,199.672,-119,110,0.8,0
trayectoria,23.51,0,200.718,33.6188,-11.0303,-0.606061,3.3,1
trayectoria,23.51,1,353.795,43.5661,16.1304,-53.0435,2.3,0
trayectoria,23.51,2,376.563,211.377,26.8912,130,1.2,1
trayectoria,23.51,3,305.938,199.672,-119,110,0.8,0
trayectoria,23.52,0,200.608,33.6128,-11.0303,-0.606061,3.3,1
trayectoria,23.52,1,353.795,43.5661,16.1304,-53.0435,2.3,0
trayectoria,23.52,2,376.832,212.677,26.8912,130,1.2,1
trayectoria,23.52,3,305.938,199.672,-119,110,0.8,0
trayectoria,23.53,0,200.498,33.6067,-11.0303,-0.606061,3.3,1
trayectoria,23.53,1,353.795,43.5661,16.1304,-53.0435,2.3,0
trayectoria,23.53,2,377.101,213.977,26.8912,130,1.2,1
trayectoria,23.53,3,305.938,199.672,-119,110,0.8,0
trayectoria,23.54,0,200.388,33.6006,-11.0303,-0.606061,3.3,1
trayectoria,23.54,1,353.795,43.5661,16.1304,-53.0435,2.3,0
trayectoria,23.54,2,377.369,215.277,26.8912,130,1.2,1
trayectoria,23.54,3,305.938,199.672,-119,110,0.8,0
trayectoria,23.55,0,200.277,33.5946,-11.0303,-0.606061,3.3,1
trayectoria,23.55,1,353.795,43.5661,16.1304,-53.0435,2.3,0
trayectoria,23.55,2,377.638,216.577,26.8912,130,1.2,1
trayectoria,23.55,3,305.938,199.672,-119,110,0.8,0
trayectoria,23.56,0,200.167,33.5885,-11.0303,-0.606061,3.3,1
trayectoria,23.56,1,353.795,43.5661,16.1304,-53.0435,2.3,0
trayectoria,23.56,2,377.907,217.877,26.8912,130,1.2,1
trayectoria,23.56,3,305.938,199.672,-119,110,0.8,0
trayectoria,23.57,0,200.057,33.5825,-11.0303,-0.606061,3.3,1
trayectoria,23.57,1,353.795,43.5661,16.1304,-53.0435,2.3,0
trayectoria,23.57,2,378.176,219.177,26.8912,130,1.2,1
trayectoria,23.57,3,305.938,199.672,-119,110,0.8,0
trayectoria,23.58,0,199.946,33.5764,-11.0303,-0.606061,3.3,1
trayectoria,23.58,1,353.795,43.5661,16.1304,-53.0435,2.3,0
trayectoria,23.58,2,378.445,220.477,26.8912,130,1.2,1
trayectoria,23.58,3,305.938,199.672,-119,110,0.8,0
trayectoria,23.59,0,199.836,33.5703,-11.0303,-0.606061,3.3,1
trayectoria,23.59,1,353.795,43.5661,16.1304,-53.0435,2.3,0
trayectoria,23.59,2,378.714,221.777,26.8912,130,1.2,1
trayectoria,23.59,3,305.938,199.672,-119,110,0.8,0
trayectoria,23.6,0,199.726,33.5643,-11.0303,-0.606061,3.3,1
trayectoria,23.6,1,353.795,43.5661,16.1304,-53.0435,2.3,0
trayectoria,23.6,2,378.983,223.077,26.8912,130,1.2,1
trayectoria,23.6,3,305.938,199.672,-119,110,0.8,0
trayectoria,23.61,0,199.615,33.5582,-11.0303,-0.606061,3.3,1
trayectoria,23.61,1,353.795,43.5661,16.1304,-53.0435,2.3,0
trayectoria,23.61,2,379.252,224.377,26.8912,130,1.2,1
trayectoria,23.61,3,305.938,199.672,-119,110,0.8,0
trayectoria,23.62,0,199.505,33.5522,-11.0303,-0.606061,3.3,1
trayectoria,23.62,1,353.795,43.5661,16.1304,-53.0435,2.3,0
trayectoria,23.62,2,379.521,225.677,26.8912,130,1.2,1
trayectoria,23.62,3,305.938,199.672,-119,110,0.8,0
trayectoria,23.63,0,199.395,33.5461,-11.0303,-0.606061,3.3,1
trayectoria,23.63,1,353.795,43.5661,16.1304,-53.0435,2.3,0
trayectoria,23.63,2,379.79,226.977,26.8912,130,1.2,1
trayectoria,23.63,3,305.938,199.672,-119,110,0.8,0
trayectoria,23.64,0,199.285,33.54,-11.0303,-0.606061,3.3,1
trayectoria,23.64,1,353.795,43.5661,16.1304,-53.0435,2.3,0
trayectoria,23.64,2,380.059,228.277,26.8912,130,1.2,1
trayectoria,23.64,3,305.938,199.672,-119,110,0.8,0
trayectoria,23.65,0,199.174,33.534,-11.0303,-0.606061,3.3,1
trayectoria,23.65,1,353.795,43.5661,16.1304,-53.0435,2.3,0
trayectoria,23.65,2,380.328,229.577,26.8912,130,1.2,1
trayectoria,23.65,3,305.938,199.672,-119,110,0.8,0
trayectoria,23.66,0,199.064,33.5279,-11.0303,-0.606061,3.3,1
trayectoria,23.66,1,353.795,43.5661,16.1304,-53.0435,2.3,0
trayectoria,23.66,2,380.596,230.877,26.8912,130,1.2,1
trayectoria,23.66,3,305.938,199.672,-119,110,0.8,0
trayectoria,23.67,0,198.954,33.5219,-11.0303,-0.606061,3.3,1
trayectoria,23.67,1,353.795,43.5661,16.1304,-53.0435,2.3,0
trayectoria,23.67,2,380.865,232.177,26.8912,130,1.2,1
trayectoria,23.67,3,305.938,199.672,-119,110,0.8,0
trayectoria,23.68,0,198.843,33.5158,-11.0303,-0.606061,3.3,1
trayectoria,23.68,1,353.795,43.5661,16.1304,-53.0435,2.3,0
trayectoria,23.68,2,381.134,233.477,26.8912,130,1.2,1
trayectoria,23.68,3,305.938,199.672,-119,110,0.8,0
trayectoria,23.69,0,198.733,33.5097,-11.0303,-0.606061,3.3,1
trayectoria,23.69,1,353.795,43.5661,16.1304,-53.0435,2.3,0
trayectoria,23.69,2,381.403,234.777,26.8912,130,1.2,1
trayectoria,23.69,3,305.938,199.672,-119,110,0.8,0
trayectoria,23.7,0,198.623,33.5037,-11.0303,-0.606061,3.3,1
trayectoria,23.7,1,353.795,43.5661,16.1304,-53.0435,2.3,0
trayectoria,23.7,2,381.672,236.077,26.8912,130,1.2,1
trayectoria,23.7,3,305.938,199.672,-119,110,0.8,0
trayectoria,23.71,0,198.512,33.4976,-11.0303,-0.606061,3.3,1
trayectoria,23.71,1,353.795,43.5661,16.1304,-53.0435,2.3,0
trayectoria,23.71,2,381.941,237.377,26.8912,130,1.2,1
trayectoria,23.71,3,305.938,199.672,-119,110,0.8,0
trayectoria,23.72,0,198.402,33.4916,-11.0303,-0.606061,3.3,1
trayectoria,23.72,1,353.795,43.5661,16.1304,-53.0435,2.3,0
trayectoria,23.72,2,382.21,238.677,26.8912,130,1.2,1
trayectoria,23.72,3,305.938,199.672,-119,110,0.8,0
trayectoria,23.73,0,198.292,33.4855,-11.0303,-0.606061,3.3,1
trayectoria,23.73,1,353.795,43.5661,16.1304,-53.0435,2.3,0
trayectoria,23.73,2,382.479,239.977,26.8912,130,1.2,1
trayectoria,23.73,3,305.938,199.672,-119,110,0.8,0
trayectoria,23.74,0,198.181,33.4794,-11.0303,-0.606061,3.3,1
trayectoria,23.74,1,353.795,43.5661,16.1304,-53.0435,2.3,0
trayectoria,23.74,2,382.748,241.277,26.8912,130,1.2,1
trayectoria,23.74,3,305.938,199.672,-119,110,0.8,0
trayectoria,23.75,0,198.071,33.4734,-11.0303,-0.606061,3.3,1
trayectoria,23.75,1,353.795,43.5661,16.1304,-53.0435,2.3,0
trayectoria,23.75,2,383.017,242.577,26.8912,130,1.2,1
trayectoria,23.75,3,305.938,199.672,-119,110,0.8,0
trayectoria,23.76,0,197.961,33.4673,-11.0303,-0.606061,3.3,1
trayectoria,23.76,1,353.795,43.5661,16.1304,-53.0435,2.3,0
trayectoria,23.76,2,383.286,243.877,26.8912,130,1.2,1
trayectoria,23.76,3,305.938,199.672,-119,110,0.8,0
trayectoria,23.77,0,197.851,33.4612,-11.0303,-0.606061,3.3,1
trayectoria,23.77,1,353.795,43.5661,16.1304,-53.0435,2.3,0
trayectoria,23.77,2,383.554,245.177,26.8912,130,1.2,1
trayectoria,23.77,3,305.938,199.672,-119,110,0.8,0
trayectoria,23.78,0,197.74,33.4552,-11.0303,-0.606061,3.3,1
trayectoria,23.78,1,353.795,43.5661,16.1304,-53.0435,2.3,0
trayectoria,23.78,2,383.823,246.477,26.8912,130,1.2,1
trayectoria,23.78,3,305.938,199.672,-119,110,0.8,0
trayectoria,23.79,0,197.63,33.4491,-11.0303,-0.606061,3.3,1
trayectoria,23.79,1,353.795,43.5661,16.1304,-53.0435,2.3,0
trayectoria,23.79,2,384.092,247.777,26.8912,130,1.2,1
trayectoria,23.79,3,305.938,199.672,-119,110,0.8,0
trayectoria,23.8,0,197.52,33.4431,-11.0303,-0.606061,3.3,1
trayectoria,23.8,1,353.795,43.5661,16.1304,-53.0435,2.3,0
trayectoria,23.8,2,384.361,249.077,26.8912,130,1.2,1
trayectoria,23.8,3,305.938,199.672,-119,110,0.8,0
trayectoria,23.81,0,197.409,33.437,-11.0303,-0.606061,3.3,1
trayectoria,23.81,1,353.795,43.5661,16.1304,-53.0435,2.3,0
trayectoria,23.81,2,384.63,250.377,26.8912,130,1.2,1
trayectoria,23.81,3,305.938,199.672,-119,110,0.8,0
trayectoria,23.82,0,197.299,33.4309,-11.0303,-0.606061,3.3,1
trayectoria,23.82,1,353.795,43.5661,16.1304,-53.0435,2.3,0
trayectoria,23.82,2,384.899,251.677,26.8912,130,1.2,1
trayectoria,23.82,3,305.938,199.672,-119,110,0.8,0
trayectoria,23.83,0,197.189,33.4249,-11.0303,-0.606061,3.3,1
trayectoria,23.83,1,353.795,43.5661,16.1304,-53.0435,2.3,0
trayectoria,23.83,2,385.168,252.977,26.8912,130,1.2,1
trayectoria,23.83,3,305.938,199.672,-119,110,0.8,0
trayectoria,23.84,0,197.078,33.4188,-11.0303,-0.606061,3.3,1
trayectoria,23.84,1,353.795,43.5661,16.1304,-53.0435,2.3,0
trayectoria,23.84,2,385.437,254.277,26.8912,130,1.2,1
trayectoria,23.84,3,305.938,199.672,-119,110,0.8,0
trayectoria,23.85,0,196.968,33.4128,-11.0303,-0.606061,3.3,1
trayectoria,23.85,1,353.795,43.5661,16.1304,-53.0435,2.3,0
trayectoria,23.85,2,385.706,255.577,26.8912,130,1.2,1
trayectoria,23.85,3,305.938,199.672,-119,110,0.8,0
trayectoria,23.86,0,196.858,33.4067,-11.0303,-0.606061,3.3,1
trayectoria,23.86,1,353.795,43.5661,16.1304,-53.0435,2.3,0
trayectoria,23.86,2,385.975,256.877,26.8912,130,1.2,1
trayectoria,23.86,3,305.938,199.672,-119,110,0.8,0
trayectoria,23.87,0,196.748,33.4006,-11.0303,-0.606061,3.3,1
trayectoria,23.87,1,353.795,43.5661,16.1304,-53.0435,2.3,0
trayectoria,23.87,2,386.244,258.177,26.8912,130,1.2,1
trayectoria,23.87,3,305.938,199.672,-119,110,0.8,0
trayectoria,23.88,0,196.637,33.3946,-11.0303,-0.606061,3.3,1
trayectoria,23.88,1,353.795,43.5661,16.1304,-53.0435,2.3,0
trayectoria,23.88,2,386.512,259.477,26.8912,130,1.2,1
trayectoria,23.88,3,305.938,199.672,-119,110,0.8,0
trayectoria,23.89,0,196.527,33.3885,-11.0303,-0.606061,3.3,1
trayectoria,23.89,1,353.795,43.5661,16.1304,-53.0435,2.3,0
trayectoria,23.89,2,386.781,260.777,26.8912,130,1.2,1
trayectoria,23.89,3,305.938,199.672,-119,110,0.8,0
trayectoria,23.9,0,196.417,33.3825,-11.0303,-0.606061,3.3,1
trayectoria,23.9,1,353.795,43.5661,16.1304,-53.0435,2.3,0
trayectoria,23.9,2,387.05,262.077,26.8912,130,1.2,1
trayectoria,23.9,3,305.938,199.672,-119,110,0.8,0
trayectoria,23.91,0,196.306,33.3764,-11.0303,-0.606061,3.3,1
trayectoria,23.91,1,353.795,43.5661,16.1304,-53.0435,2.3,0
trayectoria,23.91,2,387.319,263.377,26.8912,130,1.2,1
trayectoria,23.91,3,305.938,199.672,-119,110,0.8,0
trayectoria,23.92,0,196.196,33.3703,-11.0303,-0.606061,3.3,1
trayectoria,23.92,1,353.795,43.5661,16.1304,-53.0435,2.3,0
trayectoria,23.92,2,387.588,264.677,26.8912,130,1.2,1
trayectoria,23.92,3,305.938,199.672,-119,110,0.8,0
trayectoria,23.93,0,196.086,33.3643,-11.0303,-0.606061,3.3,1
trayectoria,23.93,1,353.795,43.5661,16.1304,-53.0435,2.3,0
trayectoria,23.93,2,387.857,265.977,26.8912,130,1.2,1
trayectoria,23.93,3,305.938,199.672,-119,110,0.8,0
trayectoria,23.94,0,195.975,33.3582,-11.0303,-0.606061,3.3,1
trayectoria,23.94,1,353.795,43.5661,16.1304,-53.0435,2.3,0
trayectoria,23.94,2,388.126,267.277,26.8912,130,1.2,1
trayectoria,23.94,3,305.938,199.672,-119,110,0.8,0
trayectoria,23.95,0,195.865,33.3522,-11.0303,-0.606061,3.3,1
trayectoria,23.95,1,353.795,43.5661,16.1304,-53.0435,2.3,0
trayectoria,23.95,2,388.395,268.577,26.8912,130,1.2,1
trayectoria,23.95,3,305.938,199.672,-119,110,0.8,0
trayectoria,23.96,0,195.755,33.3461,-11.0303,-0.606061,3.3,1
trayectoria,23.96,1,353.795,43.5661,16.1304,-53.0435,2.3,0
trayectoria,23.96,2,388.664,269.877,26.8912,130,1.2,1
trayectoria,23.96,3,305.938,199.672,-119,110,0.8,0
trayectoria,23.97,0,195.645,33.34,-11.0303,-0.606061,3.3,1
trayectoria,23.97,1,353.795,43.5661,16.1304,-53.0435,2.3,0
trayectoria,23.97,2,388.933,271.177,26.8912,130,1.2,1
trayectoria,23.97,3,305.938,199.672,-119,110,0.8,0
trayectoria,23.98,0,195.534,33.334,-11.0303,-0.606061,3.3,1
trayectoria,23.98,1,353.795,43.5661,16.1304,-53.0435,2.3,0
trayectoria,23.98,2,389.202,272.477,26.8912,130,1.2,1
trayectoria,23.98,3,305.938,199.672,-119,110,0.8,0
trayectoria,23.99,0,195.424,33.3279,-11.0303,-0.606061,3.3,1
trayectoria,23.99,1,353.795,43.5661,16.1304,-53.0435,2.3,0
trayectoria,23.99,2,389.471,273.777,26.8912,130,1.2,1
trayectoria,23.99,3,305.938,199.672,-119,110,0.8,0
trayectoria,24,0,195.314,33.3219,-11.0303,-0.606061,3.3,1
trayectoria,24,1,353.795,43.5661,16.1304,-53.0435,2.3,0
trayectoria,24,2,389.739,275.077,26.8912,130,1.2,1
trayectoria,24,3,305.938,199.672,-119,110,0.8,0
trayectoria,24.01,0,195.203,33.3158,-11.0303,-0.606061,3.3,1
trayectoria,24.01,1,353.795,43.5661,16.1304,-53.0435,2.3,0
trayectoria,24.01,2,390.008,276.377,26.8912,130,1.2,1
trayectoria,24.01,3,305.938,199.672,-119,110,0.8,0
trayectoria,24.02,0,195.093,33.3097,-11.0303,-0.606061,3.3,1
trayectoria,24.02,1,353.795,43.5661,16.1304,-53.0435,2.3,0
trayectoria,24.02,2,390.277,277.677,26.8912,130,1.2,1
trayectoria,24.02,3,305.938,199.672,-119,110,0.8,0
trayectoria,24.03,0,194.983,33.3037,-11.0303,-0.606061,3.3,1
trayectoria,24.03,1,353.795,43.5661,16.1304,-53.0435,2.3,0
trayectoria,24.03,2,390.546,278.977,26.8912,130,1.2,1
trayectoria,24.03,3,305.938,199.672,-119,110,0.8,0
trayectoria,24.04,0,194.872,33.2976,-11.0303,-0.606061,3.3,1
trayectoria,24.04,1,353.795,43.5661,16.1304,-53.0435,2.3,0
trayectoria,24.04,2,390.815,280.277,26.8912,130,1.2,1
trayectoria,24.04,3,305.938,199.672,-119,110,0.8,0
trayectoria,24.05,0,194.762,33.2916,-11.0303,-0.606061,3.3,1
trayectoria,24.05,1,353.795,43.5661,16.1304,-53.0435,2.3,0
trayectoria,24.05,2,391.084,281.577,26.8912,130,1.2,1
trayectoria,24.05,3,305.938,199.672,-119,110,0.8,0
trayectoria,24.06,0,194.652,33.2855,-11.0303,-0.606061,3.3,1
trayectoria,24.06,1,353.795,43.5661,16.1304,-53.0435,2.3,0
trayectoria,24.06,2,391.353,282.877,26.8912,130,1.2,1
trayectoria,24.06,3,305.938,199.672,-119,110,0.8,0
trayectoria,24.07,0,194.541,33.2794,-11.0303,-0.606061,3.3,1
trayectoria,24.07,1,353.795,43.5661,16.1304,-53.0435,2.3,0
trayectoria,24.07,2,391.622,284.177,26.8912,130,1.2,1
trayectoria,24.07,3,305.938,199.672,-119,110,0.8,0
trayectoria,24.08,0,194.431,33.2734,-11.0303,-0.606061,3.3,1
trayectoria,24.08,1,353.795,43.5661,16.1304,-53.0435,2.3,0
trayectoria,24.08,2,391.891,285.477,26.8912,130,1.2,1
trayectoria,24.08,3,305.938,199.672,-119,110,0.8,0
trayectoria,24.09,0,194.321,33.2673,-11.0303,-0.606061,3.3,1
trayectoria,24.09,1,353.795,43.5661,16.1304,-53.0435,2.3,0
trayectoria,24.09,2,392.16,286.777,26.8912,130,1.2,1
trayectoria,24.09,3,305.938,199.672,-119,110,0.8,0
trayectoria,24.1,0,194.211,33.2612,-11.0303,-0.606061,3.3,1
trayectoria,24.1,1,353.795,43.5661,16.1304,-53.0435,2.3,0
trayectoria,24.1,2,392.429,288.077,26.8912,130,1.2,1
trayectoria,24.1,3,305.938,199.672,-119,110,0.8,0
trayectoria,24.11,0,194.1,33.2552,-11.0303,-0.606061,3.3,1
trayectoria,24.11,1,353.795,43.5661,16.1304,-53.0435,2.3,0
trayectoria,24.11,2,392.697,289.377,26.8912,130,1.2,1
trayectoria,24.11,3,305.938,199.672,-119,110,0.8,0
trayectoria,24.12,0,193.99,33.2491,-11.0303,-0.606061,3.3,1
trayectoria,24.12,1,353.795,43.5661,16.1304,-53.0435,2.3,0
trayectoria,24.12,2,392.966,290.677,26.8912,130,1.2,1
trayectoria,24.12,3,305.938,199.672,-119,110,0.8,0
trayectoria,24.13,0,193.88,33.2431,-11.0303,-0.606061,3.3,1
trayectoria,24.13,1,353.795,43.5661,16.1304,-53.0435,2.3,0
trayectoria,24.13,2,393.235,291.977,26.8912,130,1.2,1
trayectoria,24.13,3,305.938,199.672,-119,110,0.8,0
trayectoria,24.14,0,193.769,33.237,-11.0303,-0.606061,3.3,1
trayectoria,24.14,1,353.795,43.5661,16.1304,-53.0435,2.3,0
trayectoria,24.14,2,393.504,293.277,26.8912,130,1.2,1
trayectoria,24.14,3,305.938,199.672,-119,110,0.8,0
trayectoria,24.15,0,193.659,33.2309,-11.0303,-0.606061,3.3,1
trayectoria,24.15,1,353.795,43.5661,16.1304,-53.0435,2.3,0
trayectoria,24.15,2,393.773,294.577,26.8912,130,1.2,1
trayectoria,24.15,3,305.938,199.672,-119,110,0.8,0
trayectoria,24.16,0,193.549,33.2249,-11.0303,-0.606061,3.3,1
trayectoria,24.16,1,353.795,43.5661,16.1304,-53.0435,2.3,0
trayectoria,24.16,2,394.042,295.877,26.8912,130,1.2,1
trayectoria,24.16,3,305.938,199.672,-119,110,0.8,0
trayectoria,24.17,0,193.438,33.2188,-11.0303,-0.606061,3.3,1
trayectoria,24.17,1,353.795,43.5661,16.1304,-53.0435,2.3,0
trayectoria,24.17,2,394.311,297.177,26.8912,130,1.2,1
trayectoria,24.17,3,305.938,199.672,-119,110,0.8,0
trayectoria,24.18,0,193.328,33.2128,-11.0303,-0.606061,3.3,1
trayectoria,24.18,1,353.795,43.5661,16.1304,-53.0435,2.3,0
trayectoria,24.18,2,394.58,298.477,26.8912,130,1.2,1
trayectoria,24.18,3,305.938,199.672,-119,110,0.8,0
#
# PARTICULAS
particula,0,193.218,33.2067,3.3,9.08295,1
particula,1,353.795,43.5661,2.3,7.58288,0
particula,2,394.849,299.777,1.2,5.47723,1
particula,3,305.938,199.672,0.8,4.47214,0
#
# COLISIONES
colision,0.52,obstaculo,1,1
colision,0.56,obstaculo,3,3
colision,0.59,obstaculo,2,2
colision,0.63,obstaculo,0,0
colision,2.01,pared_derecha,1,-1
colision,2.16,pared_derecha,3,-1
colision,2.27,pared_izquierda,2,-1
colision,2.43,pared_izquierda,0,-1
colision,3.52,pared_inferior,1,-1
colision,3.8,pared_superior,2,-1
colision,4.12,pared_inferior,0,-1
colision,4.5,pared_superior,3,-1
colision,6.08,obstaculo,1,0
colision,6.27,fusion_particulas,1,3
colision,6.82,obstaculo,2,3
colision,7.29,obstaculo,0,1
colision,8.33,pared_inferior,2,-1
colision,9.04,pared_superior,0,-1
colision,9.32,fusion_particulas,0,1
colision,9.73,obstaculo,2,2
colision,12.86,pared_superior,2,-1
colision,13.94,obstaculo,2,1
colision,17.39,pared_inferior,2,-1
colision,20.15,obstaculo,2,0
colision,21.92,pared_superior,2,-1
