# SIMULACION DE COLISIONES MULTIPLES
# Practica 5 - Informatica II
#
# Box: 800 x 600
# Tiempo: 22.87 s
# Particulas activas: 3/4
# Total colisiones: 11
#
# OBSTACULOS
#
# TRAYECTORIAS DE PARTICULAS
# Formato: trayectoria,tiempo,id,x,y,vx,vy,masa,activa
trayectoria,0,0,200,300,100,0,1,1
trayectoria,0,1,600,300,-100,0,1,1
trayectoria,0,2,300,150,50,100,0.8,1
trayectoria,0,3,500,450,-50,-100,0.8,1
trayectoria,0,0,200,300,100,0,1,1
trayectoria,0,1,600,300,-100,0,1,1
trayectoria,0,2,300,150,50,100,0.8,1
trayectoria,0,3,500,450,-50,-100,0.8,1
trayectoria,0.01,0,201,300,100,0,1,1
trayectoria,0.01,1,599,300,-100,0,1,1
trayectoria,0.01,2,300.5,151,50,100,0.8,1
trayectoria,0.01,3,499.5,449,-50,-100,0.8,1
trayectoria,0.02,0,202,300,100,0,1,1
trayectoria,0.02,1,598,300,-100,0,1,1
trayectoria,0.02,2,301,152,50,100,0.8,1
trayectoria,0.02,3,499,448,-50,-100,0.8,1
trayectoria,0.03,0,203,300,100,0,1,1
trayectoria,0.03,1,597,300,-100,0,1,1
trayectoria,0.03,2,301.5,153,50,100,0.8,1
trayectoria,0.03,3,498.5,447,-50,-100,0.8,1
trayectoria,0.04,0,204,300,100,0,1,1
trayectoria,0.04,1,596,300,-100,0,1,1
trayectoria,0.04,2,302,154,50,100,0.8,1
trayectoria,0.04,3,498,446,-50,-100,0.8,1
trayectoria,0.05,0,205,300,100,0,1,1
trayectoria,0.05,1,595,300,-100,0,1,1
trayectoria,0.05,2,302.5,155,50,100,0.8,1
trayectoria,0.05,3,497.5,445,-50,-100,0.8,1
trayectoria,0.06,0,206,300,100,0,1,1
trayectoria,0.06,1,594,300,-100,0,1,1
trayectoria,0.06,2,303,156,50,100,0.8,1
trayectoria,0.06,3,497,444,-50,-100,0.8,1
trayectoria,0.07,0,207,300,100,0,1,1
trayectoria,0.07,1,593,300,-100,0,1,1
trayectoria,0.07,2,303.5,157,50,100,0.8,1
trayectoria,0.07,3,496.5,443,-50,-100,0.8,1
trayectoria,0.08,0,208,300,100,0,1,1
trayectoria,0.08,1,592,300,-100,0,1,1
trayectoria,0.08,2,304,158,50,100,0.8,1
trayectoria,0.08,3,496,442,-50,-100,0.8,1
trayectoria,0.09,0,209,300,100,0,1,1
trayectoria,0.09,1,591,300,-100,0,1,1
trayectoria,0.09,2,304.5,159,50,100,0.8,1
trayectoria,0.09,3,495.5,441,-50,-100,0.8,1
trayectoria,0.1,0,210,300,100,0,1,1
trayectoria,0.1,1,590,300,-100,0,1,1
trayectoria,0.1,2,305,160,50,100,0.8,1
trayectoria,0.1,3,495,440,-50,-100,0.8,1
trayectoria,0.11,0,211,300,100,0,1,1
trayectoria,0.11,1,589,300,-100,0,1,1
trayectoria,0.11,2,305.5,161,50,100,0.8,1
trayectoria,0.11,3,494.5,439,-50,-100,0.8,1
trayectoria,0.12,0,212,300,100,0,1,1
trayectoria,0.12,1,588,300,-100,0,1,1
trayectoria,0.12,2,306,162,50,100,0.8,1
trayectoria,0.12,3,494,438,-50,-100,0.8,1
trayectoria,0.13,0,213,300,100,0,1,1
trayectoria,0.13,1,587,300,-100,0,1,1
trayectoria,0.13,2,306.5,163,50,100,0.8,1
trayectoria,0.13,3,493.5,437,-50,-100,0.8,1
trayectoria,0.14,0,214,300,100,0,1,1
trayectoria,0.14,1,586,300,-100,0,1,1
trayectoria,0.14,2,307,164,50,100,0.8,1
trayectoria,0.14,3,493,436,-50,-100,0.8,1
trayectoria,0.15,0,215,300,100,0,1,1
trayectoria,0.15,1,585,300,-100,0,1,1
trayectoria,0.15,2,307.5,165,50,100,0.8,1
trayectoria,0.15,3,492.5,435,-50,-100,0.8,1
trayectoria,0.16,0,216,300,100,0,1,1
trayectoria,0.16,1,584,300,-100,0,1,1
trayectoria,0.16,2,308,166,50,100,0.8,1
trayectoria,0.16,3,492,434,-50,-100,0.8,1
trayectoria,0.17,0,217,300,100,0,1,1
trayectoria,0.17,1,583,300,-100,0,1,1
trayectoria,0.17,2,308.5,167,50,100,0.8,1
trayectoria,0.17,3,491.5,433,-50,-100,0.8,1
trayectoria,0.18,0,218,300,100,0,1,1
trayectoria,0.18,1,582,300,-100,0,1,1
trayectoria,0.18,2,309,168,50,100,0.8,1
trayectoria,0.18,3,491,432,-50,-100,0.8,1
trayectoria,0.19,0,219,300,100,0,1,1
trayectoria,0.19,1,581,300,-100,0,1,1
trayectoria,0.19,2,309.5,169,50,100,0.8,1
trayectoria,0.19,3,490.5,431,-50,-100,0.8,1
trayectoria,0.2,0,220,300,100,0,1,1
trayectoria,0.2,1,580,300,-100,0,1,1
trayectoria,0.2,2,310,170,50,100,0.8,1
trayectoria,0.2,3,490,430,-50,-100,0.8,1
trayectoria,0.21,0,221,300,100,0,1,1
trayectoria,0.21,1,579,300,-100,0,1,1
trayectoria,0.21,2,310.5,171,50,100,0.8,1
trayectoria,0.21,3,489.5,429,-50,-100,0.8,1
trayectoria,0.22,0,222,300,100,0,1,1
trayectoria,0.22,1,578,300,-100,0,1,1
trayectoria,0.22,2,311,172,50,100,0.8,1
trayectoria,0.22,3,489,428,-50,-100,0.8,1
trayectoria,0.23,0,223,300,100,0,1,1
trayectoria,0.23,1,577,300,-100,0,1,1
trayectoria,0.23,2,311.5,173,50,100,0.8,1
trayectoria,0.23,3,488.5,427,-50,-100,0.8,1
trayectoria,0.24,0,224,300,100,0,1,1
trayectoria,0.24,1,576,300,-100,0,1,1
trayectoria,0.24,2,312,174,50,100,0.8,1
trayectoria,0.24,3,488,426,-50,-100,0.8,1
trayectoria,0.25,0,225,300,100,0,1,1
trayectoria,0.25,1,575,300,-100,0,1,1
trayectoria,0.25,2,312.5,175,50,100,0.8,1
trayectoria,0.25,3,487.5,425,-50,-100,0.8,1
trayectoria,0.26,0,226,300,100,0,1,1
trayectoria,0.26,1,574,300,-100,0,1,1
trayectoria,0.26,2,313,176,50,100,0.8,1
trayectoria,0.26,3,487,424,-50,-100,0.8,1
trayectoria,0.27,0,227,300,100,0,1,1
trayectoria,0.27,1,573,300,-100,0,1,1
trayectoria,0.27,2,313.5,177,50,100,0.8,1
trayectoria,0.27,3,486.5,423,-50,-100,0.8,1
trayectoria,0.28,0,228,300,100,0,1,1
trayectoria,0.28,1,572,300,-100,0,1,1
trayectoria,0.28,2,314,178,50,100,0.8,1
trayectoria,0.28,3,486,422,-50,-100,0.8,1
trayectoria,0.29,0,229,300,100,0,1,1
trayectoria,0.29,1,571,300,-100,0,1,1
trayectoria,0.29,2,314.5,179,50,100,0.8,1
trayectoria,0.29,3,485.5,421,-50,-100,0.8,1
trayectoria,0.3,0,230,300,100,0,1,1
trayectoria,0.3,1,570,300,-100,0,1,1
trayectoria,0.3,2,315,180,50,100,0.8,1
trayectoria,0.3,3,485,420,-50,-100,0.8,1
trayectoria,0.31,0,231,300,100,0,1,1
trayectoria,0.31,1,569,300,-100,0,1,1
trayectoria,0.31,2,315.5,181,50,100,0.8,1
trayectoria,0.31,3,484.5,419,-50,-100,0.8,1
trayectoria,0.32,0,232,300,100,0,1,1
trayectoria,0.32,1,568,300,-100,0,1,1
trayectoria,0.32,2,316,182,50,100,0.8,1
trayectoria,0.32,3,484,418,-50,-100,0.8,1
trayectoria,0.33,0,233,300,100,0,1,1
trayectoria,0.33,1,567,300,-100,0,1,1
trayectoria,0.33,2,316.5,183,50,100,0.8,1
trayectoria,0.33,3,483.5,417,-50,-100,0.8,1
trayectoria,0.34,0,234,300,100,0,1,1
trayectoria,0.34,1,566,300,-100,0,1,1
trayectoria,0.34,2,317,184,50,100,0.8,1
trayectoria,0.34,3,483,416,-50,-100,0.8,1
trayectoria,0.35,0,235,300,100,0,1,1
trayectoria,0.35,1,565,300,-100,0,1,1
trayectoria,0.35,2,317.5,185,50,100,0.8,1
trayectoria,0.35,3,482.5,415,-50,-100,0.8,1
trayectoria,0.36,0,236,300,100,0,1,1
trayectoria,0.36,1,564,300,-100,0,1,1
trayectoria,0.36,2,318,186,50,100,0.8,1
trayectoria,0.36,3,482,414,-50,-100,0.8,1
trayectoria,0.37,0,237,300,100,0,1,1
trayectoria,0.37,1,563,300,-100,0,1,1
trayectoria,0.37,2,318.5,187,50,100,0.8,1
trayectoria,0.37,3,481.5,413,-50,-100,0.8,1
trayectoria,0.38,0,238,300,100,0,1,1
trayectoria,0.38,1,562,300,-100,0,1,1
trayectoria,0.38,2,319,188,50,100,0.8,1
trayectoria,0.38,3,481,412,-50,-100,0.8,1
trayectoria,0.39,0,239,300,100,0,1,1
trayectoria,0.39,1,561,300,-100,0,1,1
trayectoria,0.39,2,319.5,189,50,100,0.8,1
trayectoria,0.39,3,480.5,411,-50,-100,0.8,1
trayectoria,0.4,0,240,300,100,0,1,1
trayectoria,0.4,1,560,300,-100,0,1,1
trayectoria,0.4,2,320,190,50,100,0.8,1
trayectoria,0.4,3,480,410,-50,-100,0.8,1
trayectoria,0.41,0,241,300,100,0,1,1
trayectoria,0.41,1,559,300,-100,0,1,1
trayectoria,0.41,2,320.5,191,50,100,0.8,1
trayectoria,0.41,3,479.5,409,-50,-100,0.8,1
trayectoria,0.42,0,242,300,100,0,1,1
trayectoria,0.42,1,558,300,-100,0,1,1
trayectoria,0.42,2,321,192,50,100,0.8,1
trayectoria,0.42,3,479,408,-50,-100,0.8,1
trayectoria,0.43,0,243,300,100,0,1,1
trayectoria,0.43,1,557,300,-100,0,1,1
trayectoria,0.43,2,321.5,193,50,100,0.8,1
trayectoria,0.43,3,478.5,407,-50,-100,0.8,1
trayectoria,0.44,0,244,300,100,0,1,1
trayectoria,0.44,1,556,300,-100,0,1,1
trayectoria,0.44,2,322,194,50,100,0.8,1
trayectoria,0.44,3,478,406,-50,-100,0.8,1
trayectoria,0.45,0,245,300,100,0,1,1
trayectoria,0.45,1,555,300,-100,0,1,1
trayectoria,0.45,2,322.5,195,50,100,0.8,1
trayectoria,0.45,3,477.5,405,-50,-100,0.8,1
trayectoria,0.46,0,246,300,100,0,1,1
trayectoria,0.46,1,554,300,-100,0,1,1
trayectoria,0.46,2,323,196,50,100,0.8,1
trayectoria,0.46,3,477,404,-50,-100,0.8,1
trayectoria,0.47,0,247,300,100,0,1,1
trayectoria,0.47,1,553,300,-100,0,1,1
trayectoria,0.47,2,323.5,197,50,100,0.8,1
trayectoria,0.47,3,476.5,403,-50,-100,0.8,1
trayectoria,0.48,0,248,300,100,0,1,1
trayectoria,0.48,1,552,300,-100,0,1,1
trayectoria,0.48,2,324,198,50,100,0.8,1
trayectoria,0.48,3,476,402,-50,-100,0.8,1
trayectoria,0.49,0,249,300,100,0,1,1
trayectoria,0.49,1,551,300,-100,0,1,1
trayectoria,0.49,2,324.5,199,50,100,0.8,1
trayectoria,0.49,3,475.5,401,-50,-100,0.8,1
trayectoria,0.5,0,250,300,100,0,1,1
trayectoria,0.5,1,550,300,-100,0,1,1
trayectoria,0.5,2,325,200,50,100,0.8,1
trayectoria,0.5,3,475,400,-50,-100,0.8,1
trayectoria,0.51,0,251,300,100,0,1,1
trayectoria,0.51,1,549,300,-100,0,1,1
trayectoria,0.51,2,325.5,201,50,100,0.8,1
trayectoria,0.51,3,474.5,399,-50,-100,0.8,1
trayectoria,0.52,0,252,300,100,0,1,1
trayectoria,0.52,1,548,300,-100,0,1,1
trayectoria,0.52,2,326,202,50,100,0.8,1
trayectoria,0.52,3,474,398,-50,-100,0.8,1
trayectoria,0.53,0,253,300,100,0,1,1
trayectoria,0.53,1,547,300,-100,0,1,1
trayectoria,0.53,2,326.5,203,50,100,0.8,1
trayectoria,0.53,3,473.5,397,-50,-100,0.8,1
trayectoria,0.54,0,254,300,100,0,1,1
trayectoria,0.54,1,546,300,-100,0,1,1
trayectoria,0.54,2,327,204,50,100,0.8,1
trayectoria,0.54,3,473,396,-50,-100,0.8,1
trayectoria,0.55,0,255,300,100,0,1,1
trayectoria,0.55,1,545,300,-100,0,1,1
trayectoria,0.55,2,327.5,205,50,100,0.8,1
trayectoria,0.55,3,472.5,395,-50,-100,0.8,1
trayectoria,0.56,0,256,300,100,0,1,1
trayectoria,0.56,1,544,300,-100,0,1,1
trayectoria,0.56,2,328,206,50,100,0.8,1
trayectoria,0.56,3,472,394,-50,-100,0.8,1
trayectoria,0.57,0,257,300,100,0,1,1
trayectoria,0.57,1,543,300,-100,0,1,1
trayectoria,0.57,2,328.5,207,50,100,0.8,1
trayectoria,0.57,3,471.5,393,-50,-100,0.8,1
trayectoria,0.58,0,258,300,100,0,1,1
trayectoria,0.58,1,542,300,-100,0,1,1
trayectoria,0.58,2,329,208,50,100,0.8,1
trayectoria,0.58,3,471,392,-50,-100,0.8,1
trayectoria,0.59,0,259,300,100,0,1,1
trayectoria,0.59,1,541,300,-100,0,1,1
trayectoria,0.59,2,329.5,209,50,100,0.8,1
trayectoria,0.59,3,470.5,391,-50,-100,0.8,1
trayectoria,0.6,0,260,300,100,0,1,1
trayectoria,0.6,1,540,300,-100,0,1,1
trayectoria,0.6,2,330,210,50,100,0.8,1
trayectoria,0.6,3,470,390,-50,-100,0.8,1
trayectoria,0.61,0,261,300,100,0,1,1
trayectoria,0.61,1,539,300,-100,0,1,1
trayectoria,0.61,2,330.5,211,50,100,0.8,1
trayectoria,0.61,3,469.5,389,-50,-100,0.8,1
trayectoria,0.62,0,262,300,100,0,1,1
trayectoria,0.62,1,538,300,-100,0,1,1
trayectoria,0.62,2,331,212,50,100,0.8,1
trayectoria,0.62,3,469,388,-50,-100,0.8,1
trayectoria,0.63,0,263,300,100,0,1,1
trayectoria,0.63,1,537,300,-100,0,1,1
trayectoria,0.63,2,331.5,213,50,100,0.8,1
trayectoria,0.63,3,468.5,387,-50,-100,0.8,1
trayectoria,0.64,0,264,300,100,0,1,1
trayectoria,0.64,1,536,300,-100,0,1,1
trayectoria,0.64,2,332,214,50,100,0.8,1
trayectoria,0.64,3,468,386,-50,-100,0.8,1
trayectoria,0.65,0,265,300,100,0,1,1
trayectoria,0.65,1,535,300,-100,0,1,1
trayectoria,0.65,2,332.5,215,50,100,0.8,1
trayectoria,0.65,3,467.5,385,-50,-100,0.8,1
trayectoria,0.66,0,266,300,100,0,1,1
trayectoria,0.66,1,534,300,-100,0,1,1
trayectoria,0.66,2,333,216,50,100,0.8,1
trayectoria,0.66,3,467,384,-50,-100,0.8,1
trayectoria,0.67,0,267,300,100,0,1,1
trayectoria,0.67,1,533,300,-100,0,1,1
trayectoria,0.67,2,333.5,217,50,100,0.8,1
trayectoria,0.67,3,466.5,383,-50,-100,0.8,1
trayectoria,0.68,0,268,300,100,0,1,1
trayectoria,0.68,1,532,300,-100,0,1,1
trayectoria,0.68,2,334,218,50,100,0.8,1
trayectoria,0.68,3,466,382,-50,-100,0.8,1
trayectoria,0.69,0,269,300,100,0,1,1
trayectoria,0.69,1,531,300,-100,0,1,1
trayectoria,0.69,2,334.5,219,50,100,0.8,1
trayectoria,0.69,3,465.5,381,-50,-100,0.8,1
trayectoria,0.7,0,270,300,100,0,1,1
trayectoria,0.7,1,530,300,-100,0,1,1
trayectoria,0.7,2,335,220,50,100,0.8,1
trayectoria,0.7,3,465,380,-50,-100,0.8,1
trayectoria,0.71,0,271,300,100,0,1,1
trayectoria,0.71,1,529,300,-100,0,1,1
trayectoria,0.71,2,335.5,221,50,100,0.8,1
trayectoria,0.71,3,464.5,379,-50,-100,0.8,1
trayectoria,0.72,0,272,300,100,0,1,1
trayectoria,0.72,1,528,300,-100,0,1,1
trayectoria,0.72,2,336,222,50,100,0.8,1
trayectoria,0.72,3,464,378,-50,-100,0.8,1
trayectoria,0.73,0,273,300,100,0,1,1
trayectoria,0.73,1,527,300,-100,0,1,1
trayectoria,0.73,2,336.5,223,50,100,0.8,1
trayectoria,0.73,3,463.5,377,-50,-100,0.8,1
trayectoria,0.74,0,274,300,100,0,1,1
trayectoria,0.74,1,526,300,-100,0,1,1
trayectoria,0.74,2,337,224,50,100,0.8,1
trayectoria,0.74,3,463,376,-50,-100,0.8,1
trayectoria,0.75,0,275,300,100,0,1,1
trayectoria,0.75,1,525,300,-100,0,1,1
trayectoria,0.75,2,337.5,225,50,100,0.8,1
trayectoria,0.75,3,462.5,375,-50,-100,0.8,1
trayectoria,0.76,0,276,300,100,0,1,1
trayectoria,0.76,1,524,300,-100,0,1,1
trayectoria,0.76,2,338,226,50,100,0.8,1
trayectoria,0.76,3,462,374,-50,-100,0.8,1
trayectoria,0.77,0,277,300,100,0,1,1
trayectoria,0.77,1,523,300,-100,0,1,1
trayectoria,0.77,2,338.5,227,50,100,0.8,1
trayectoria,0.77,3,461.5,373,-50,-100,0.8,1
trayectoria,0.78,0,278,300,100,0,1,1
trayectoria,0.78,1,522,300,-100,0,1,1
trayectoria,0.78,2,339,228,50,100,0.8,1
trayectoria,0.78,3,461,372,-50,-100,0.8,1
trayectoria,0.79,0,279,300,100,0,1,1
trayectoria,0.79,1,521,300,-100,0,1,1
trayectoria,0.79,2,339.5,229,50,100,0.8,1
trayectoria,0.79,3,460.5,371,-50,-100,0.8,1
trayectoria,0.8,0,280,300,100,0,1,1
trayectoria,0.8,1,520,300,-100,0,1,1
trayectoria,0.8,2,340,230,50,100,0.8,1
trayectoria,0.8,3,460,370,-50,-100,0.8,1
trayectoria,0.81,0,281,300,100,0,1,1
trayectoria,0.81,1,519,300,-100,0,1,1
trayectoria,0.81,2,340.5,231,50,100,0.8,1
trayectoria,0.81,3,459.5,369,-50,-100,0.8,1
trayectoria,0.82,0,282,300,100,0,1,1
trayectoria,0.82,1,518,300,-100,0,1,1
trayectoria,0.82,2,341,232,50,100,0.8,1
trayectoria,0.82,3,459,368,-50,-100,0.8,1
trayectoria,0.83,0,283,300,100,0,1,1
trayectoria,0.83,1,517,300,-100,0,1,1
trayectoria,0.83,2,341.5,233,50,100,0.8,1
trayectoria,0.83,3,458.5,367,-50,-100,0.8,1
trayectoria,0.84,0,284,300,100,0,1,1
trayectoria,0.84,1,516,300,-100,0,1,1
trayectoria,0.84,2,342,234,50,100,0.8,1
trayectoria,0.84,3,458,366,-50,-100,0.8,1
trayectoria,0.85,0,285,300,100,0,1,1
trayectoria,0.85,1,515,300,-100,0,1,1
trayectoria,0.85,2,342.5,235,50,100,0.8,1
trayectoria,0.85,3,457.5,365,-50,-100,0.8,1
trayectoria,0.86,0,286,300,100,0,1,1
trayectoria,0.86,1,514,300,-100,0,1,1
trayectoria,0.86,2,343,236,50,100,0.8,1
trayectoria,0.86,3,457,364,-50,-100,0.8,1
trayectoria,0.87,0,287,300,100,0,1,1
trayectoria,0.87,1,513,300,-100,0,1,1
trayectoria,0.87,2,343.5,237,50,100,0.8,1
trayectoria,0.87,3,456.5,363,-50,-100,0.8,1
trayectoria,0.88,0,288,300,100,0,1,1
trayectoria,0.88,1,512,300,-100,0,1,1
trayectoria,0.88,2,344,238,50,100,0.8,1
trayectoria,0.88,3,456,362,-50,-100,0.8,1
trayectoria,0.89,0,289,300,100,0,1,1
trayectoria,0.89,1,511,300,-100,0,1,1
trayectoria,0.89,2,344.5,239,50,100,0.8,1
trayectoria,0.89,3,455.5,361,-50,-100,0.8,1
trayectoria,0.9,0,290,300,100,0,1,1
trayectoria,0.9,1,510,300,-100,0,1,1
trayectoria,0.9,2,345,240,50,100,0.8,1
trayectoria,0.9,3,455,360,-50,-100,0.8,1
trayectoria,0.91,0,291,300,100,0,1,1
trayectoria,0.91,1,509,300,-100,0,1,1
trayectoria,0.91,2,345.5,241,50,100,0.8,1
trayectoria,0.91,3,454.5,359,-50,-100,0.8,1
trayectoria,0.92,0,292,300,100,0,1,1
trayectoria,0.92,1,508,300,-100,0,1,1
trayectoria,0.92,2,346,242,50,100,0.8,1
trayectoria,0.92,3,454,358,-50,-100,0.8,1
trayectoria,0.93,0,293,300,100,0,1,1
trayectoria,0.93,1,507,300,-100,0,1,1
trayectoria,0.93,2,346.5,243,50,100,0.8,1
trayectoria,0.93,3,453.5,357,-50,-100,0.8,1
trayectoria,0.94,0,294,300,100,0,1,1
trayectoria,0.94,1,506,300,-100,0,1,1
trayectoria,0.94,2,347,244,50,100,0.8,1
trayectoria,0.94,3,453,356,-50,-100,0.8,1
trayectoria,0.95,0,295,300,100,0,1,1
trayectoria,0.95,1,505,300,-100,0,1,1
trayectoria,0.95,2,347.5,245,50,100,0.8,1
trayectoria,0.95,3,452.5,355,-50,-100,0.8,1
trayectoria,0.96,0,296,300,100,0,1,1
trayectoria,0.96,1,504,300,-100,0,1,1
trayectoria,0.96,2,348,246,50,100,0.8,1
trayectoria,0.96,3,452,354,-50,-100,0.8,1
trayectoria,0.97,0,297,300,100,0,1,1
trayectoria,0.97,1,503,300,-100,0,1,1
trayectoria,0.97,2,348.5,247,50,100,0.8,1
trayectoria,0.97,3,451.5,353,-50,-100,0.8,1
trayectoria,0.98,0,298,300,100,0,1,1
trayectoria,0.98,1,502,300,-100,0,1,1
trayectoria,0.98,2,349,248,50,100,0.8,1
trayectoria,0.98,3,451,352,-50,-100,0.8,1
trayectoria,0.99,0,299,300,100,0,1,1
trayectoria,0.99,1,501,300,-100,0,1,1
trayectoria,0.99,2,349.5,249,50,100,0.8,1
trayectoria,0.99,3,450.5,351,-50,-100,0.8,1
trayectoria,1,0,300,300,100,0,1,1
trayectoria,1,1,500,300,-100,0,1,1
trayectoria,1,2,350,250,50,100,0.8,1
trayectoria,1,3,450,350,-50,-100,0.8,1
trayectoria,1.01,0,301,300,100,0,1,1
trayectoria,1.01,1,499,300,-100,0,1,1
trayectoria,1.01,2,350.5,251,50,100,0.8,1
trayectoria,1.01,3,449.5,349,-50,-100,0.8,1
trayectoria,1.02,0,302,300,100,0,1,1
trayectoria,1.02,1,498,300,-100,0,1,1
trayectoria,1.02,2,351,252,50,100,0.8,1
trayectoria,1.02,3,449,348,-50,-100,0.8,1
trayectoria,1.03,0,303,300,100,0,1,1
trayectoria,1.03,1,497,300,-100,0,1,1
trayectoria,1.03,2,351.5,253,50,100,0.8,1
trayectoria,1.03,3,448.5,347,-50,-100,0.8,1
trayectoria,1.04,0,304,300,100,0,1,1
trayectoria,1.04,1,496,300,-100,0,1,1
trayectoria,1.04,2,352,254,50,100,0.8,1
trayectoria,1.04,3,448,346,-50,-100,0.8,1
trayectoria,1.05,0,305,300,100,0,1,1
trayectoria,1.05,1,495,300,-100,0,1,1
trayectoria,1.05,2,352.5,255,50,100,0.8,1
trayectoria,1.05,3,447.5,345,-50,-100,0.8,1
trayectoria,1.06,0,306,300,100,0,1,1
trayectoria,1.06,1,494,300,-100,0,1,1
trayectoria,1.06,2,353,256,50,100,0.8,1
trayectoria,1.06,3,447,344,-50,-100,0.8,1
trayectoria,1.07,0,307,300,100,0,1,1
trayectoria,1.07,1,493,300,-100,0,1,1
trayectoria,1.07,2,353.5,257,50,100,0.8,1
trayectoria,1.07,3,446.5,343,-50,-100,0.8,1
trayectoria,1.08,0,308,300,100,0,1,1
trayectoria,1.08,1,492,300,-100,0,1,1
trayectoria,1.08,2,354,258,50,100,0.8,1
trayectoria,1.08,3,446,342,-50,-100,0.8,1
trayectoria,1.09,0,309,300,100,0,1,1
trayectoria,1.09,1,491,300,-100,0,1,1
trayectoria,1.09,2,354.5,259,50,100,0.8,1
trayectoria,1.09,3,445.5,341,-50,-100,0.8,1
trayectoria,1.1,0,310,300,100,0,1,1
trayectoria,1.1,1,490,300,-100,0,1,1
trayectoria,1.1,2,355,260,50,100,0.8,1
trayectoria,1.1,3,445,340,-50,-100,0.8,1
trayectoria,1.11,0,311,300,100,0,1,1
trayectoria,1.11,1,489,300,-100,0,1,1
trayectoria,1.11,2,355.5,261,50,100,0.8,1
trayectoria,1.11,3,444.5,339,-50,-100,0.8,1
trayectoria,1.12,0,312,300,100,0,1,1
trayectoria,1.12,1,488,300,-100,0,1,1
trayectoria,1.12,2,356,262,50,100,0.8,1
trayectoria,1.12,3,444,338,-50,-100,0.8,1
trayectoria,1.13,0,313,300,100,0,1,1
trayectoria,1.13,1,487,300,-100,0,1,1
trayectoria,1.13,2,356.5,263,50,100,0.8,1
trayectoria,1.13,3,443.5,337,-50,-100,0.8,1
trayectoria,1.14,0,314,300,100,0,1,1
trayectoria,1.14,1,486,300,-100,0,1,1
trayectoria,1.14,2,357,264,50,100,0.8,1
trayectoria,1.14,3,443,336,-50,-100,0.8,1
trayectoria,1.15,0,315,300,100,0,1,1
trayectoria,1.15,1,485,300,-100,0,1,1
trayectoria,1.15,2,357.5,265,50,100,0.8,1
trayectoria,1.15,3,442.5,335,-50,-100,0.8,1
trayectoria,1.16,0,316,300,100,0,1,1
trayectoria,1.16,1,484,300,-100,0,1,1
trayectoria,1.16,2,358,266,50,100,0.8,1
trayectoria,1.16,3,442,334,-50,-100,0.8,1
trayectoria,1.17,0,317,300,100,0,1,1
trayectoria,1.17,1,483,300,-100,0,1,1
trayectoria,1.17,2,358.5,267,50,100,0.8,1
trayectoria,1.17,3,441.5,333,-50,-100,0.8,1
trayectoria,1.18,0,318,300,100,0,1,1
trayectoria,1.18,1,482,300,-100,0,1,1
trayectoria,1.18,2,359,268,50,100,0.8,1
trayectoria,1.18,3,441,332,-50,-100,0.8,1
trayectoria,1.19,0,319,300,100,0,1,1
trayectoria,1.19,1,481,300,-100,0,1,1
trayectoria,1.19,2,359.5,269,50,100,0.8,1
trayectoria,1.19,3,440.5,331,-50,-100,0.8,1
trayectoria,1.2,0,320,300,100,0,1,1
trayectoria,1.2,1,480,300,-100,0,1,1
trayectoria,1.2,2,360,270,50,100,0.8,1
trayectoria,1.2,3,440,330,-50,-100,0.8,1
trayectoria,1.21,0,321,300,100,0,1,1
trayectoria,1.21,1,479,300,-100,0,1,1
trayectoria,1.21,2,360.5,271,50,100,0.8,1
trayectoria,1.21,3,439.5,329,-50,-100,0.8,1
trayectoria,1.22,0,322,300,100,0,1,1
trayectoria,1.22,1,478,300,-100,0,1,1
trayectoria,1.22,2,361,272,50,100,0.8,1
trayectoria,1.22,3,439,328,-50,-100,0.8,1
trayectoria,1.23,0,323,300,100,0,1,1
trayectoria,1.23,1,477,300,-100,0,1,1
trayectoria,1.23,2,361.5,273,50,100,0.8,1
trayectoria,1.23,3,438.5,327,-50,-100,0.8,1
trayectoria,1.24,0,324,300,100,0,1,1
trayectoria,1.24,1,476,300,-100,0,1,1
trayectoria,1.24,2,362,274,50,100,0.8,1
trayectoria,1.24,3,438,326,-50,-100,0.8,1
trayectoria,1.25,0,325,300,100,0,1,1
trayectoria,1.25,1,475,300,-100,0,1,1
trayectoria,1.25,2,362.5,275,50,100,0.8,1
trayectoria,1.25,3,437.5,325,-50,-100,0.8,1
trayectoria,1.26,0,326,300,100,0,1,1
trayectoria,1.26,1,474,300,-100,0,1,1
trayectoria,1.26,2,363,276,50,100,0.8,1
trayectoria,1.26,3,437,324,-50,-100,0.8,1
trayectoria,1.27,0,327,300,100,0,1,1
trayectoria,1.27,1,473,300,-100,0,1,1
trayectoria,1.27,2,363.5,277,50,100,0.8,1
trayectoria,1.27,3,436.5,323,-50,-100,0.8,1
trayectoria,1.28,0,328,300,100,0,1,1
trayectoria,1.28,1,472,300,-100,0,1,1
trayectoria,1.28,2,364,278,50,100,0.8,1
trayectoria,1.28,3,436,322,-50,-100,0.8,1
trayectoria,1.29,0,329,300,100,0,1,1
trayectoria,1.29,1,471,300,-100,0,1,1
trayectoria,1.29,2,364.5,279,50,100,0.8,1
trayectoria,1.29,3,435.5,321,-50,-100,0.8,1
trayectoria,1.3,0,330,300,100,0,1,1
trayectoria,1.3,1,470,300,-100,0,1,1
trayectoria,1.3,2,365,280,50,100,0.8,1
trayectoria,1.3,3,435,320,-50,-100,0.8,1
trayectoria,1.31,0,331,300,100,0,1,1
trayectoria,1.31,1,469,300,-100,0,1,1
trayectoria,1.31,2,365.5,281,50,100,0.8,1
trayectoria,1.31,3,434.5,319,-50,-100,0.8,1
trayectoria,1.32,0,332,300,100,0,1,1
trayectoria,1.32,1,468,300,-100,0,1,1
trayectoria,1.32,2,366,282,50,100,0.8,1
trayectoria,1.32,3,434,318,-50,-100,0.8,1
trayectoria,1.33,0,333,300,100,0,1,1
trayectoria,1.33,1,467,300,-100,0,1,1
trayectoria,1.33,2,366.5,283,50,100,0.8,1
trayectoria,1.33,3,433.5,317,-50,-100,0.8,1
trayectoria,1.34,0,334,300,100,0,1,1
trayectoria,1.34,1,466,300,-100,0,1,1
trayectoria,1.34,2,367,284,50,100,0.8,1
trayectoria,1.34,3,433,316,-50,-100,0.8,1
trayectoria,1.35,0,335,300,100,0,1,1
trayectoria,1.35,1,465,300,-100,0,1,1
trayectoria,1.35,2,367.5,285,50,100,0.8,1
trayectoria,1.35,3,432.5,315,-50,-100,0.8,1
trayectoria,1.36,0,336,300,100,0,1,1
trayectoria,1.36,1,464,300,-100,0,1,1
trayectoria,1.36,2,368,286,50,100,0.8,1
trayectoria,1.36,3,432,314,-50,-100,0.8,1
trayectoria,1.37,0,337,300,100,0,1,1
trayectoria,1.37,1,463,300,-100,0,1,1
trayectoria,1.37,2,368.5,287,50,100,0.8,1
trayectoria,1.37,3,431.5,313,-50,-100,0.8,1
trayectoria,1.38,0,338,300,100,0,1,1
trayectoria,1.38,1,462,300,-100,0,1,1
trayectoria,1.38,2,369,288,50,100,0.8,1
trayectoria,1.38,3,431,312,-50,-100,0.8,1
trayectoria,1.39,0,339,300,100,0,1,1
trayectoria,1.39,1,461,300,-100,0,1,1
trayectoria,1.39,2,369.5,289,50,100,0.8,1
trayectoria,1.39,3,430.5,311,-50,-100,0.8,1
trayectoria,1.4,0,340,300,100,0,1,1
trayectoria,1.4,1,460,300,-100,0,1,1
trayectoria,1.4,2,370,290,50,100,0.8,1
trayectoria,1.4,3,430,310,-50,-100,0.8,1
trayectoria,1.41,0,341,300,100,0,1,1
trayectoria,1.41,1,459,300,-100,0,1,1
trayectoria,1.41,2,370.5,291,50,100,0.8,1
trayectoria,1.41,3,429.5,309,-50,-100,0.8,1
trayectoria,1.42,0,342,300,100,0,1,1
trayectoria,1.42,1,458,300,-100,0,1,1
trayectoria,1.42,2,371,292,50,100,0.8,1
trayectoria,1.42,3,429,308,-50,-100,0.8,1
trayectoria,1.43,0,343,300,100,0,1,1
trayectoria,1.43,1,457,300,-100,0,1,1
trayectoria,1.43,2,371.5,293,50,100,0.8,1
trayectoria,1.43,3,428.5,307,-50,-100,0.8,1
trayectoria,1.44,0,344,300,100,0,1,1
trayectoria,1.44,1,456,300,-100,0,1,1
trayectoria,1.44,2,372,294,50,100,0.8,1
trayectoria,1.44,3,428,306,-50,-100,0.8,1
trayectoria,1.45,0,345,300,100,0,1,1
trayectoria,1.45,1,455,300,-100,0,1,1
trayectoria,1.45,2,372.5,295,50,100,0.8,1
trayectoria,1.45,3,427.5,305,-50,-100,0.8,1
trayectoria,1.46,0,346,300,100,0,1,1
trayectoria,1.46,1,454,300,-100,0,1,1
trayectoria,1.46,2,373,296,50,100,0.8,1
trayectoria,1.46,3,427,304,-50,-100,0.8,1
trayectoria,1.47,0,347,300,100,0,1,1
trayectoria,1.47,1,453,300,-100,0,1,1
trayectoria,1.47,2,373.5,297,50,100,0.8,1
trayectoria,1.47,3,426.5,303,-50,-100,0.8,1
trayectoria,1.48,0,348,300,100,0,1,1
trayectoria,1.48,1,452,300,-100,0,1,1
trayectoria,1.48,2,374,298,50,100,0.8,1
trayectoria,1.48,3,426,302,-50,-100,0.8,1
trayectoria,1.49,0,349,300,100,0,1,1
trayectoria,1.49,1,451,300,-100,0,1,1
trayectoria,1.49,2,374.5,299,50,100,0.8,1
trayectoria,1.49,3,425.5,301,-50,-100,0.8,1
trayectoria,1.5,0,350,300,100,0,1,1
trayectoria,1.5,1,450,300,-100,0,1,1
trayectoria,1.5,2,375,300,50,100,0.8,1
trayectoria,1.5,3,425,300,-50,-100,0.8,1
trayectoria,1.51,0,351,300,100,0,1,1
trayectoria,1.51,1,449,300,-100,0,1,1
trayectoria,1.51,2,375.5,301,50,100,0.8,1
trayectoria,1.51,3,424.5,299,-50,-100,0.8,1
trayectoria,1.52,0,352,300,100,0,1,1
trayectoria,1.52,1,448,300,-100,0,1,1
trayectoria,1.52,2,376,302,50,100,0.8,1
trayectoria,1.52,3,424,298,-50,-100,0.8,1
trayectoria,1.53,0,353,300,100,0,1,1
trayectoria,1.53,1,447,300,-100,0,1,1
trayectoria,1.53,2,376.5,303,50,100,0.8,1
trayectoria,1.53,3,423.5,297,-50,-100,0.8,1
trayectoria,1.54,0,354,300,100,0,1,1
trayectoria,1.54,1,446,300,-100,0,1,1
trayectoria,1.54,2,377,304,50,100,0.8,1
trayectoria,1.54,3,423,296,-50,-100,0.8,1
trayectoria,1.55,0,355,300,100,0,1,1
trayectoria,1.55,1,445,300,-100,0,1,1
trayectoria,1.55,2,377.5,305,50,100,0.8,1
trayectoria,1.55,3,422.5,295,-50,-100,0.8,1
trayectoria,1.56,0,356,300,100,0,1,1
trayectoria,1.56,1,444,300,-100,0,1,1
trayectoria,1.56,2,378,306,50,100,0.8,1
trayectoria,1.56,3,422,294,-50,-100,0.8,1
trayectoria,1.57,0,357,300,100,0,1,1
trayectoria,1.57,1,443,300,-100,0,1,1
trayectoria,1.57,2,378.5,307,50,100,0.8,1
trayectoria,1.57,3,421.5,293,-50,-100,0.8,1
trayectoria,1.58,0,358,300,100,0,1,1
trayectoria,1.58,1,442,300,-100,0,1,1
trayectoria,1.58,2,379,308,50,100,0.8,1
trayectoria,1.58,3,421,292,-50,-100,0.8,1
trayectoria,1.59,0,359,300,100,0,1,1
trayectoria,1.59,1,441,300,-100,0,1,1
trayectoria,1.59,2,379.5,309,50,100,0.8,1
trayectoria,1.59,3,420.5,291,-50,-100,0.8,1
trayectoria,1.6,0,360,300,100,0,1,1
trayectoria,1.6,1,440,300,-100,0,1,1
trayectoria,1.6,2,380,310,50,100,0.8,1
trayectoria,1.6,3,420,290,-50,-100,0.8,1
trayectoria,1.61,0,361,300,100,0,1,1
trayectoria,1.61,1,439,300,-100,0,1,1
trayectoria,1.61,2,380.5,311,50,100,0.8,1
trayectoria,1.61,3,419.5,289,-50,-100,0.8,1
trayectoria,1.62,0,362,300,100,0,1,1
trayectoria,1.62,1,438,300,-100,0,1,1
trayectoria,1.62,2,381,312,50,100,0.8,1
trayectoria,1.62,3,419,288,-50,-100,0.8,1
trayectoria,1.63,0,363,300,100,0,1,1
trayectoria,1.63,1,437,300,-100,0,1,1
trayectoria,1.63,2,381.5,313,50,100,0.8,1
trayectoria,1.63,3,418.5,287,-50,-100,0.8,1
trayectoria,1.64,0,364,300,100,0,1,1
trayectoria,1.64,1,436,300,-100,0,1,1
trayectoria,1.64,2,382,314,50,100,0.8,1
trayectoria,1.64,3,418,286,-50,-100,0.8,1
trayectoria,1.65,0,365,300,100,0,1,1
trayectoria,1.65,1,435,300,-100,0,1,1
trayectoria,1.65,2,382.5,315,50,100,0.8,1
trayectoria,1.65,3,417.5,285,-50,-100,0.8,1
trayectoria,1.66,0,366,300,100,0,1,1
trayectoria,1.66,1,434,300,-100,0,1,1
trayectoria,1.66,2,383,316,50,100,0.8,1
trayectoria,1.66,3,417,284,-50,-100,0.8,1
trayectoria,1.67,0,367,300,100,0,1,1
trayectoria,1.67,1,433,300,-100,0,1,1
trayectoria,1.67,2,383.5,317,50,100,0.8,1
trayectoria,1.67,3,416.5,283,-50,-100,0.8,1
trayectoria,1.68,0,368,300,100,0,1,1
trayectoria,1.68,1,432,300,-100,0,1,1
trayectoria,1.68,2,384,318,50,100,0.8,1
trayectoria,1.68,3,416,282,-50,-100,0.8,1
trayectoria,1.69,0,369,300,100,0,1,1
trayectoria,1.69,1,431,300,-100,0,1,1
trayectoria,1.69,2,384.5,319,50,100,0.8,1
trayectoria,1.69,3,415.5,281,-50,-100,0.8,1
trayectoria,1.7,0,370,300,100,0,1,1
trayectoria,1.7,1,430,300,-100,0,1,1
trayectoria,1.7,2,385,320,50,100,0.8,1
trayectoria,1.7,3,415,280,-50,-100,0.8,1
trayectoria,1.71,0,371,300,100,0,1,1
trayectoria,1.71,1,429,300,-100,0,1,1
trayectoria,1.71,2,385.5,321,50,100,0.8,1
trayectoria,1.71,3,414.5,279,-50,-100,0.8,1
trayectoria,1.72,0,372,300,100,0,1,1
trayectoria,1.72,1,428,300,-100,0,1,1
trayectoria,1.72,2,386,322,50,100,0.8,1
trayectoria,1.72,3,414,278,-50,-100,0.8,1
trayectoria,1.73,0,373,300,100,0,1,1
trayectoria,1.73,1,427,300,-100,0,1,1
trayectoria,1.73,2,386.5,323,50,100,0.8,1
trayectoria,1.73,3,413.5,277,-50,-100,0.8,1
trayectoria,1.74,0,374,300,100,0,1,1
trayectoria,1.74,1,426,300,-100,0,1,1
trayectoria,1.74,2,387,324,50,100,0.8,1
trayectoria,1.74,3,413,276,-50,-100,0.8,1
trayectoria,1.75,0,375,300,100,0,1,1
trayectoria,1.75,1,425,300,-100,0,1,1
trayectoria,1.75,2,387.5,325,50,100,0.8,1
trayectoria,1.75,3,412.5,275,-50,-100,0.8,1
trayectoria,1.76,0,376,300,100,0,1,1
trayectoria,1.76,1,424,300,-100,0,1,1
trayectoria,1.76,2,388,326,50,100,0.8,1
trayectoria,1.76,3,412,274,-50,-100,0.8,1
trayectoria,1.77,0,377,300,100,0,1,1
trayectoria,1.77,1,423,300,-100,0,1,1
trayectoria,1.77,2,388.5,327,50,100,0.8,1
trayectoria,1.77,3,411.5,273,-50,-100,0.8,1
trayectoria,1.78,0,378,300,100,0,1,1
trayectoria,1.78,1,422,300,-100,0,1,1
trayectoria,1.78,2,389,328,50,100,0.8,1
trayectoria,1.78,3,411,272,-50,-100,0.8,1
trayectoria,1.79,0,379,300,100,0,1,1
trayectoria,1.79,1,421,300,-100,0,1,1
trayectoria,1.79,2,389.5,329,50,100,0.8,1
trayectoria,1.79,3,410.5,271,-50,-100,0.8,1
trayectoria,1.8,0,380,300,100,0,1,1
trayectoria,1.8,1,420,300,-100,0,1,1
trayectoria,1.8,2,390,330,50,100,0.8,1
trayectoria,1.8,3,410,270,-50,-100,0.8,1
trayectoria,1.81,0,381,300,100,0,1,1
trayectoria,1.81,1,419,300,-100,0,1,1
trayectoria,1.81,2,390.5,331,50,100,0.8,1
trayectoria,1.81,3,409.5,269,-50,-100,0.8,1
trayectoria,1.82,0,382,300,100,0,1,1
trayectoria,1.82,1,418,300,-100,0,1,1
trayectoria,1.82,2,391,332,50,100,0.8,1
trayectoria,1.82,3,409,268,-50,-100,0.8,1
trayectoria,1.83,0,383,300,100,0,1,1
trayectoria,1.83,1,417,300,-100,0,1,1
trayectoria,1.83,2,391.5,333,50,100,0.8,1
trayectoria,1.83,3,408.5,267,-50,-100,0.8,1
trayectoria,1.84,0,384,300,100,0,1,1
trayectoria,1.84,1,416,300,-100,0,1,1
trayectoria,1.84,2,392,334,50,100,0.8,1
trayectoria,1.84,3,408,266,-50,-100,0.8,1
trayectoria,1.85,0,385,300,100,0,1,1
trayectoria,1.85,1,415,300,-100,0,1,1
trayectoria,1.85,2,392.5,335,50,100,0.8,1
trayectoria,1.85,3,407.5,265,-50,-100,0.8,1
trayectoria,1.86,0,386,300,100,0,1,1
trayectoria,1.86,1,414,300,-100,0,1,1
trayectoria,1.86,2,393,336,50,100,0.8,1
trayectoria,1.86,3,407,264,-50,-100,0.8,1
trayectoria,1.87,0,387,300,100,0,1,1
trayectoria,1.87,1,413,300,-100,0,1,1
trayectoria,1.87,2,393.5,337,50,100,0.8,1
trayectoria,1.87,3,406.5,263,-50,-100,0.8,1
trayectoria,1.88,0,388,300,100,0,1,1
trayectoria,1.88,1,412,300,-100,0,1,1
trayectoria,1.88,2,394,338,50,100,0.8,1
trayectoria,1.88,3,406,262,-50,-100,0.8,1
trayectoria,1.89,0,389,300,100,0,1,1
trayectoria,1.89,1,411,300,-100,0,1,1
trayectoria,1.89,2,394.5,339,50,100,0.8,1
trayectoria,1.89,3,405.5,261,-50,-100,0.8,1
trayectoria,1.9,0,390,300,100,0,1,1
trayectoria,1.9,1,410,300,-100,0,1,1
trayectoria,1.9,2,395,340,50,100,0.8,1
trayectoria,1.9,3,405,260,-50,-100,0.8,1
trayectoria,1.91,0,391,300,100,0,1,1
trayectoria,1.91,1,409,300,-100,0,1,1
trayectoria,1.91,2,395.5,341,50,100,0.8,1
trayectoria,1.91,3,404.5,259,-50,-100,0.8,1
trayectoria,1.92,0,392,300,100,0,1,1
trayectoria,1.92,1,408,300,-100,0,1,1
trayectoria,1.92,2,396,342,50,100,0.8,1
trayectoria,1.92,3,404,258,-50,-100,0.8,1
trayectoria,1.93,0,393,300,100,0,1,1
trayectoria,1.93,1,407,300,-100,0,1,1
trayectoria,1.93,2,396.5,343,50,100,0.8,1
trayectoria,1.93,3,403.5,257,-50,-100,0.8,1
trayectoria,1.94,0,394,300,100,0,1,1
trayectoria,1.94,1,406,300,-100,0,1,1
trayectoria,1.94,2,397,344,50,100,0.8,1
trayectoria,1.94,3,403,256,-50,-100,0.8,1
trayectoria,1.95,0,400,300,0,0,2,1
trayectoria,1.95,1,405,300,-100,0,1,0
trayectoria,1.95,2,397.5,345,50,100,0.8,1
trayectoria,1.95,3,402.5,255,-50,-100,0.8,1
trayectoria,1.96,0,400,300,0,0,2,1
trayectoria,1.96,1,405,300,-100,0,1,0
trayectoria,1.96,2,398,346,50,100,0.8,1
trayectoria,1.96,3,402,254,-50,-100,0.8,1
trayectoria,1.97,0,400,300,0,0,2,1
trayectoria,1.97,1,405,300,-100,0,1,0
trayectoria,1.97,2,398.5,347,50,100,0.8,1
trayectoria,1.97,3,401.5,253,-50,-100,0.8,1
trayectoria,1.98,0,400,300,0,0,2,1
trayectoria,1.98,1,405,300,-100,0,1,0
trayectoria,1.98,2,399,348,50,100,0.8,1
trayectoria,1.98,3,401,252,-50,-100,0.8,1
trayectoria,1.99,0,400,300,0,0,2,1
trayectoria,1.99,1,405,300,-100,0,1,0
trayectoria,1.99,2,399.5,349,50,100,0.8,1
trayectoria,1.99,3,400.5,251,-50,-100,0.8,1
trayectoria,2,0,400,300,0,0,2,1
trayectoria,2,1,405,300,-100,0,1,0
trayectoria,2,2,400,350,50,100,0.8,1
trayectoria,2,3,400,250,-50,-100,0.8,1
trayectoria,2.01,0,400,300,0,0,2,1
trayectoria,2.01,1,405,300,-100,0,1,0
trayectoria,2.01,2,400.5,351,50,100,0.8,1
trayectoria,2.01,3,399.5,249,-50,-100,0.8,1
trayectoria,2.02,0,400,300,0,0,2,1
trayectoria,2.02,1,405,300,-100,0,1,0
trayectoria,2.02,2,401,352,50,100,0.8,1
trayectoria,2.02,3,399,248,-50,-100,0.8,1
trayectoria,2.03,0,400,300,0,0,2,1
trayectoria,2.03,1,405,300,-100,0,1,0
trayectoria,2.03,2,401.5,353,50,100,0.8,1
trayectoria,2.03,3,398.5,247,-50,-100,0.8,1
trayectoria,2.04,0,400,300,0,0,2,1
trayectoria,2.04,1,405,300,-100,0,1,0
trayectoria,2.04,2,402,354,50,100,0.8,1
trayectoria,2.04,3,398,246,-50,-100,0.8,1
trayectoria,2.05,0,400,300,0,0,2,1
trayectoria,2.05,1,405,300,-100,0,1,0
trayectoria,2.05,2,402.5,355,50,100,0.8,1
trayectoria,2.05,3,397.5,245,-50,-100,0.8,1
trayectoria,2.06,0,400,300,0,0,2,1
trayectoria,2.06,1,405,300,-100,0,1,0
trayectoria,2.06,2,403,356,50,100,0.8,1
trayectoria,2.06,3,397,244,-50,-100,0.8,1
trayectoria,2.07,0,400,300,0,0,2,1
trayectoria,2.07,1,405,300,-100,0,1,0
trayectoria,2.07,2,403.5,357,50,100,0.8,1
trayectoria,2.07,3,396.5,243,-50,-100,0.8,1
trayectoria,2.08,0,400,300,0,0,2,1
trayectoria,2.08,1,405,300,-100,0,1,0
trayectoria,2.08,2,404,358,50,100,0.8,1
trayectoria,2.08,3,396,242,-50,-100,0.8,1
trayectoria,2.09,0,400,300,0,0,2,1
trayectoria,2.09,1,405,300,-100,0,1,0
trayectoria,2.09,2,404.5,359,50,100,0.8,1
trayectoria,2.09,3,395.5,241,-50,-100,0.8,1
trayectoria,2.1,0,400,300,0,0,2,1
trayectoria,2.1,1,405,300,-100,0,1,0
trayectoria,2.1,2,405,360,50,100,0.8,1
trayectoria,2.1,3,395,240,-50,-100,0.8,1
trayectoria,2.11,0,400,300,0,0,2,1
trayectoria,2.11,1,405,300,-100,0,1,0
trayectoria,2.11,2,405.5,361,50,100,0.8,1
trayectoria,2.11,3,394.5,239,-50,-100,0.8,1
trayectoria,2.12,0,400,300,0,0,2,1
trayectoria,2.12,1,405,300,-100,0,1,0
trayectoria,2.12,2,406,362,50,100,0.8,1
trayectoria,2.12,3,394,238,-50,-100,0.8,1
trayectoria,2.13,0,400,300,0,0,2,1
trayectoria,2.13,1,405,300,-100,0,1,0
trayectoria,2.13,2,406.5,363,50,100,0.8,1
trayectoria,2.13,3,393.5,237,-50,-100,0.8,1
trayectoria,2.14,0,400,300,0,0,2,1
trayectoria,2.14,1,405,300,-100,0,1,0
trayectoria,2.14,2,407,364,50,100,0.8,1
trayectoria,2.14,3,393,236,-50,-100,0.8,1
trayectoria,2.15,0,400,300,0,0,2,1
trayectoria,2.15,1,405,300,-100,0,1,0
trayectoria,2.15,2,407.5,365,50,100,0.8,1
trayectoria,2.15,3,392.5,235,-50,-100,0.8,1
trayectoria,2.16,0,400,300,0,0,2,1
trayectoria,2.16,1,405,300,-100,0,1,0
trayectoria,2.16,2,408,366,50,100,0.8,1
trayectoria,2.16,3,392,234,-50,-100,0.8,1
trayectoria,2.17,0,400,300,0,0,2,1
trayectoria,2.17,1,405,300,-100,0,1,0
trayectoria,2.17,2,408.5,367,50,100,0.8,1
trayectoria,2.17,3,391.5,233,-50,-100,0.8,1
trayectoria,2.18,0,400,300,0,0,2,1
trayectoria,2.18,1,405,300,-100,0,1,0
trayectoria,2.18,2,409,368,50,100,0.8,1
trayectoria,2.18,3,391,232,-50,-100,0.8,1
trayectoria,2.19,0,400,300,0,0,2,1
trayectoria,2.19,1,405,300,-100,0,1,0
trayectoria,2.19,2,409.5,369,50,100,0.8,1
trayectoria,2.19,3,390.5,231,-50,-100,0.8,1
trayectoria,2.2,0,400,300,0,0,2,1
trayectoria,2.2,1,405,300,-100,0,1,0
trayectoria,2.2,2,410,370,50,100,0.8,1
trayectoria,2.2,3,390,230,-50,-100,0.8,1
trayectoria,2.21,0,400,300,0,0,2,1
trayectoria,2.21,1,405,300,-100,0,1,0
trayectoria,2.21,2,410.5,371,50,100,0.8,1
trayectoria,2.21,3,389.5,229,-50,-100,0.8,1
trayectoria,2.22,0,400,300,0,0,2,1
trayectoria,2.22,1,405,300,-100,0,1,0
trayectoria,2.22,2,411,372,50,100,0.8,1
trayectoria,2.22,3,389,228,-50,-100,0.8,1
trayectoria,2.23,0,400,300,0,0,2,1
trayectoria,2.23,1,405,300,-100,0,1,0
trayectoria,2.23,2,411.5,373,50,100,0.8,1
trayectoria,2.23,3,388.5,227,-50,-100,0.8,1
trayectoria,2.24,0,400,300,0,0,2,1
trayectoria,2.24,1,405,300,-100,0,1,0
trayectoria,2.24,2,412,374,50,100,0.8,1
trayectoria,2.24,3,388,226,-50,-100,0.8,1
trayectoria,2.25,0,400,300,0,0,2,1
trayectoria,2.25,1,405,300,-100,0,1,0
trayectoria,2.25,2,412.5,375,50,100,0.8,1
trayectoria,2.25,3,387.5,225,-50,-100,0.8,1
trayectoria,2.26,0,400,300,0,0,2,1
trayectoria,2.26,1,405,300,-100,0,1,0
trayectoria,2.26,2,413,376,50,100,0.8,1
trayectoria,2.26,3,387,224,-50,-100,0.8,1
trayectoria,2.27,0,400,300,0,0,2,1
trayectoria,2.27,1,405,300,-100,0,1,0
trayectoria,2.27,2,413.5,377,50,100,0.8,1
trayectoria,2.27,3,386.5,223,-50,-100,0.8,1
trayectoria,2.28,0,400,300,0,0,2,1
trayectoria,2.28,1,405,300,-100,0,1,0
trayectoria,2.28,2,414,378,50,100,0.8,1
trayectoria,2.28,3,386,222,-50,-100,0.8,1
trayectoria,2.29,0,400,300,0,0,2,1
trayectoria,2.29,1,405,300,-100,0,1,0
trayectoria,2.29,2,414.5,379,50,100,0.8,1
trayectoria,2.29,3,385.5,221,-50,-100,0.8,1
trayectoria,2.3,0,400,300,0,0,2,1
trayectoria,2.3,1,405,300,-100,0,1,0
trayectoria,2.3,2,415,380,50,100,0.8,1
trayectoria,2.3,3,385,220,-50,-100,0.8,1
trayectoria,2.31,0,400,300,0,0,2,1
trayectoria,2.31,1,405,300,-100,0,1,0
trayectoria,2.31,2,415.5,381,50,100,0.8,1
trayectoria,2.31,3,384.5,219,-50,-100,0.8,1
trayectoria,2.32,0,400,300,0,0,2,1
trayectoria,2.32,1,405,300,-100,0,1,0
trayectoria,2.32,2,416,382,50,100,0.8,1
trayectoria,2.32,3,384,218,-50,-100,0.8,1
trayectoria,2.33,0,400,300,0,0,2,1
trayectoria,2.33,1,405,300,-100,0,1,0
trayectoria,2.33,2,416.5,383,50,100,0.8,1
trayectoria,2.33,3,383.5,217,-50,-100,0.8,1
trayectoria,2.34,0,400,300,0,0,2,1
trayectoria,2.34,1,405,300,-100,0,1,0
trayectoria,2.34,2,417,384,50,100,0.8,1
trayectoria,2.34,3,383,216,-50,-100,0.8,1
trayectoria,2.35,0,400,300,0,0,2,1
trayectoria,2.35,1,405,300,-100,0,1,0
trayectoria,2.35,2,417.5,385,50,100,0.8,1
trayectoria,2.35,3,382.5,215,-50,-100,0.8,1
trayectoria,2.36,0,400,300,0,0,2,1
trayectoria,2.36,1,405,300,-100,0,1,0
trayectoria,2.36,2,418,386,50,100,0.8,1
trayectoria,2.36,3,382,214,-50,-100,0.8,1
trayectoria,2.37,0,400,300,0,0,2,1
trayectoria,2.37,1,405,300,-100,0,1,0
trayectoria,2.37,2,418.5,387,50,100,0.8,1
trayectoria,2.37,3,381.5,213,-50,-100,0.8,1
trayectoria,2.38,0,400,300,0,0,2,1
trayectoria,2.38,1,405,300,-100,0,1,0
trayectoria,2.38,2,419,388,50,100,0.8,1
trayectoria,2.38,3,381,212,-50,-100,0.8,1
trayectoria,2.39,0,400,300,0,0,2,1
trayectoria,2.39,1,405,300,-100,0,1,0
trayectoria,2.39,2,419.5,389,50,100,0.8,1
trayectoria,2.39,3,380.5,211,-50,-100,0.8,1
trayectoria,2.4,0,400,300,0,0,2,1
trayectoria,2.4,1,405,300,-100,0,1,0
trayectoria,2.4,2,420,390,50,100,0.8,1
trayectoria,2.4,3,380,210,-50,-100,0.8,1
trayectoria,2.41,0,400,300,0,0,2,1
trayectoria,2.41,1,405,300,-100,0,1,0
trayectoria,2.41,2,420.5,391,50,100,0.8,1
trayectoria,2.41,3,379.5,209,-50,-100,0.8,1
trayectoria,2.42,0,400,300,0,0,2,1
trayectoria,2.42,1,405,300,-100,0,1,0
trayectoria,2.42,2,421,392,50,100,0.8,1
trayectoria,2.42,3,379,208,-50,-100,0.8,1
trayectoria,2.43,0,400,300,0,0,2,1
trayectoria,2.43,1,405,300,-100,0,1,0
trayectoria,2.43,2,421.5,393,50,100,0.8,1
trayectoria,2.43,3,378.5,207,-50,-100,0.8,1
trayectoria,2.44,0,400,300,0,0,2,1
trayectoria,2.44,1,405,300,-100,0,1,0
trayectoria,2.44,2,422,394,50,100,0.8,1
trayectoria,2.44,3,378,206,-50,-100,0.8,1
trayectoria,2.45,0,400,300,0,0,2,1
trayectoria,2.45,1,405,300,-100,0,1,0
trayectoria,2.45,2,422.5,395,50,100,0.8,1
trayectoria,2.45,3,377.5,205,-50,-100,0.8,1
trayectoria,2.46,0,400,300,0,0,2,1
trayectoria,2.46,1,405,300,-100,0,1,0
trayectoria,2.46,2,423,396,50,100,0.8,1
trayectoria,2.46,3,377,204,-50,-100,0.8,1
trayectoria,2.47,0,400,300,0,0,2,1
trayectoria,2.47,1,405,300,-100,0,1,0
trayectoria,2.47,2,423.5,397,50,100,0.8,1
trayectoria,2.47,3,376.5,203,-50,-100,0.8,1
trayectoria,2.48,0,400,300,0,0,2,1
trayectoria,2.48,1,405,300,-100,0,1,0
trayectoria,2.48,2,424,398,50,100,0.8,1
trayectoria,2.48,3,376,202,-50,-100,0.8,1
trayectoria,2.49,0,400,300,0,0,2,1
trayectoria,2.49,1,405,300,-100,0,1,0
trayectoria,2.49,2,424.5,399,50,100,0.8,1
trayectoria,2.49,3,375.5,201,-50,-100,0.8,1
trayectoria,2.5,0,400,300,0,0,2,1
trayectoria,2.5,1,405,300,-100,0,1,0
trayectoria,2.5,2,425,400,50,100,0.8,1
trayectoria,2.5,3,375,200,-50,-100,0.8,1
trayectoria,2.51,0,400,300,0,0,2,1
trayectoria,2.51,1,405,300,-100,0,1,0
trayectoria,2.51,2,425.5,401,50,100,0.8,1
trayectoria,2.51,3,374.5,199,-50,-100,0.8,1
trayectoria,2.52,0,400,300,0,0,2,1
trayectoria,2.52,1,405,300,-100,0,1,0
trayectoria,2.52,2,426,402,50,100,0.8,1
trayectoria,2.52,3,374,198,-50,-100,0.8,1
trayectoria,2.53,0,400,300,0,0,2,1
trayectoria,2.53,1,405,300,-100,0,1,0
trayectoria,2.53,2,426.5,403,50,100,0.8,1
trayectoria,2.53,3,373.5,197,-50,-100,0.8,1
trayectoria,2.54,0,400,300,0,0,2,1
trayectoria,2.54,1,405,300,-100,0,1,0
trayectoria,2.54,2,427,404,50,100,0.8,1
trayectoria,2.54,3,373,196,-50,-100,0.8,1
trayectoria,2.55,0,400,300,0,0,2,1
trayectoria,2.55,1,405,300,-100,0,1,0
trayectoria,2.55,2,427.5,405,50,100,0.8,1
trayectoria,2.55,3,372.5,195,-50,-100,0.8,1
trayectoria,2.56,0,400,300,0,0,2,1
trayectoria,2.56,1,405,300,-100,0,1,0
trayectoria,2.56,2,428,406,50,100,0.8,1
trayectoria,2.56,3,372,194,-50,-100,0.8,1
trayectoria,2.57,0,400,300,0,0,2,1
trayectoria,2.57,1,405,300,-100,0,1,0
trayectoria,2.57,2,428.5,407,50,100,0.8,1
trayectoria,2.57,3,371.5,193,-50,-100,0.8,1
trayectoria,2.58,0,400,300,0,0,2,1
trayectoria,2.58,1,405,300,-100,0,1,0
trayectoria,2.58,2,429,408,50,100,0.8,1
trayectoria,2.58,3,371,192,-50,-100,0.8,1
trayectoria,2.59,0,400,300,0,0,2,1
trayectoria,2.59,1,405,300,-100,0,1,0
trayectoria,2.59,2,429.5,409,50,100,0.8,1
trayectoria,2.59,3,370.5,191,-50,-100,0.8,1
trayectoria,2.6,0,400,300,0,0,2,1
trayectoria,2.6,1,405,300,-100,0,1,0
trayectoria,2.6,2,430,410,50,100,0.8,1
trayectoria,2.6,3,370,190,-50,-100,0.8,1
trayectoria,2.61,0,400,300,0,0,2,1
trayectoria,2.61,1,405,300,-100,0,1,0
trayectoria,2.61,2,430.5,411,50,100,0.8,1
trayectoria,2.61,3,369.5,189,-50,-100,0.8,1
trayectoria,2.62,0,400,300,0,0,2,1
trayectoria,2.62,1,405,300,-100,0,1,0
trayectoria,2.62,2,431,412,50,100,0.8,1
trayectoria,2.62,3,369,188,-50,-100,0.8,1
trayectoria,2.63,0,400,300,0,0,2,1
trayectoria,2.63,1,405,300,-100,0,1,0
trayectoria,2.63,2,431.5,413,50,100,0.8,1
trayectoria,2.63,3,368.5,187,-50,-100,0.8,1
trayectoria,2.64,0,400,300,0,0,2,1
trayectoria,2.64,1,405,300,-100,0,1,0
trayectoria,2.64,2,432,414,50,100,0.8,1
trayectoria,2.64,3,368,186,-50,-100,0.8,1
trayectoria,2.65,0,400,300,0,0,2,1
trayectoria,2.65,1,405,300,-100,0,1,0
trayectoria,2.65,2,432.5,415,50,100,0.8,1
trayectoria,2.65,3,367.5,185,-50,-100,0.8,1
trayectoria,2.66,0,400,300,0,0,2,1
trayectoria,2.66,1,405,300,-100,0,1,0
trayectoria,2.66,2,433,416,50,100,0.8,1
trayectoria,2.66,3,367,184,-50,-100,0.8,1
trayectoria,2.67,0,400,300,0,0,2,1
trayectoria,2.67,1,405,300,-100,0,1,0
trayectoria,2.67,2,433.5,417,50,100,0.8,1
trayectoria,2.67,3,366.5,183,-50,-100,0.8,1
trayectoria,2.68,0,400,300,0,0,2,1
trayectoria,2.68,1,405,300,-100,0,1,0
trayectoria,2.68,2,434,418,50,100,0.8,1
trayectoria,2.68,3,366,182,-50,-100,0.8,1
trayectoria,2.69,0,400,300,0,0,2,1
trayectoria,2.69,1,405,300,-100,0,1,0
trayectoria,2.69,2,434.5,419,50,100,0.8,1
trayectoria,2.69,3,365.5,181,-50,-100,0.8,1
trayectoria,2.7,0,400,300,0,0,2,1
trayectoria,2.7,1,405,300,-100,0,1,0
trayectoria,2.7,2,435,420,50,100,0.8,1
trayectoria,2.7,3,365,180,-50,-100,0.8,1
trayectoria,2.71,0,400,300,0,0,2,1
trayectoria,2.71,1,405,300,-100,0,1,0
trayectoria,2.71,2,435.5,421,50,100,0.8,1
trayectoria,2.71,3,364.5,179,-50,-100,0.8,1
trayectoria,2.72,0,400,300,0,0,2,1
trayectoria,2.72,1,405,300,-100,0,1,0
trayectoria,2.72,2,436,422,50,100,0.8,1
trayectoria,2.72,3,364,178,-50,-100,0.8,1
trayectoria,2.73,0,400,300,0,0,2,1
trayectoria,2.73,1,405,300,-100,0,1,0
trayectoria,2.73,2,436.5,423,50,100,0.8,1
trayectoria,2.73,3,363.5,177,-50,-100,0.8,1
trayectoria,2.74,0,400,300,0,0,2,1
trayectoria,2.74,1,405,300,-100,0,1,0
trayectoria,2.74,2,437,424,50,100,0.8,1
trayectoria,2.74,3,363,176,-50,-100,0.8,1
trayectoria,2.75,0,400,300,0,0,2,1
trayectoria,2.75,1,405,300,-100,0,1,0
trayectoria,2.75,2,437.5,425,50,100,0.8,1
trayectoria,2.75,3,362.5,175,-50,-100,0.8,1
trayectoria,2.76,0,400,300,0,0,2,1
trayectoria,2.76,1,405,300,-100,0,1,0
trayectoria,2.76,2,438,426,50,100,0.8,1
trayectoria,2.76,3,362,174,-50,-100,0.8,1
trayectoria,2.77,0,400,300,0,0,2,1
trayectoria,2.77,1,405,300,-100,0,1,0
trayectoria,2.77,2,438.5,427,50,100,0.8,1
trayectoria,2.77,3,361.5,173,-50,-100,0.8,1
trayectoria,2.78,0,400,300,0,0,2,1
trayectoria,2.78,1,405,300,-100,0,1,0
trayectoria,2.78,2,439,428,50,100,0.8,1
trayectoria,2.78,3,361,172,-50,-100,0.8,1
trayectoria,2.79,0,400,300,0,0,2,1
trayectoria,2.79,1,405,300,-100,0,1,0
trayectoria,2.79,2,439.5,429,50,100,0.8,1
trayectoria,2.79,3,360.5,171,-50,-100,0.8,1
trayectoria,2.8,0,400,300,0,0,2,1
trayectoria,2.8,1,405,300,-100,0,1,0
trayectoria,2.8,2,440,430,50,100,0.8,1
trayectoria,2.8,3,360,170,-50,-100,0.8,1
trayectoria,2.81,0,400,300,0,0,2,1
trayectoria,2.81,1,405,300,-100,0,1,0
trayectoria,2.81,2,440.5,431,50,100,0.8,1
trayectoria,2.81,3,359.5,169,-50,-100,0.8,1
trayectoria,2.82,0,400,300,0,0,2,1
trayectoria,2.82,1,405,300,-100,0,1,0
trayectoria,2.82,2,441,432,50,100,0.8,1
trayectoria,2.82,3,359,168,-50,-100,0.8,1
trayectoria,2.83,0,400,300,0,0,2,1
trayectoria,2.83,1,405,300,-100,0,1,0
trayectoria,2.83,2,441.5,433,50,100,0.8,1
trayectoria,2.83,3,358.5,167,-50,-100,0.8,1
trayectoria,2.84,0,400,300,0,0,2,1
trayectoria,2.84,1,405,300,-100,0,1,0
trayectoria,2.84,2,442,434,50,100,0.8,1
trayectoria,2.84,3,358,166,-50,-100,0.8,1
trayectoria,2.85,0,400,300,0,0,2,1
trayectoria,2.85,1,405,300,-100,0,1,0
trayectoria,2.85,2,442.5,435,50,100,0.8,1
trayectoria,2.85,3,357.5,165,-50,-100,0.8,1
trayectoria,2.86,0,400,300,0,0,2,1
trayectoria,2.86,1,405,300,-100,0,1,0
trayectoria,2.86,2,443,436,50,100,0.8,1
trayectoria,2.86,3,357,164,-50,-100,0.8,1
trayectoria,2.87,0,400,300,0,0,2,1
trayectoria,2.87,1,405,300,-100,0,1,0
trayectoria,2.87,2,443.5,437,50,100,0.8,1
trayectoria,2.87,3,356.5,163,-50,-100,0.8,1
trayectoria,2.88,0,400,300,0,0,2,1
trayectoria,2.88,1,405,300,-100,0,1,0
trayectoria,2.88,2,444,438,50,100,0.8,1
trayectoria,2.88,3,356,162,-50,-100,0.8,1
trayectoria,2.89,0,400,300,0,0,2,1
trayectoria,2.89,1,405,300,-100,0,1,0
trayectoria,2.89,2,444.5,439,50,100,0.8,1
trayectoria,2.89,3,355.5,161,-50,-100,0.8,1
trayectoria,2.9,0,400,300,0,0,2,1
trayectoria,2.9,1,405,300,-100,0,1,0
trayectoria,2.9,2,445,440,50,100,0.8,1
trayectoria,2.9,3,355,160,-50,-100,0.8,1
trayectoria,2.91,0,400,300,0,0,2,1
trayectoria,2.91,1,405,300,-100,0,1,0
trayectoria,2.91,2,445.5,441,50,100,0.8,1
trayectoria,2.91,3,354.5,159,-50,-100,0.8,1
trayectoria,2.92,0,400,300,0,0,2,1
trayectoria,2.92,1,405,300,-100,0,1,0
trayectoria,2.92,2,446,442,50,100,0.8,1
trayectoria,2.92,3,354,158,-50,-100,0.8,1
trayectoria,2.93,0,400,300,0,0,2,1
trayectoria,2.93,1,405,300,-100,0,1,0
trayectoria,2.93,2,446.5,443,50,100,0.8,1
trayectoria,2.93,3,353.5,157,-50,-100,0.8,1
trayectoria,2.94,0,400,300,0,0,2,1
trayectoria,2.94,1,405,300,-100,0,1,0
trayectoria,2.94,2,447,444,50,100,0.8,1
trayectoria,2.94,3,353,156,-50,-100,0.8,1
trayectoria,2.95,0,400,300,0,0,2,1
trayectoria,2.95,1,405,300,-100,0,1,0
trayectoria,2.95,2,447.5,445,50,100,0.8,1
trayectoria,2.95,3,352.5,155,-50,-100,0.8,1
trayectoria,2.96,0,400,300,0,0,2,1
trayectoria,2.96,1,405,300,-100,0,1,0
trayectoria,2.96,2,448,446,50,100,0.8,1
trayectoria,2.96,3,352,154,-50,-100,0.8,1
trayectoria,2.97,0,400,300,0,0,2,1
trayectoria,2.97,1,405,300,-100,0,1,0
trayectoria,2.97,2,448.5,447,50,100,0.8,1
trayectoria,2.97,3,351.5,153,-50,-100,0.8,1
trayectoria,2.98,0,400,300,0,0,2,1
trayectoria,2.98,1,405,300,-100,0,1,0
trayectoria,2.98,2,449,448,50,100,0.8,1
trayectoria,2.98,3,351,152,-50,-100,0.8,1
trayectoria,2.99,0,400,300,0,0,2,1
trayectoria,2.99,1,405,300,-100,0,1,0
trayectoria,2.99,2,449.5,449,50,100,0.8,1
trayectoria,2.99,3,350.5,151,-50,-100,0.8,1
trayectoria,3,0,400,300,0,0,2,1
trayectoria,3,1,405,300,-100,0,1,0
trayectoria,3,2,450,450,50,100,0.8,1
trayectoria,3,3,350,150,-50,-100,0.8,1
trayectoria,3.01,0,400,300,0,0,2,1
trayectoria,3.01,1,405,300,-100,0,1,0
trayectoria,3.01,2,450.5,451,50,100,0.8,1
trayectoria,3.01,3,349.5,149,-50,-100,0.8,1
trayectoria,3.02,0,400,300,0,0,2,1
trayectoria,3.02,1,405,300,-100,0,1,0
trayectoria,3.02,2,451,452,50,100,0.8,1
trayectoria,3.02,3,349,148,-50,-100,0.8,1
trayectoria,3.03,0,400,300,0,0,2,1
trayectoria,3.03,1,405,300,-100,0,1,0
trayectoria,3.03,2,451.5,453,50,100,0.8,1
trayectoria,3.03,3,348.5,147,-50,-100,0.8,1
trayectoria,3.04,0,400,300,0,0,2,1
trayectoria,3.04,1,405,300,-100,0,1,0
trayectoria,3.04,2,452,454,50,100,0.8,1
trayectoria,3.04,3,348,146,-50,-100,0.8,1
trayectoria,3.05,0,400,300,0,0,2,1
trayectoria,3.05,1,405,300,-100,0,1,0
trayectoria,3.05,2,452.5,455,50,100,0.8,1
trayectoria,3.05,3,347.5,145,-50,-100,0.8,1
trayectoria,3.06,0,400,300,0,0,2,1
trayectoria,3.06,1,405,300,-100,0,1,0
trayectoria,3.06,2,453,456,50,100,0.8,1
trayectoria,3.06,3,347,144,-50,-100,0.8,1
trayectoria,3.07,0,400,300,0,0,2,1
trayectoria,3.07,1,405,300,-100,0,1,0
trayectoria,3.07,2,453.5,457,50,100,0.8,1
trayectoria,3.07,3,346.5,143,-50,-100,0.8,1
trayectoria,3.08,0,400,300,0,0,2,1
trayectoria,3.08,1,405,300,-100,0,1,0
trayectoria,3.08,2,454,458,50,100,0.8,1
trayectoria,3.08,3,346,142,-50,-100,0.8,1
trayectoria,3.09,0,400,300,0,0,2,1
trayectoria,3.09,1,405,300,-100,0,1,0
trayectoria,3.09,2,454.5,459,50,100,0.8,1
trayectoria,3.09,3,345.5,141,-50,-100,0.8,1
trayectoria,3.1,0,400,300,0,0,2,1
trayectoria,3.1,1,405,300,-100,0,1,0
trayectoria,3.1,2,455,460,50,100,0.8,1
trayectoria,3.1,3,345,140,-50,-100,0.8,1
trayectoria,3.11,0,400,300,0,0,2,1
trayectoria,3.11,1,405,300,-100,0,1,0
trayectoria,3.11,2,455.5,461,50,100,0.8,1
trayectoria,3.11,3,344.5,139,-50,-100,0.8,1
trayectoria,3.12,0,400,300,0,0,2,1
trayectoria,3.12,1,405,300,-100,0,1,0
trayectoria,3.12,2,456,462,50,100,0.8,1
trayectoria,3.12,3,344,138,-50,-100,0.8,1
trayectoria,3.13,0,400,300,0,0,2,1
trayectoria,3.13,1,405,300,-100,0,1,0
trayectoria,3.13,2,456.5,463,50,100,0.8,1
trayectoria,3.13,3,343.5,137,-50,-100,0.8,1
trayectoria,3.14,0,400,300,0,0,2,1
trayectoria,3.14,1,405,300,-100,0,1,0
trayectoria,3.14,2,457,464,50,100,0.8,1
trayectoria,3.14,3,343,136,-50,-100,0.8,1
trayectoria,3.15,0,400,300,0,0,2,1
trayectoria,3.15,1,405,300,-100,0,1,0
trayectoria,3.15,2,457.5,465,50,100,0.8,1
trayectoria,3.15,3,342.5,135,-50,-100,0.8,1
trayectoria,3.16,0,400,300,0,0,2,1
trayectoria,3.16,1,405,300,-100,0,1,0
trayectoria,3.16,2,458,466,50,100,0.8,1
trayectoria,3.16,3,342,134,-50,-100,0.8,1
trayectoria,3.17,0,400,300,0,0,2,1
trayectoria,3.17,1,405,300,-100,0,1,0
trayectoria,3.17,2,458.5,467,50,100,0.8,1
trayectoria,3.17,3,341.5,133,-50,-100,0.8,1
trayectoria,3.18,0,400,300,0,0,2,1
trayectoria,3.18,1,405,300,-100,0,1,0
trayectoria,3.18,2,459,468,50,100,0.8,1
trayectoria,3.18,3,341,132,-50,-100,0.8,1
trayectoria,3.19,0,400,300,0,0,2,1
trayectoria,3.19,1,405,300,-100,0,1,0
trayectoria,3.19,2,459.5,469,50,100,0.8,1
trayectoria,3.19,3,340.5,131,-50,-100,0.8,1
trayectoria,3.2,0,400,300,0,0,2,1
trayectoria,3.2,1,405,300,-100,0,1,0
trayectoria,3.2,2,460,470,50,100,0.8,1
trayectoria,3.2,3,340,130,-50,-100,0.8,1
trayectoria,3.21,0,400,300,0,0,2,1
trayectoria,3.21,1,405,300,-100,0,1,0
trayectoria,3.21,2,460.5,471,50,100,0.8,1
trayectoria,3.21,3,339.5,129,-50,-100,0.8,1
trayectoria,3.22,0,400,300,0,0,2,1
trayectoria,3.22,1,405,300,-100,0,1,0
trayectoria,3.22,2,461,472,50,100,0.8,1
trayectoria,3.22,3,339,128,-50,-100,0.8,1
trayectoria,3.23,0,400,300,0,0,2,1
trayectoria,3.23,1,405,300,-100,0,1,0
trayectoria,3.23,2,461.5,473,50,100,0.8,1
trayectoria,3.23,3,338.5,127,-50,-100,0.8,1
trayectoria,3.24,0,400,300,0,0,2,1
trayectoria,3.24,1,405,300,-100,0,1,0
trayectoria,3.24,2,462,474,50,100,0.8,1
trayectoria,3.24,3,338,126,-50,-100,0.8,1
trayectoria,3.25,0,400,300,0,0,2,1
trayectoria,3.25,1,405,300,-100,0,1,0
trayectoria,3.25,2,462.5,475,50,100,0.8,1
trayectoria,3.25,3,337.5,125,-50,-100,0.8,1
trayectoria,3.26,0,400,300,0,0,2,1
trayectoria,3.26,1,405,300,-100,0,1,0
trayectoria,3.26,2,463,476,50,100,0.8,1
trayectoria,3.26,3,337,124,-50,-100,0.8,1
trayectoria,3.27,0,400,300,0,0,2,1
trayectoria,3.27,1,405,300,-100,0,1,0
trayectoria,3.27,2,463.5,477,50,100,0.8,1
trayectoria,3.27,3,336.5,123,-50,-100,0.8,1
trayectoria,3.28,0,400,300,0,0,2,1
trayectoria,3.28,1,405,300,-100,0,1,0
trayectoria,3.28,2,464,478,50,100,0.8,1
trayectoria,3.28,3,336,122,-50,-100,0.8,1
trayectoria,3.29,0,400,300,0,0,2,1
trayectoria,3.29,1,405,300,-100,0,1,0
trayectoria,3.29,2,464.5,479,50,100,0.8,1
trayectoria,3.29,3,335.5,121,-50,-100,0.8,1
trayectoria,3.3,0,400,300,0,0,2,1
trayectoria,3.3,1,405,300,-100,0,1,0
trayectoria,3.3,2,465,480,50,100,0.8,1
trayectoria,3.3,3,335,120,-50,-100,0.8,1
trayectoria,3.31,0,400,300,0,0,2,1
trayectoria,3.31,1,405,300,-100,0,1,0
trayectoria,3.31,2,465.5,481,50,100,0.8,1
trayectoria,3.31,3,334.5,119,-50,-100,0.8,1
trayectoria,3.32,0,400,300,0,0,2,1
trayectoria,3.32,1,405,300,-100,0,1,0
trayectoria,3.32,2,466,482,50,100,0.8,1
trayectoria,3.32,3,334,118,-50,-100,0.8,1
trayectoria,3.33,0,400,300,0,0,2,1
trayectoria,3.33,1,405,300,-100,0,1,0
trayectoria,3.33,2,466.5,483,50,100,0.8,1
trayectoria,3.33,3,333.5,117,-50,-100,0.8,1
trayectoria,3.34,0,400,300,0,0,2,1
trayectoria,3.34,1,405,300,-100,0,1,0
trayectoria,3.34,2,467,484,50,100,0.8,1
trayectoria,3.34,3,333,116,-50,-100,0.8,1
trayectoria,3.35,0,400,300,0,0,2,1
trayectoria,3.35,1,405,300,-100,0,1,0
trayectoria,3.35,2,467.5,485,50,100,0.8,1
trayectoria,3.35,3,332.5,115,-50,-100,0.8,1
trayectoria,3.36,0,400,300,0,0,2,1
trayectoria,3.36,1,405,300,-100,0,1,0
trayectoria,3.36,2,468,486,50,100,0.8,1
trayectoria,3.36,3,332,114,-50,-100,0.8,1
trayectoria,3.37,0,400,300,0,0,2,1
trayectoria,3.37,1,405,300,-100,0,1,0
trayectoria,3.37,2,468.5,487,50,100,0.8,1
trayectoria,3.37,3,331.5,113,-50,-100,0.8,1
trayectoria,3.38,0,400,300,0,0,2,1
trayectoria,3.38,1,405,300,-100,0,1,0
trayectoria,3.38,2,469,488,50,100,0.8,1
trayectoria,3.38,3,331,112,-50,-100,0.8,1
trayectoria,3.39,0,400,300,0,0,2,1
trayectoria,3.39,1,405,300,-100,0,1,0
trayectoria,3.39,2,469.5,489,50,100,0.8,1
trayectoria,3.39,3,330.5,111,-50,-100,0.8,1
trayectoria,3.4,0,400,300,0,0,2,1
trayectoria,3.4,1,405,300,-100,0,1,0
trayectoria,3.4,2,470,490,50,100,0.8,1
trayectoria,3.4,3,330,110,-50,-100,0.8,1
trayectoria,3.41,0,400,300,0,0,2,1
trayectoria,3.41,1,405,300,-100,0,1,0
trayectoria,3.41,2,470.5,491,50,100,0.8,1
trayectoria,3.41,3,329.5,109,-50,-100,0.8,1
trayectoria,3.42,0,400,300,0,0,2,1
trayectoria,3.42,1,405,300,-100,0,1,0
trayectoria,3.42,2,471,492,50,100,0.8,1
trayectoria,3.42,3,329,108,-50,-100,0.8,1
trayectoria,3.43,0,400,300,0,0,2,1
trayectoria,3.43,1,405,300,-100,0,1,0
trayectoria,3.43,2,471.5,493,50,100,0.8,1
trayectoria,3.43,3,328.5,107,-50,-100,0.8,1
trayectoria,3.44,0,400,300,0,0,2,1
trayectoria,3.44,1,405,300,-100,0,1,0
trayectoria,3.44,2,472,494,50,100,0.8,1
trayectoria,3.44,3,328,106,-50,-100,0.8,1
trayectoria,3.45,0,400,300,0,0,2,1
trayectoria,3.45,1,405,300,-100,0,1,0
trayectoria,3.45,2,472.5,495,50,100,0.8,1
trayectoria,3.45,3,327.5,105,-50,-100,0.8,1
trayectoria,3.46,0,400,300,0,0,2,1
trayectoria,3.46,1,405,300,-100,0,1,0
trayectoria,3.46,2,473,496,50,100,0.8,1
trayectoria,3.46,3,327,104,-50,-100,0.8,1
trayectoria,3.47,0,400,300,0,0,2,1
trayectoria,3.47,1,405,300,-100,0,1,0
trayectoria,3.47,2,473.5,497,50,100,0.8,1
trayectoria,3.47,3,326.5,103,-50,-100,0.8,1
trayectoria,3.48,0,400,300,0,0,2,1
trayectoria,3.48,1,405,300,-100,0,1,0
trayectoria,3.48,2,474,498,50,100,0.8,1
trayectoria,3.48,3,326,102,-50,-100,0.8,1
trayectoria,3.49,0,400,300,0,0,2,1
trayectoria,3.49,1,405,300,-100,0,1,0
trayectoria,3.49,2,474.5,499,50,100,0.8,1
trayectoria,3.49,3,325.5,101,-50,-100,0.8,1
trayectoria,3.5,0,400,300,0,0,2,1
trayectoria,3.5,1,405,300,-100,0,1,0
trayectoria,3.5,2,475,500,50,100,0.8,1
trayectoria,3.5,3,325,100,-50,-100,0.8,1
trayectoria,3.51,0,400,300,0,0,2,1
trayectoria,3.51,1,405,300,-100,0,1,0
trayectoria,3.51,2,475.5,501,50,100,0.8,1
trayectoria,3.51,3,324.5,99,-50,-100,0.8,1
trayectoria,3.52,0,400,300,0,0,2,1
trayectoria,3.52,1,405,300,-100,0,1,0
trayectoria,3.52,2,476,502,50,100,0.8,1
trayectoria,3.52,3,324,98,-50,-100,0.8,1
trayectoria,3.53,0,400,300,0,0,2,1
trayectoria,3.53,1,405,300,-100,0,1,0
trayectoria,3.53,2,476.5,503,50,100,0.8,1
trayectoria,3.53,3,323.5,97,-50,-100,0.8,1
trayectoria,3.54,0,400,300,0,0,2,1
trayectoria,3.54,1,405,300,-100,0,1,0
trayectoria,3.54,2,477,504,50,100,0.8,1
trayectoria,3.54,3,323,96,-50,-100,0.8,1
trayectoria,3.55,0,400,300,0,0,2,1
trayectoria,3.55,1,405,300,-100,0,1,0
trayectoria,3.55,2,477.5,505,50,100,0.8,1
trayectoria,3.55,3,322.5,95,-50,-100,0.8,1
trayectoria,3.56,0,400,300,0,0,2,1
trayectoria,3.56,1,405,300,-100,0,1,0
trayectoria,3.56,2,478,506,50,100,0.8,1
trayectoria,3.56,3,322,94,-50,-100,0.8,1
trayectoria,3.57,0,400,300,0,0,2,1
trayectoria,3.57,1,405,300,-100,0,1,0
trayectoria,3.57,2,478.5,507,50,100,0.8,1
trayectoria,3.57,3,321.5,93,-50,-100,0.8,1
trayectoria,3.58,0,400,300,0,0,2,1
trayectoria,3.58,1,405,300,-100,0,1,0
trayectoria,3.58,2,479,508,50,100,0.8,1
trayectoria,3.58,3,321,92,-50,-100,0.8,1
trayectoria,3.59,0,400,300,0,0,2,1
trayectoria,3.59,1,405,300,-100,0,1,0
trayectoria,3.59,2,479.5,509,50,100,0.8,1
trayectoria,3.59,3,320.5,91,-50,-100,0.8,1
trayectoria,3.6,0,400,300,0,0,2,1
trayectoria,3.6,1,405,300,-100,0,1,0
trayectoria,3.6,2,480,510,50,100,0.8,1
trayectoria,3.6,3,320,90,-50,-100,0.8,1
trayectoria,3.61,0,400,300,0,0,2,1
trayectoria,3.61,1,405,300,-100,0,1,0
trayectoria,3.61,2,480.5,511,50,100,0.8,1
trayectoria,3.61,3,319.5,89,-50,-100,0.8,1
trayectoria,3.62,0,400,300,0,0,2,1
trayectoria,3.62,1,405,300,-100,0,1,0
trayectoria,3.62,2,481,512,50,100,0.8,1
trayectoria,3.62,3,319,88,-50,-100,0.8,1
trayectoria,3.63,0,400,300,0,0,2,1
trayectoria,3.63,1,405,300,-100,0,1,0
trayectoria,3.63,2,481.5,513,50,100,0.8,1
trayectoria,3.63,3,318.5,87,-50,-100,0.8,1
trayectoria,3.64,0,400,300,0,0,2,1
trayectoria,3.64,1,405,300,-100,0,1,0
trayectoria,3.64,2,482,514,50,100,0.8,1
trayectoria,3.64,3,318,86,-50,-100,0.8,1
trayectoria,3.65,0,400,300,0,0,2,1
trayectoria,3.65,1,405,300,-100,0,1,0
trayectoria,3.65,2,482.5,515,50,100,0.8,1
trayectoria,3.65,3,317.5,85,-50,-100,0.8,1
trayectoria,3.66,0,400,300,0,0,2,1
trayectoria,3.66,1,405,300,-100,0,1,0
trayectoria,3.66,2,483,516,50,100,0.8,1
trayectoria,3.66,3,317,84,-50,-100,0.8,1
trayectoria,3.67,0,400,300,0,0,2,1
trayectoria,3.67,1,405,300,-100,0,1,0
trayectoria,3.67,2,483.5,517,50,100,0.8,1
trayectoria,3.67,3,316.5,83,-50,-100,0.8,1
trayectoria,3.68,0,400,300,0,0,2,1
trayectoria,3.68,1,405,300,-100,0,1,0
trayectoria,3.68,2,484,518,50,100,0.8,1
trayectoria,3.68,3,316,82,-50,-100,0.8,1
trayectoria,3.69,0,400,300,0,0,2,1
trayectoria,3.69,1,405,300,-100,0,1,0
trayectoria,3.69,2,484.5,519,50,100,0.8,1
trayectoria,3.69,3,315.5,81,-50,-100,0.8,1
trayectoria,3.7,0,400,300,0,0,2,1
trayectoria,3.7,1,405,300,-100,0,1,0
trayectoria,3.7,2,485,520,50,100,0.8,1
trayectoria,3.7,3,315,80,-50,-100,0.8,1
trayectoria,3.71,0,400,300,0,0,2,1
trayectoria,3.71,1,405,300,-100,0,1,0
trayectoria,3.71,2,485.5,521,50,100,0.8,1
trayectoria,3.71,3,314.5,79,-50,-100,0.8,1
trayectoria,3.72,0,400,300,0,0,2,1
trayectoria,3.72,1,405,300,-100,0,1,0
trayectoria,3.72,2,486,522,50,100,0.8,1
trayectoria,3.72,3,314,78,-50,-100,0.8,1
trayectoria,3.73,0,400,300,0,0,2,1
trayectoria,3.73,1,405,300,-100,0,1,0
trayectoria,3.73,2,486.5,523,50,100,0.8,1
trayectoria,3.73,3,313.5,77,-50,-100,0.8,1
trayectoria,3.74,0,400,300,0,0,2,1
trayectoria,3.74,1,405,300,-100,0,1,0
trayectoria,3.74,2,487,524,50,100,0.8,1
trayectoria,3.74,3,313,76,-50,-100,0.8,1
trayectoria,3.75,0,400,300,0,0,2,1
trayectoria,3.75,1,405,300,-100,0,1,0
trayectoria,3.75,2,487.5,525,50,100,0.8,1
trayectoria,3.75,3,312.5,75,-50,-100,0.8,1
trayectoria,3.76,0,400,300,0,0,2,1
trayectoria,3.76,1,405,300,-100,0,1,0
trayectoria,3.76,2,488,526,50,100,0.8,1
trayectoria,3.76,3,312,74,-50,-100,0.8,1
trayectoria,3.77,0,400,300,0,0,2,1
trayectoria,3.77,1,405,300,-100,0,1,0
trayectoria,3.77,2,488.5,527,50,100,0.8,1
trayectoria,3.77,3,311.5,73,-50,-100,0.8,1
trayectoria,3.78,0,400,300,0,0,2,1
trayectoria,3.78,1,405,300,-100,0,1,0
trayectoria,3.78,2,489,528,50,100,0.8,1
trayectoria,3.78,3,311,72,-50,-100,0.8,1
trayectoria,3.79,0,400,300,0,0,2,1
trayectoria,3.79,1,405,300,-100,0,1,0
trayectoria,3.79,2,489.5,529,50,100,0.8,1
trayectoria,3.79,3,310.5,71,-50,-100,0.8,1
trayectoria,3.8,0,400,300,0,0,2,1
trayectoria,3.8,1,405,300,-100,0,1,0
trayectoria,3.8,2,490,530,50,100,0.8,1
trayectoria,3.8,3,310,70,-50,-100,0.8,1
trayectoria,3.81,0,400,300,0,0,2,1
trayectoria,3.81,1,405,300,-100,0,1,0
trayectoria,3.81,2,490.5,531,50,100,0.8,1
trayectoria,3.81,3,309.5,69,-50,-100,0.8,1
trayectoria,3.82,0,400,300,0,0,2,1
trayectoria,3.82,1,405,300,-100,0,1,0
trayectoria,3.82,2,491,532,50,100,0.8,1
trayectoria,3.82,3,309,68,-50,-100,0.8,1
trayectoria,3.83,0,400,300,0,0,2,1
trayectoria,3.83,1,405,300,-100,0,1,0
trayectoria,3.83,2,491.5,533,50,100,0.8,1
trayectoria,3.83,3,308.5,67,-50,-100,0.8,1
trayectoria,3.84,0,400,300,0,0,2,1
trayectoria,3.84,1,405,300,-100,0,1,0
trayectoria,3.84,2,492,534,50,100,0.8,1
trayectoria,3.84,3,308,66,-50,-100,0.8,1
trayectoria,3.85,0,400,300,0,0,2,1
trayectoria,3.85,1,405,300,-100,0,1,0
trayectoria,3.85,2,492.5,535,50,100,0.8,1
trayectoria,3.85,3,307.5,65,-50,-100,0.8,1
trayectoria,3.86,0,400,300,0,0,2,1
trayectoria,3.86,1,405,300,-100,0,1,0
trayectoria,3.86,2,493,536,50,100,0.8,1
trayectoria,3.86,3,307,64,-50,-100,0.8,1
trayectoria,3.87,0,400,300,0,0,2,1
trayectoria,3.87,1,405,300,-100,0,1,0
trayectoria,3.87,2,493.5,537,50,100,0.8,1
trayectoria,3.87,3,306.5,63,-50,-100,0.8,1
trayectoria,3.88,0,400,300,0,0,2,1
trayectoria,3.88,1,405,300,-100,0,1,0
trayectoria,3.88,2,494,538,50,100,0.8,1
trayectoria,3.88,3,306,62,-50,-100,0.8,1
trayectoria,3.89,0,400,300,0,0,2,1
trayectoria,3.89,1,405,300,-100,0,1,0
trayectoria,3.89,2,494.5,539,50,100,0.8,1
trayectoria,3.89,3,305.5,61,-50,-100,0.8,1
trayectoria,3.9,0,400,300,0,0,2,1
trayectoria,3.9,1,405,300,-100,0,1,0
trayectoria,3.9,2,495,540,50,100,0.8,1
trayectoria,3.9,3,305,60,-50,-100,0.8,1
trayectoria,3.91,0,400,300,0,0,2,1
trayectoria,3.91,1,405,300,-100,0,1,0
trayectoria,3.91,2,495.5,541,50,100,0.8,1
trayectoria,3.91,3,304.5,59,-50,-100,0.8,1
trayectoria,3.92,0,400,300,0,0,2,1
trayectoria,3.92,1,405,300,-100,0,1,0
trayectoria,3.92,2,496,542,50,100,0.8,1
trayectoria,3.92,3,304,58,-50,-100,0.8,1
trayectoria,3.93,0,400,300,0,0,2,1
trayectoria,3.93,1,405,300,-100,0,1,0
trayectoria,3.93,2,496.5,543,50,100,0.8,1
trayectoria,3.93,3,303.5,57,-50,-100,0.8,1
trayectoria,3.94,0,400,300,0,0,2,1
trayectoria,3.94,1,405,300,-100,0,1,0
trayectoria,3.94,2,497,544,50,100,0.8,1
trayectoria,3.94,3,303,56,-50,-100,0.8,1
trayectoria,3.95,0,400,300,0,0,2,1
trayectoria,3.95,1,405,300,-100,0,1,0
trayectoria,3.95,2,497.5,545,50,100,0.8,1
trayectoria,3.95,3,302.5,55,-50,-100,0.8,1
trayectoria,3.96,0,400,300,0,0,2,1
trayectoria,3.96,1,405,300,-100,0,1,0
trayectoria,3.96,2,498,546,50,100,0.8,1
trayectoria,3.96,3,302,54,-50,-100,0.8,1
trayectoria,3.97,0,400,300,0,0,2,1
trayectoria,3.97,1,405,300,-100,0,1,0
trayectoria,3.97,2,498.5,547,50,100,0.8,1
trayectoria,3.97,3,301.5,53,-50,-100,0.8,1
trayectoria,3.98,0,400,300,0,0,2,1
trayectoria,3.98,1,405,300,-100,0,1,0
trayectoria,3.98,2,499,548,50,100,0.8,1
trayectoria,3.98,3,301,52,-50,-100,0.8,1
trayectoria,3.99,0,400,300,0,0,2,1
trayectoria,3.99,1,405,300,-100,0,1,0
trayectoria,3.99,2,499.5,549,50,100,0.8,1
trayectoria,3.99,3,300.5,51,-50,-100,0.8,1
trayectoria,4,0,400,300,0,0,2,1
trayectoria,4,1,405,300,-100,0,1,0
trayectoria,4,2,500,550,50,100,0.8,1
trayectoria,4,3,300,50,-50,-100,0.8,1
trayectoria,4.01,0,400,300,0,0,2,1
trayectoria,4.01,1,405,300,-100,0,1,0
trayectoria,4.01,2,500.5,551,50,100,0.8,1
trayectoria,4.01,3,299.5,49,-50,-100,0.8,1
trayectoria,4.02,0,400,300,0,0,2,1
trayectoria,4.02,1,405,300,-100,0,1,0
trayectoria,4.02,2,501,552,50,100,0.8,1
trayectoria,4.02,3,299,48,-50,-100,0.8,1
trayectoria,4.03,0,400,300,0,0,2,1
trayectoria,4.03,1,405,300,-100,0,1,0
trayectoria,4.03,2,501.5,553,50,100,0.8,1
trayectoria,4.03,3,298.5,47,-50,-100,0.8,1
trayectoria,4.04,0,400,300,0,0,2,1
trayectoria,4.04,1,405,300,-100,0,1,0
trayectoria,4.04,2,502,554,50,100,0.8,1
trayectoria,4.04,3,298,46,-50,-100,0.8,1
trayectoria,4.05,0,400,300,0,0,2,1
trayectoria,4.05,1,405,300,-100,0,1,0
trayectoria,4.05,2,502.5,555,50,100,0.8,1
trayectoria,4.05,3,297.5,45,-50,-100,0.8,1
trayectoria,4.06,0,400,300,0,0,2,1
trayectoria,4.06,1,405,300,-100,0,1,0
trayectoria,4.06,2,503,556,50,100,0.8,1
trayectoria,4.06,3,297,44,-50,-100,0.8,1
trayectoria,4.07,0,400,300,0,0,2,1
trayectoria,4.07,1,405,300,-100,0,1,0
trayectoria,4.07,2,503.5,557,50,100,0.8,1
trayectoria,4.07,3,296.5,43,-50,-100,0.8,1
trayectoria,4.08,0,400,300,0,0,2,1
trayectoria,4.08,1,405,300,-100,0,1,0
trayectoria,4.08,2,504,558,50,100,0.8,1
trayectoria,4.08,3,296,42,-50,-100,0.8,1
trayectoria,4.09,0,400,300,0,0,2,1
trayectoria,4.09,1,405,300,-100,0,1,0
trayectoria,4.09,2,504.5,559,50,100,0.8,1
trayectoria,4.09,3,295.5,41,-50,-100,0.8,1
trayectoria,4.1,0,400,300,0,0,2,1
trayectoria,4.1,1,405,300,-100,0,1,0
trayectoria,4.1,2,505,560,50,100,0.8,1
trayectoria,4.1,3,295,40,-50,-100,0.8,1
trayectoria,4.11,0,400,300,0,0,2,1
trayectoria,4.11,1,405,300,-100,0,1,0
trayectoria,4.11,2,505.5,561,50,100,0.8,1
trayectoria,4.11,3,294.5,39,-50,-100,0.8,1
trayectoria,4.12,0,400,300,0,0,2,1
trayectoria,4.12,1,405,300,-100,0,1,0
trayectoria,4.12,2,506,562,50,100,0.8,1
trayectoria,4.12,3,294,38,-50,-100,0.8,1
trayectoria,4.13,0,400,300,0,0,2,1
trayectoria,4.13,1,405,300,-100,0,1,0
trayectoria,4.13,2,506.5,563,50,100,0.8,1
trayectoria,4.13,3,293.5,37,-50,-100,0.8,1
trayectoria,4.14,0,400,300,0,0,2,1
trayectoria,4.14,1,405,300,-100,0,1,0
trayectoria,4.14,2,507,564,50,100,0.8,1
trayectoria,4.14,3,293,36,-50,-100,0.8,1
trayectoria,4.15,0,400,300,0,0,2,1
trayectoria,4.15,1,405,300,-100,0,1,0
trayectoria,4.15,2,507.5,565,50,100,0.8,1
trayectoria,4.15,3,292.5,35,-50,-100,0.8,1
trayectoria,4.16,0,400,300,0,0,2,1
trayectoria,4.16,1,405,300,-100,0,1,0
trayectoria,4.16,2,508,566,50,100,0.8,1
trayectoria,4.16,3,292,34,-50,-100,0.8,1
trayectoria,4.17,0,400,300,0,0,2,1
trayectoria,4.17,1,405,300,-100,0,1,0
trayectoria,4.17,2,508.5,567,50,100,0.8,1
trayectoria,4.17,3,291.5,33,-50,-100,0.8,1
trayectoria,4.18,0,400,300,0,0,2,1
trayectoria,4.18,1,405,300,-100,0,1,0
trayectoria,4.18,2,509,568,50,100,0.8,1
trayectoria,4.18,3,291,32,-50,-100,0.8,1
trayectoria,4.19,0,400,300,0,0,2,1
trayectoria,4.19,1,405,300,-100,0,1,0
trayectoria,4.19,2,509.5,569,50,100,0.8,1
trayectoria,4.19,3,290.5,31,-50,-100,0.8,1
trayectoria,4.2,0,400,300,0,0,2,1
trayectoria,4.2,1,405,300,-100,0,1,0
trayectoria,4.2,2,510,570,50,100,0.8,1
trayectoria,4.2,3,290,30,-50,-100,0.8,1
trayectoria,4.21,0,400,300,0,0,2,1
trayectoria,4.21,1,405,300,-100,0,1,0
trayectoria,4.21,2,510.5,571,50,100,0.8,1
trayectoria,4.21,3,289.5,29,-50,-100,0.8,1
trayectoria,4.22,0,400,300,0,0,2,1
trayectoria,4.22,1,405,300,-100,0,1,0
trayectoria,4.22,2,511,572,50,100,0.8,1
trayectoria,4.22,3,289,28,-50,-100,0.8,1
trayectoria,4.23,0,400,300,0,0,2,1
trayectoria,4.23,1,405,300,-100,0,1,0
trayectoria,4.23,2,511.5,573,50,100,0.8,1
trayectoria,4.23,3,288.5,27,-50,-100,0.8,1
trayectoria,4.24,0,400,300,0,0,2,1
trayectoria,4.24,1,405,300,-100,0,1,0
trayectoria,4.24,2,512,574,50,100,0.8,1
trayectoria,4.24,3,288,26,-50,-100,0.8,1
trayectoria,4.25,0,400,300,0,0,2,1
trayectoria,4.25,1,405,300,-100,0,1,0
trayectoria,4.25,2,512.5,575,50,100,0.8,1
trayectoria,4.25,3,287.5,25,-50,-100,0.8,1
trayectoria,4.26,0,400,300,0,0,2,1
trayectoria,4.26,1,405,300,-100,0,1,0
trayectoria,4.26,2,513,576,50,100,0.8,1
trayectoria,4.26,3,287,24,-50,-100,0.8,1
trayectoria,4.27,0,400,300,0,0,2,1
trayectoria,4.27,1,405,300,-100,0,1,0
trayectoria,4.27,2,513.5,577,50,100,0.8,1
trayectoria,4.27,3,286.5,23,-50,-100,0.8,1
trayectoria,4.28,0,400,300,0,0,2,1
trayectoria,4.28,1,405,300,-100,0,1,0
trayectoria,4.28,2,514,578,50,100,0.8,1
trayectoria,4.28,3,286,22,-50,-100,0.8,1
trayectoria,4.29,0,400,300,0,0,2,1
trayectoria,4.29,1,405,300,-100,0,1,0
trayectoria,4.29,2,514.5,579,50,100,0.8,1
trayectoria,4.29,3,285.5,21,-50,-100,0.8,1
trayectoria,4.3,0,400,300,0,0,2,1
trayectoria,4.3,1,405,300,-100,0,1,0
trayectoria,4.3,2,515,580,50,100,0.8,1
trayectoria,4.3,3,285,20,-50,-100,0.8,1
trayectoria,4.31,0,400,300,0,0,2,1
trayectoria,4.31,1,405,300,-100,0,1,0
trayectoria,4.31,2,515.5,581,50,100,0.8,1
trayectoria,4.31,3,284.5,19,-50,-100,0.8,1
trayectoria,4.32,0,400,300,0,0,2,1
trayectoria,4.32,1,405,300,-100,0,1,0
trayectoria,4.32,2,516,582,50,100,0.8,1
trayectoria,4.32,3,284,18,-50,-100,0.8,1
trayectoria,4.33,0,400,300,0,0,2,1
trayectoria,4.33,1,405,300,-100,0,1,0
trayectoria,4.33,2,516.5,583,50,100,0.8,1
trayectoria,4.33,3,283.5,17,-50,-100,0.8,1
trayectoria,4.34,0,400,300,0,0,2,1
trayectoria,4.34,1,405,300,-100,0,1,0
trayectoria,4.34,2,517,584,50,100,0.8,1
trayectoria,4.34,3,283,16,-50,-100,0.8,1
trayectoria,4.35,0,400,300,0,0,2,1
trayectoria,4.35,1,405,300,-100,0,1,0
trayectoria,4.35,2,517.5,585,50,100,0.8,1
trayectoria,4.35,3,282.5,15,-50,-100,0.8,1
trayectoria,4.36,0,400,300,0,0,2,1
trayectoria,4.36,1,405,300,-100,0,1,0
trayectoria,4.36,2,518,586,50,100,0.8,1
trayectoria,4.36,3,282,14,-50,-100,0.8,1
trayectoria,4.37,0,400,300,0,0,2,1
trayectoria,4.37,1,405,300,-100,0,1,0
trayectoria,4.37,2,518.5,587,50,100,0.8,1
trayectoria,4.37,3,281.5,13,-50,-100,0.8,1
trayectoria,4.38,0,400,300,0,0,2,1
trayectoria,4.38,1,405,300,-100,0,1,0
trayectoria,4.38,2,519,588,50,100,0.8,1
trayectoria,4.38,3,281,12,-50,-100,0.8,1
trayectoria,4.39,0,400,300,0,0,2,1
trayectoria,4.39,1,405,300,-100,0,1,0
trayectoria,4.39,2,519.5,589,50,100,0.8,1
trayectoria,4.39,3,280.5,11,-50,-100,0.8,1
trayectoria,4.4,0,400,300,0,0,2,1
trayectoria,4.4,1,405,300,-100,0,1,0
trayectoria,4.4,2,520,590,50,100,0.8,1
trayectoria,4.4,3,280,10,-50,-100,0.8,1
trayectoria,4.41,0,400,300,0,0,2,1
trayectoria,4.41,1,405,300,-100,0,1,0
trayectoria,4.41,2,520.5,591,50,100,0.8,1
trayectoria,4.41,3,279.5,9,-50,-100,0.8,1
trayectoria,4.42,0,400,300,0,0,2,1
trayectoria,4.42,1,405,300,-100,0,1,0
trayectoria,4.42,2,521,592,50,100,0.8,1
trayectoria,4.42,3,279,8,-50,-100,0.8,1
trayectoria,4.43,0,400,300,0,0,2,1
trayectoria,4.43,1,405,300,-100,0,1,0
trayectoria,4.43,2,521.5,593,50,100,0.8,1
trayectoria,4.43,3,278.5,7,-50,-100,0.8,1
trayectoria,4.44,0,400,300,0,0,2,1
trayectoria,4.44,1,405,300,-100,0,1,0
trayectoria,4.44,2,522,594,50,100,0.8,1
trayectoria,4.44,3,278,6,-50,-100,0.8,1
trayectoria,4.45,0,400,300,0,0,2,1
trayectoria,4.45,1,405,300,-100,0,1,0
trayectoria,4.45,2,522.5,595,50,100,0.8,1
trayectoria,4.45,3,277.5,5,-50,-100,0.8,1
trayectoria,4.46,0,400,300,0,0,2,1
trayectoria,4.46,1,405,300,-100,0,1,0
trayectoria,4.46,2,523,595.028,50,-100,0.8,1
trayectoria,4.46,3,277,4.97214,-50,100,0.8,1
trayectoria,4.47,0,400,300,0,0,2,1
trayectoria,4.47,1,405,300,-100,0,1,0
trayectoria,4.47,2,523.5,594.028,50,-100,0.8,1
trayectoria,4.47,3,276.5,5.97214,-50,100,0.8,1
trayectoria,4.48,0,400,300,0,0,2,1
trayectoria,4.48,1,405,300,-100,0,1,0
trayectoria,4.48,2,524,593.028,50,-100,0.8,1
trayectoria,4.48,3,276,6.97214,-50,100,0.8,1
trayectoria,4.49,0,400,300,0,0,2,1
trayectoria,4.49,1,405,300,-100,0,1,0
trayectoria,4.49,2,524.5,592.028,50,-100,0.8,1
trayectoria,4.49,3,275.5,7.97214,-50,100,0.8,1
trayectoria,4.5,0,400,300,0,0,2,1
trayectoria,4.5,1,405,300,-100,0,1,0
trayectoria,4.5,2,525,591.028,50,-100,0.8,1
trayectoria,4.5,3,275,8.97214,-50,100,0.8,1
trayectoria,4.51,0,400,300,0,0,2,1
trayectoria,4.51,1,405,300,-100,0,1,0
trayectoria,4.51,2,525.5,590.028,50,-100,0.8,1
trayectoria,4.51,3,274.5,9.97214,-50,100,0.8,1
trayectoria,4.52,0,400,300,0,0,2,1
trayectoria,4.52,1,405,300,-100,0,1,0
trayectoria,4.52,2,526,589.028,50,-100,0.8,1
trayectoria,4.52,3,274,10.9721,-50,100,0.8,1
trayectoria,4.53,0,400,300,0,0,2,1
trayectoria,4.53,1,405,300,-100,0,1,0
trayectoria,4.53,2,526.5,588.028,50,-100,0.8,1
trayectoria,4.53,3,273.5,11.9721,-50,100,0.8,1
trayectoria,4.54,0,400,300,0,0,2,1
trayectoria,4.54,1,405,300,-100,0,1,0
trayectoria,4.54,2,527,587.028,50,-100,0.8,1
trayectoria,4.54,3,273,12.9721,-50,100,0.8,1
trayectoria,4.55,0,400,300,0,0,2,1
trayectoria,4.55,1,405,300,-100,0,1,0
trayectoria,4.55,2,527.5,586.028,50,-100,0.8,1
trayectoria,4.55,3,272.5,13.9721,-50,100,0.8,1
trayectoria,4.56,0,400,300,0,0,2,1
trayectoria,4.56,1,405,300,-100,0,1,0
trayectoria,4.56,2,528,585.028,50,-100,0.8,1
trayectoria,4.56,3,272,14.9721,-50,100,0.8,1
trayectoria,4.57,0,400,300,0,0,2,1
trayectoria,4.57,1,405,300,-100,0,1,0
trayectoria,4.57,2,528.5,584.028,50,-100,0.8,1
trayectoria,4.57,3,271.5,15.9721,-50,100,0.8,1
trayectoria,4.58,0,400,300,0,0,2,1
trayectoria,4.58,1,405,300,-100,0,1,0
trayectoria,4.58,2,529,583.028,50,-100,0.8,1
trayectoria,4.58,3,271,16.9721,-50,100,0.8,1
trayectoria,4.59,0,400,300,0,0,2,1
trayectoria,4.59,1,405,300,-100,0,1,0
trayectoria,4.59,2,529.5,582.028,50,-100,0.8,1
trayectoria,4.59,3,270.5,17.9721,-50,100,0.8,1
trayectoria,4.6,0,400,300,0,0,2,1
trayectoria,4.6,1,405,300,-100,0,1,0
trayectoria,4.6,2,530,581.028,50,-100,0.8,1
trayectoria,4.6,3,270,18.9721,-50,100,0.8,1
trayectoria,4.61,0,400,300,0,0,2,1
trayectoria,4.61,1,405,300,-100,0,1,0
trayectoria,4.61,2,530.5,580.028,50,-100,0.8,1
trayectoria,4.61,3,269.5,19.9721,-50,100,0.8,1
trayectoria,4.62,0,400,300,0,0,2,1
trayectoria,4.62,1,405,300,-100,0,1,0
trayectoria,4.62,2,531,579.028,50,-100,0.8,1
trayectoria,4.62,3,269,20.9721,-50,100,0.8,1
trayectoria,4.63,0,400,300,0,0,2,1
trayectoria,4.63,1,405,300,-100,0,1,0
trayectoria,4.63,2,531.5,578.028,50,-100,0.8,1
trayectoria,4.63,3,268.5,21.9721,-50,100,0.8,1
trayectoria,4.64,0,400,300,0,0,2,1
trayectoria,4.64,1,405,300,-100,0,1,0
trayectoria,4.64,2,532,577.028,50,-100,0.8,1
trayectoria,4.64,3,268,22.9721,-50,100,0.8,1
trayectoria,4.65,0,400,300,0,0,2,1
trayectoria,4.65,1,405,300,-100,0,1,0
trayectoria,4.65,2,532.5,576.028,50,-100,0.8,1
trayectoria,4.65,3,267.5,23.9721,-50,100,0.8,1
trayectoria,4.66,0,400,300,0,0,2,1
trayectoria,4.66,1,405,300,-100,0,1,0
trayectoria,4.66,2,533,575.028,50,-100,0.8,1
trayectoria,4.66,3,267,24.9721,-50,100,0.8,1
trayectoria,4.67,0,400,300,0,0,2,1
trayectoria,4.67,1,405,300,-100,0,1,0
trayectoria,4.67,2,533.5,574.028,50,-100,0.8,1
trayectoria,4.67,3,266.5,25.9721,-50,100,0.8,1
trayectoria,4.68,0,400,300,0,0,2,1
trayectoria,4.68,1,405,300,-100,0,1,0
trayectoria,4.68,2,534,573.028,50,-100,0.8,1
trayectoria,4.68,3,266,26.9721,-50,100,0.8,1
trayectoria,4.69,0,400,300,0,0,2,1
trayectoria,4.69,1,405,300,-100,0,1,0
trayectoria,4.69,2,534.5,572.028,50,-100,0.8,1
trayectoria,4.69,3,265.5,27.9721,-50,100,0.8,1
trayectoria,4.7,0,400,300,0,0,2,1
trayectoria,4.7,1,405,300,-100,0,1,0
trayectoria,4.7,2,535,571.028,50,-100,0.8,1
trayectoria,4.7,3,265,28.9721,-50,100,0.8,1
trayectoria,4.71,0,400,300,0,0,2,1
trayectoria,4.71,1,405,300,-100,0,1,0
trayectoria,4.71,2,535.5,570.028,50,-100,0.8,1
trayectoria,4.71,3,264.5,29.9721,-50,100,0.8,1
trayectoria,4.72,0,400,300,0,0,2,1
trayectoria,4.72,1,405,300,-100,0,1,0
trayectoria,4.72,2,536,569.028,50,-100,0.8,1
trayectoria,4.72,3,264,30.9721,-50,100,0.8,1
trayectoria,4.73,0,400,300,0,0,2,1
trayectoria,4.73,1,405,300,-100,0,1,0
trayectoria,4.73,2,536.5,568.028,50,-100,0.8,1
trayectoria,4.73,3,263.5,31.9721,-50,100,0.8,1
trayectoria,4.74,0,400,300,0,0,2,1
trayectoria,4.74,1,405,300,-100,0,1,0
trayectoria,4.74,2,537,567.028,50,-100,0.8,1
trayectoria,4.74,3,263,32.9721,-50,100,0.8,1
trayectoria,4.75,0,400,300,0,0,2,1
trayectoria,4.75,1,405,300,-100,0,1,0
trayectoria,4.75,2,537.5,566.028,50,-100,0.8,1
trayectoria,4.75,3,262.5,33.9721,-50,100,0.8,1
trayectoria,4.76,0,400,300,0,0,2,1
trayectoria,4.76,1,405,300,-100,0,1,0
trayectoria,4.76,2,538,565.028,50,-100,0.8,1
trayectoria,4.76,3,262,34.9721,-50,100,0.8,1
trayectoria,4.77,0,400,300,0,0,2,1
trayectoria,4.77,1,405,300,-100,0,1,0
trayectoria,4.77,2,538.5,564.028,50,-100,0.8,1
trayectoria,4.77,3,261.5,35.9721,-50,100,0.8,1
trayectoria,4.78,0,400,300,0,0,2,1
trayectoria,4.78,1,405,300,-100,0,1,0
trayectoria,4.78,2,539,563.028,50,-100,0.8,1
trayectoria,4.78,3,261,36.9721,-50,100,0.8,1
trayectoria,4.79,0,400,300,0,0,2,1
trayectoria,4.79,1,405,300,-100,0,1,0
trayectoria,4.79,2,539.5,562.028,50,-100,0.8,1
trayectoria,4.79,3,260.5,37.9721,-50,100,0.8,1
trayectoria,4.8,0,400,300,0,0,2,1
trayectoria,4.8,1,405,300,-100,0,1,0
trayectoria,4.8,2,540,561.028,50,-100,0.8,1
trayectoria,4.8,3,260,38.9721,-50,100,0.8,1
trayectoria,4.81,0,400,300,0,0,2,1
trayectoria,4.81,1,405,300,-100,0,1,0
trayectoria,4.81,2,540.5,560.028,50,-100,0.8,1
trayectoria,4.81,3,259.5,39.9721,-50,100,0.8,1
trayectoria,4.82,0,400,300,0,0,2,1
trayectoria,4.82,1,405,300,-100,0,1,0
trayectoria,4.82,2,541,559.028,50,-100,0.8,1
trayectoria,4.82,3,259,40.9721,-50,100,0.8,1
trayectoria,4.83,0,400,300,0,0,2,1
trayectoria,4.83,1,405,300,-100,0,1,0
trayectoria,4.83,2,541.5,558.028,50,-100,0.8,1
trayectoria,4.83,3,258.5,41.9721,-50,100,0.8,1
trayectoria,4.84,0,400,300,0,0,2,1
trayectoria,4.84,1,405,300,-100,0,1,0
trayectoria,4.84,2,542,557.028,50,-100,0.8,1
trayectoria,4.84,3,258,42.9721,-50,100,0.8,1
trayectoria,4.85,0,400,300,0,0,2,1
trayectoria,4.85,1,405,300,-100,0,1,0
trayectoria,4.85,2,542.5,556.028,50,-100,0.8,1
trayectoria,4.85,3,257.5,43.9721,-50,100,0.8,1
trayectoria,4.86,0,400,300,0,0,2,1
trayectoria,4.86,1,405,300,-100,0,1,0
trayectoria,4.86,2,543,555.028,50,-100,0.8,1
trayectoria,4.86,3,257,44.9721,-50,100,0.8,1
trayectoria,4.87,0,400,300,0,0,2,1
trayectoria,4.87,1,405,300,-100,0,1,0
trayectoria,4.87,2,543.5,554.028,50,-100,0.8,1
trayectoria,4.87,3,256.5,45.9721,-50,100,0.8,1
trayectoria,4.88,0,400,300,0,0,2,1
trayectoria,4.88,1,405,300,-100,0,1,0
trayectoria,4.88,2,544,553.028,50,-100,0.8,1
trayectoria,4.88,3,256,46.9721,-50,100,0.8,1
trayectoria,4.89,0,400,300,0,0,2,1
trayectoria,4.89,1,405,300,-100,0,1,0
trayectoria,4.89,2,544.5,552.028,50,-100,0.8,1
trayectoria,4.89,3,255.5,47.9721,-50,100,0.8,1
trayectoria,4.9,0,400,300,0,0,2,1
trayectoria,4.9,1,405,300,-100,0,1,0
trayectoria,4.9,2,545,551.028,50,-100,0.8,1
trayectoria,4.9,3,255,48.9721,-50,100,0.8,1
trayectoria,4.91,0,400,300,0,0,2,1
trayectoria,4.91,1,405,300,-100,0,1,0
trayectoria,4.91,2,545.5,550.028,50,-100,0.8,1
trayectoria,4.91,3,254.5,49.9721,-50,100,0.8,1
trayectoria,4.92,0,400,300,0,0,2,1
trayectoria,4.92,1,405,300,-100,0,1,0
trayectoria,4.92,2,546,549.028,50,-100,0.8,1
trayectoria,4.92,3,254,50.9721,-50,100,0.8,1
trayectoria,4.93,0,400,300,0,0,2,1
trayectoria,4.93,1,405,300,-100,0,1,0
trayectoria,4.93,2,546.5,548.028,50,-100,0.8,1
trayectoria,4.93,3,253.5,51.9721,-50,100,0.8,1
trayectoria,4.94,0,400,300,0,0,2,1
trayectoria,4.94,1,405,300,-100,0,1,0
trayectoria,4.94,2,547,547.028,50,-100,0.8,1
trayectoria,4.94,3,253,52.9721,-50,100,0.8,1
trayectoria,4.95,0,400,300,0,0,2,1
trayectoria,4.95,1,405,300,-100,0,1,0
trayectoria,4.95,2,547.5,546.028,50,-100,0.8,1
trayectoria,4.95,3,252.5,53.9721,-50,100,0.8,1
trayectoria,4.96,0,400,300,0,0,2,1
trayectoria,4.96,1,405,300,-100,0,1,0
trayectoria,4.96,2,548,545.028,50,-100,0.8,1
trayectoria,4.96,3,252,54.9721,-50,100,0.8,1
trayectoria,4.97,0,400,300,0,0,2,1
trayectoria,4.97,1,405,300,-100,0,1,0
trayectoria,4.97,2,548.5,544.028,50,-100,0.8,1
trayectoria,4.97,3,251.5,55.9721,-50,100,0.8,1
trayectoria,4.98,0,400,300,0,0,2,1
trayectoria,4.98,1,405,300,-100,0,1,0
trayectoria,4.98,2,549,543.028,50,-100,0.8,1
trayectoria,4.98,3,251,56.9721,-50,100,0.8,1
trayectoria,4.99,0,400,300,0,0,2,1
trayectoria,4.99,1,405,300,-100,0,1,0
trayectoria,4.99,2,549.5,542.028,50,-100,0.8,1
trayectoria,4.99,3,250.5,57.9721,-50,100,0.8,1
trayectoria,5,0,400,300,0,0,2,1
trayectoria,5,1,405,300,-100,0,1,0
trayectoria,5,2,550,541.028,50,-100,0.8,1
trayectoria,5,3,250,58.9721,-50,100,0.8,1
trayectoria,5.01,0,400,300,0,0,2,1
trayectoria,5.01,1,405,300,-100,0,1,0
trayectoria,5.01,2,550.5,540.028,50,-100,0.8,1
trayectoria,5.01,3,249.5,59.9721,-50,100,0.8,1
trayectoria,5.02,0,400,300,0,0,2,1
trayectoria,5.02,1,405,300,-100,0,1,0
trayectoria,5.02,2,551,539.028,50,-100,0.8,1
trayectoria,5.02,3,249,60.9721,-50,100,0.8,1
trayectoria,5.03,0,400,300,0,0,2,1
trayectoria,5.03,1,405,300,-100,0,1,0
trayectoria,5.03,2,551.5,538.028,50,-100,0.8,1
trayectoria,5.03,3,248.5,61.9721,-50,100,0.8,1
trayectoria,5.04,0,400,300,0,0,2,1
trayectoria,5.04,1,405,300,-100,0,1,0
trayectoria,5.04,2,552,537.028,50,-100,0.8,1
trayectoria,5.04,3,248,62.9721,-50,100,0.8,1
trayectoria,5.05,0,400,300,0,0,2,1
trayectoria,5.05,1,405,300,-100,0,1,0
trayectoria,5.05,2,552.5,536.028,50,-100,0.8,1
trayectoria,5.05,3,247.5,63.9721,-50,100,0.8,1
trayectoria,5.06,0,400,300,0,0,2,1
trayectoria,5.06,1,405,300,-100,0,1,0
trayectoria,5.06,2,553,535.028,50,-100,0.8,1
trayectoria,5.06,3,247,64.9721,-50,100,0.8,1
trayectoria,5.07,0,400,300,0,0,2,1
trayectoria,5.07,1,405,300,-100,0,1,0
trayectoria,5.07,2,553.5,534.028,50,-100,0.8,1
trayectoria,5.07,3,246.5,65.9721,-50,100,0.8,1
trayectoria,5.08,0,400,300,0,0,2,1
trayectoria,5.08,1,405,300,-100,0,1,0
trayectoria,5.08,2,554,533.028,50,-100,0.8,1
trayectoria,5.08,3,246,66.9721,-50,100,0.8,1
trayectoria,5.09,0,400,300,0,0,2,1
trayectoria,5.09,1,405,300,-100,0,1,0
trayectoria,5.09,2,554.5,532.028,50,-100,0.8,1
trayectoria,5.09,3,245.5,67.9721,-50,100,0.8,1
trayectoria,5.1,0,400,300,0,0,2,1
trayectoria,5.1,1,405,300,-100,0,1,0
trayectoria,5.1,2,555,531.028,50,-100,0.8,1
trayectoria,5.1,3,245,68.9721,-50,100,0.8,1
trayectoria,5.11,0,400,300,0,0,2,1
trayectoria,5.11,1,405,300,-100,0,1,0
trayectoria,5.11,2,555.5,530.028,50,-100,0.8,1
trayectoria,5.11,3,244.5,69.9721,-50,100,0.8,1
trayectoria,5.12,0,400,300,0,0,2,1
trayectoria,5.12,1,405,300,-100,0,1,0
trayectoria,5.12,2,556,529.028,50,-100,0.8,1
trayectoria,5.12,3,244,70.9721,-50,100,0.8,1
trayectoria,5.13,0,400,300,0,0,2,1
trayectoria,5.13,1,405,300,-100,0,1,0
trayectoria,5.13,2,556.5,528.028,50,-100,0.8,1
trayectoria,5.13,3,243.5,71.9721,-50,100,0.8,1
trayectoria,5.14,0,400,300,0,0,2,1
trayectoria,5.14,1,405,300,-100,0,1,0
trayectoria,5.14,2,557,527.028,50,-100,0.8,1
trayectoria,5.14,3,243,72.9721,-50,100,0.8,1
trayectoria,5.15,0,400,300,0,0,2,1
trayectoria,5.15,1,405,300,-100,0,1,0
trayectoria,5.15,2,557.5,526.028,50,-100,0.8,1
trayectoria,5.15,3,242.5,73.9721,-50,100,0.8,1
trayectoria,5.16,0,400,300,0,0,2,1
trayectoria,5.16,1,405,300,-100,0,1,0
trayectoria,5.16,2,558,525.028,50,-100,0.8,1
trayectoria,5.16,3,242,74.9721,-50,100,0.8,1
trayectoria,5.17,0,400,300,0,0,2,1
trayectoria,5.17,1,405,300,-100,0,1,0
trayectoria,5.17,2,558.5,524.028,50,-100,0.8,1
trayectoria,5.17,3,241.5,75.9721,-50,100,0.8,1
trayectoria,5.18,0,400,300,0,0,2,1
trayectoria,5.18,1,405,300,-100,0,1,0
trayectoria,5.18,2,559,523.028,50,-100,0.8,1
trayectoria,5.18,3,241,76.9721,-50,100,0.8,1
trayectoria,5.19,0,400,300,0,0,2,1
trayectoria,5.19,1,405,300,-100,0,1,0
trayectoria,5.19,2,559.5,522.028,50,-100,0.8,1
trayectoria,5.19,3,240.5,77.9721,-50,100,0.8,1
trayectoria,5.2,0,400,300,0,0,2,1
trayectoria,5.2,1,405,300,-100,0,1,0
trayectoria,5.2,2,560,521.028,50,-100,0.8,1
trayectoria,5.2,3,240,78.9721,-50,100,0.8,1
trayectoria,5.21,0,400,300,0,0,2,1
trayectoria,5.21,1,405,300,-100,0,1,0
trayectoria,5.21,2,560.5,520.028,50,-100,0.8,1
trayectoria,5.21,3,239.5,79.9721,-50,100,0.8,1
trayectoria,5.22,0,400,300,0,0,2,1
trayectoria,5.22,1,405,300,-100,0,1,0
trayectoria,5.22,2,561,519.028,50,-100,0.8,1
trayectoria,5.22,3,239,80.9721,-50,100,0.8,1
trayectoria,5.23,0,400,300,0,0,2,1
trayectoria,5.23,1,405,300,-100,0,1,0
trayectoria,5.23,2,561.5,518.028,50,-100,0.8,1
trayectoria,5.23,3,238.5,81.9721,-50,100,0.8,1
trayectoria,5.24,0,400,300,0,0,2,1
trayectoria,5.24,1,405,300,-100,0,1,0
trayectoria,5.24,2,562,517.028,50,-100,0.8,1
trayectoria,5.24,3,238,82.9721,-50,100,0.8,1
trayectoria,5.25,0,400,300,0,0,2,1
trayectoria,5.25,1,405,300,-100,0,1,0
trayectoria,5.25,2,562.5,516.028,50,-100,0.8,1
trayectoria,5.25,3,237.5,83.9721,-50,100,0.8,1
trayectoria,5.26,0,400,300,0,0,2,1
trayectoria,5.26,1,405,300,-100,0,1,0
trayectoria,5.26,2,563,515.028,50,-100,0.8,1
trayectoria,5.26,3,237,84.9721,-50,100,0.8,1
trayectoria,5.27,0,400,300,0,0,2,1
trayectoria,5.27,1,405,300,-100,0,1,0
trayectoria,5.27,2,563.5,514.028,50,-100,0.8,1
trayectoria,5.27,3,236.5,85.9721,-50,100,0.8,1
trayectoria,5.28,0,400,300,0,0,2,1
trayectoria,5.28,1,405,300,-100,0,1,0
trayectoria,5.28,2,564,513.028,50,-100,0.8,1
trayectoria,5.28,3,236,86.9721,-50,100,0.8,1
trayectoria,5.29,0,400,300,0,0,2,1
trayectoria,5.29,1,405,300,-100,0,1,0
trayectoria,5.29,2,564.5,512.028,50,-100,0.8,1
trayectoria,5.29,3,235.5,87.9721,-50,100,0.8,1
trayectoria,5.3,0,400,300,0,0,2,1
trayectoria,5.3,1,405,300,-100,0,1,0
trayectoria,5.3,2,565,511.028,50,-100,0.8,1
trayectoria,5.3,3,235,88.9721,-50,100,0.8,1
trayectoria,5.31,0,400,300,0,0,2,1
trayectoria,5.31,1,405,300,-100,0,1,0
trayectoria,5.31,2,565.5,510.028,50,-100,0.8,1
trayectoria,5.31,3,234.5,89.9721,-50,100,0.8,1
trayectoria,5.32,0,400,300,0,0,2,1
trayectoria,5.32,1,405,300,-100,0,1,0
trayectoria,5.32,2,566,509.028,50,-100,0.8,1
trayectoria,5.32,3,234,90.9721,-50,100,0.8,1
trayectoria,5.33,0,400,300,0,0,2,1
trayectoria,5.33,1,405,300,-100,0,1,0
trayectoria,5.33,2,566.5,508.028,50,-100,0.8,1
trayectoria,5.33,3,233.5,91.9721,-50,100,0.8,1
trayectoria,5.34,0,400,300,0,0,2,1
trayectoria,5.34,1,405,300,-100,0,1,0
trayectoria,5.34,2,567,507.028,50,-100,0.8,1
trayectoria,5.34,3,233,92.9721,-50,100,0.8,1
trayectoria,5.35,0,400,300,0,0,2,1
trayectoria,5.35,1,405,300,-100,0,1,0
trayectoria,5.35,2,567.5,506.028,50,-100,0.8,1
trayectoria,5.35,3,232.5,93.9721,-50,100,0.8,1
trayectoria,5.36,0,400,300,0,0,2,1
trayectoria,5.36,1,405,300,-100,0,1,0
trayectoria,5.36,2,568,505.028,50,-100,0.8,1
trayectoria,5.36,3,232,94.9721,-50,100,0.8,1
trayectoria,5.37,0,400,300,0,0,2,1
trayectoria,5.37,1,405,300,-100,0,1,0
trayectoria,5.37,2,568.5,504.028,50,-100,0.8,1
trayectoria,5.37,3,231.5,95.9721,-50,100,0.8,1
trayectoria,5.38,0,400,300,0,0,2,1
trayectoria,5.38,1,405,300,-100,0,1,0
trayectoria,5.38,2,569,503.028,50,-100,0.8,1
trayectoria,5.38,3,231,96.9721,-50,100,0.8,1
trayectoria,5.39,0,400,300,0,0,2,1
trayectoria,5.39,1,405,300,-100,0,1,0
trayectoria,5.39,2,569.5,502.028,50,-100,0.8,1
trayectoria,5.39,3,230.5,97.9721,-50,100,0.8,1
trayectoria,5.4,0,400,300,0,0,2,1
trayectoria,5.4,1,405,300,-100,0,1,0
trayectoria,5.4,2,570,501.028,50,-100,0.8,1
trayectoria,5.4,3,230,98.9721,-50,100,0.8,1
trayectoria,5.41,0,400,300,0,0,2,1
trayectoria,5.41,1,405,300,-100,0,1,0
trayectoria,5.41,2,570.5,500.028,50,-100,0.8,1
trayectoria,5.41,3,229.5,99.9721,-50,100,0.8,1
trayectoria,5.42,0,400,300,0,0,2,1
trayectoria,5.42,1,405,300,-100,0,1,0
trayectoria,5.42,2,571,499.028,50,-100,0.8,1
trayectoria,5.42,3,229,100.972,-50,100,0.8,1
trayectoria,5.43,0,400,300,0,0,2,1
trayectoria,5.43,1,405,300,-100,0,1,0
trayectoria,5.43,2,571.5,498.028,50,-100,0.8,1
trayectoria,5.43,3,228.5,101.972,-50,100,0.8,1
trayectoria,5.44,0,400,300,0,0,2,1
trayectoria,5.44,1,405,300,-100,0,1,0
trayectoria,5.44,2,572,497.028,50,-100,0.8,1
trayectoria,5.44,3,228,102.972,-50,100,0.8,1
trayectoria,5.45,0,400,300,0,0,2,1
trayectoria,5.45,1,405,300,-100,0,1,0
trayectoria,5.45,2,572.5,496.028,50,-100,0.8,1
trayectoria,5.45,3,227.5,103.972,-50,100,0.8,1
trayectoria,5.46,0,400,300,0,0,2,1
trayectoria,5.46,1,405,300,-100,0,1,0
trayectoria,5.46,2,573,495.028,50,-100,0.8,1
trayectoria,5.46,3,227,104.972,-50,100,0.8,1
trayectoria,5.47,0,400,300,0,0,2,1
trayectoria,5.47,1,405,300,-100,0,1,0
trayectoria,5.47,2,573.5,494.028,50,-100,0.8,1
trayectoria,5.47,3,226.5,105.972,-50,100,0.8,1
trayectoria,5.48,0,400,300,0,0,2,1
trayectoria,5.48,1,405,300,-100,0,1,0
trayectoria,5.48,2,574,493.028,50,-100,0.8,1
trayectoria,5.48,3,226,106.972,-50,100,0.8,1
trayectoria,5.49,0,400,300,0,0,2,1
trayectoria,5.49,1,405,300,-100,0,1,0
trayectoria,5.49,2,574.5,492.028,50,-100,0.8,1
trayectoria,5.49,3,225.5,107.972,-50,100,0.8,1
trayectoria,5.5,0,400,300,0,0,2,1
trayectoria,5.5,1,405,300,-100,0,1,0
trayectoria,5.5,2,575,491.028,50,-100,0.8,1
trayectoria,5.5,3,225,108.972,-50,100,0.8,1
trayectoria,5.51,0,400,300,0,0,2,1
trayectoria,5.51,1,405,300,-100,0,1,0
trayectoria,5.51,2,575.5,490.028,50,-100,0.8,1
trayectoria,5.51,3,224.5,109.972,-50,100,0.8,1
trayectoria,5.52,0,400,300,0,0,2,1
trayectoria,5.52,1,405,300,-100,0,1,0
trayectoria,5.52,2,576,489.028,50,-100,0.8,1
trayectoria,5.52,3,224,110.972,-50,100,0.8,1
trayectoria,5.53,0,400,300,0,0,2,1
trayectoria,5.53,1,405,300,-100,0,1,0
trayectoria,5.53,2,576.5,488.028,50,-100,0.8,1
trayectoria,5.53,3,223.5,111.972,-50,100,0.8,1
trayectoria,5.54,0,400,300,0,0,2,1
trayectoria,5.54,1,405,300,-100,0,1,0
trayectoria,5.54,2,577,487.028,50,-100,0.8,1
trayectoria,5.54,3,223,112.972,-50,100,0.8,1
trayectoria,5.55,0,400,300,0,0,2,1
trayectoria,5.55,1,405,300,-100,0,1,0
trayectoria,5.55,2,577.5,486.028,50,-100,0.8,1
trayectoria,5.55,3,222.5,113.972,-50,100,0.8,1
trayectoria,5.56,0,400,300,0,0,2,1
trayectoria,5.56,1,405,300,-100,0,1,0
trayectoria,5.56,2,578,485.028,50,-100,0.8,1
trayectoria,5.56,3,222,114.972,-50,100,0.8,1
trayectoria,5.57,0,400,300,0,0,2,1
trayectoria,5.57,1,405,300,-100,0,1,0
trayectoria,5.57,2,578.5,484.028,50,-100,0.8,1
trayectoria,5.57,3,221.5,115.972,-50,100,0.8,1
trayectoria,5.58,0,400,300,0,0,2,1
trayectoria,5.58,1,405,300,-100,0,1,0
trayectoria,5.58,2,579,483.028,50,-100,0.8,1
trayectoria,5.58,3,221,116.972,-50,100,0.8,1
trayectoria,5.59,0,400,300,0,0,2,1
trayectoria,5.59,1,405,300,-100,0,1,0
trayectoria,5.59,2,579.5,482.028,50,-100,0.8,1
trayectoria,5.59,3,220.5,117.972,-50,100,0.8,1
trayectoria,5.6,0,400,300,0,0,2,1
trayectoria,5.6,1,405,300,-100,0,1,0
trayectoria,5.6,2,580,481.028,50,-100,0.8,1
trayectoria,5.6,3,220,118.972,-50,100,0.8,1
trayectoria,5.61,0,400,300,0,0,2,1
trayectoria,5.61,1,405,300,-100,0,1,0
trayectoria,5.61,2,580.5,480.028,50,-100,0.8,1
trayectoria,5.61,3,219.5,119.972,-50,100,0.8,1
trayectoria,5.62,0,400,300,0,0,2,1
trayectoria,5.62,1,405,300,-100,0,1,0
trayectoria,5.62,2,581,479.028,50,-100,0.8,1
trayectoria,5.62,3,219,120.972,-50,100,0.8,1
trayectoria,5.63,0,400,300,0,0,2,1
trayectoria,5.63,1,405,300,-100,0,1,0
trayectoria,5.63,2,581.5,478.028,50,-100,0.8,1
trayectoria,5.63,3,218.5,121.972,-50,100,0.8,1
trayectoria,5.64,0,400,300,0,0,2,1
trayectoria,5.64,1,405,300,-100,0,1,0
trayectoria,5.64,2,582,477.028,50,-100,0.8,1
trayectoria,5.64,3,218,122.972,-50,100,0.8,1
trayectoria,5.65,0,400,300,0,0,2,1
trayectoria,5.65,1,405,300,-100,0,1,0
trayectoria,5.65,2,582.5,476.028,50,-100,0.8,1
trayectoria,5.65,3,217.5,123.972,-50,100,0.8,1
trayectoria,5.66,0,400,300,0,0,2,1
trayectoria,5.66,1,405,300,-100,0,1,0
trayectoria,5.66,2,583,475.028,50,-100,0.8,1
trayectoria,5.66,3,217,124.972,-50,100,0.8,1
trayectoria,5.67,0,400,300,0,0,2,1
trayectoria,5.67,1,405,300,-100,0,1,0
trayectoria,5.67,2,583.5,474.028,50,-100,0.8,1
trayectoria,5.67,3,216.5,125.972,-50,100,0.8,1
trayectoria,5.68,0,400,300,0,0,2,1
trayectoria,5.68,1,405,300,-100,0,1,0
trayectoria,5.68,2,584,473.028,50,-100,0.8,1
trayectoria,5.68,3,216,126.972,-50,100,0.8,1
trayectoria,5.69,0,400,300,0,0,2,1
trayectoria,5.69,1,405,300,-100,0,1,0
trayectoria,5.69,2,584.5,472.028,50,-100,0.8,1
trayectoria,5.69,3,215.5,127.972,-50,100,0.8,1
trayectoria,5.7,0,400,300,0,0,2,1
trayectoria,5.7,1,405,300,-100,0,1,0
trayectoria,5.7,2,585,471.028,50,-100,0.8,1
trayectoria,5.7,3,215,128.972,-50,100,0.8,1
trayectoria,5.71,0,400,300,0,0,2,1
trayectoria,5.71,1,405,300,-100,0,1,0
trayectoria,5.71,2,585.5,470.028,50,-100,0.8,1
trayectoria,5.71,3,214.5,129.972,-50,100,0.8,1
trayectoria,5.72,0,400,300,0,0,2,1
trayectoria,5.72,1,405,300,-100,0,1,0
trayectoria,5.72,2,586,469.028,50,-100,0.8,1
trayectoria,5.72,3,214,130.972,-50,100,0.8,1
trayectoria,5.73,0,400,300,0,0,2,1
trayectoria,5.73,1,405,300,-100,0,1,0
trayectoria,5.73,2,586.5,468.028,50,-100,0.8,1
trayectoria,5.73,3,213.5,131.972,-50,100,0.8,1
trayectoria,5.74,0,400,300,0,0,2,1
trayectoria,5.74,1,405,300,-100,0,1,0
trayectoria,5.74,2,587,467.028,50,-100,0.8,1
trayectoria,5.74,3,213,132.972,-50,100,0.8,1
trayectoria,5.75,0,400,300,0,0,2,1
trayectoria,5.75,1,405,300,-100,0,1,0
trayectoria,5.75,2,587.5,466.028,50,-100,0.8,1
trayectoria,5.75,3,212.5,133.972,-50,100,0.8,1
trayectoria,5.76,0,400,300,0,0,2,1
trayectoria,5.76,1,405,300,-100,0,1,0
trayectoria,5.76,2,588,465.028,50,-100,0.8,1
trayectoria,5.76,3,212,134.972,-50,100,0.8,1
trayectoria,5.77,0,400,300,0,0,2,1
trayectoria,5.77,1,405,300,-100,0,1,0
trayectoria,5.77,2,588.5,464.028,50,-100,0.8,1
trayectoria,5.77,3,211.5,135.972,-50,100,0.8,1
trayectoria,5.78,0,400,300,0,0,2,1
trayectoria,5.78,1,405,300,-100,0,1,0
trayectoria,5.78,2,589,463.028,50,-100,0.8,1
trayectoria,5.78,3,211,136.972,-50,100,0.8,1
trayectoria,5.79,0,400,300,0,0,2,1
trayectoria,5.79,1,405,300,-100,0,1,0
trayectoria,5.79,2,589.5,462.028,50,-100,0.8,1
trayectoria,5.79,3,210.5,137.972,-50,100,0.8,1
trayectoria,5.8,0,400,300,0,0,2,1
trayectoria,5.8,1,405,300,-100,0,1,0
trayectoria,5.8,2,590,461.028,50,-100,0.8,1
trayectoria,5.8,3,210,138.972,-50,100,0.8,1
trayectoria,5.81,0,400,300,0,0,2,1
trayectoria,5.81,1,405,300,-100,0,1,0
trayectoria,5.81,2,590.5,460.028,50,-100,0.8,1
trayectoria,5.81,3,209.5,139.972,-50,100,0.8,1
trayectoria,5.82,0,400,300,0,0,2,1
trayectoria,5.82,1,405,300,-100,0,1,0
trayectoria,5.82,2,591,459.028,50,-100,0.8,1
trayectoria,5.82,3,209,140.972,-50,100,0.8,1
trayectoria,5.83,0,400,300,0,0,2,1
trayectoria,5.83,1,405,300,-100,0,1,0
trayectoria,5.83,2,591.5,458.028,50,-100,0.8,1
trayectoria,5.83,3,208.5,141.972,-50,100,0.8,1
trayectoria,5.84,0,400,300,0,0,2,1
trayectoria,5.84,1,405,300,-100,0,1,0
trayectoria,5.84,2,592,457.028,50,-100,0.8,1
trayectoria,5.84,3,208,142.972,-50,100,0.8,1
trayectoria,5.85,0,400,300,0,0,2,1
trayectoria,5.85,1,405,300,-100,0,1,0
trayectoria,5.85,2,592.5,456.028,50,-100,0.8,1
trayectoria,5.85,3,207.5,143.972,-50,100,0.8,1
trayectoria,5.86,0,400,300,0,0,2,1
trayectoria,5.86,1,405,300,-100,0,1,0
trayectoria,5.86,2,593,455.028,50,-100,0.8,1
trayectoria,5.86,3,207,144.972,-50,100,0.8,1
trayectoria,5.87,0,400,300,0,0,2,1
trayectoria,5.87,1,405,300,-100,0,1,0
trayectoria,5.87,2,593.5,454.028,50,-100,0.8,1
trayectoria,5.87,3,206.5,145.972,-50,100,0.8,1
trayectoria,5.88,0,400,300,0,0,2,1
trayectoria,5.88,1,405,300,-100,0,1,0
trayectoria,5.88,2,594,453.028,50,-100,0.8,1
trayectoria,5.88,3,206,146.972,-50,100,0.8,1
trayectoria,5.89,0,400,300,0,0,2,1
trayectoria,5.89,1,405,300,-100,0,1,0
trayectoria,5.89,2,594.5,452.028,50,-100,0.8,1
trayectoria,5.89,3,205.5,147.972,-50,100,0.8,1
trayectoria,5.9,0,400,300,0,0,2,1
trayectoria,5.9,1,405,300,-100,0,1,0
trayectoria,5.9,2,595,451.028,50,-100,0.8,1
trayectoria,5.9,3,205,148.972,-50,100,0.8,1
trayectoria,5.91,0,400,300,0,0,2,1
trayectoria,5.91,1,405,300,-100,0,1,0
trayectoria,5.91,2,595.5,450.028,50,-100,0.8,1
trayectoria,5.91,3,204.5,149.972,-50,100,0.8,1
trayectoria,5.92,0,400,300,0,0,2,1
trayectoria,5.92,1,405,300,-100,0,1,0
trayectoria,5.92,2,596,449.028,50,-100,0.8,1
trayectoria,5.92,3,204,150.972,-50,100,0.8,1
trayectoria,5.93,0,400,300,0,0,2,1
trayectoria,5.93,1,405,300,-100,0,1,0
trayectoria,5.93,2,596.5,448.028,50,-100,0.8,1
trayectoria,5.93,3,203.5,151.972,-50,100,0.8,1
trayectoria,5.94,0,400,300,0,0,2,1
trayectoria,5.94,1,405,300,-100,0,1,0
trayectoria,5.94,2,597,447.028,50,-100,0.8,1
trayectoria,5.94,3,203,152.972,-50,100,0.8,1
trayectoria,5.95,0,400,300,0,0,2,1
trayectoria,5.95,1,405,300,-100,0,1,0
trayectoria,5.95,2,597.5,446.028,50,-100,0.8,1
trayectoria,5.95,3,202.5,153.972,-50,100,0.8,1
trayectoria,5.96,0,400,300,0,0,2,1
trayectoria,5.96,1,405,300,-100,0,1,0
trayectoria,5.96,2,598,445.028,50,-100,0.8,1
trayectoria,5.96,3,202,154.972,-50,100,0.8,1
trayectoria,5.97,0,400,300,0,0,2,1
trayectoria,5.97,1,405,300,-100,0,1,0
trayectoria,5.97,2,598.5,444.028,50,-100,0.8,1
trayectoria,5.97,3,201.5,155.972,-50,100,0.8,1
trayectoria,5.98,0,400,300,0,0,2,1
trayectoria,5.98,1,405,300,-100,0,1,0
trayectoria,5.98,2,599,443.028,50,-100,0.8,1
trayectoria,5.98,3,201,156.972,-50,100,0.8,1
trayectoria,5.99,0,400,300,0,0,2,1
trayectoria,5.99,1,405,300,-100,0,1,0
trayectoria,5.99,2,599.5,442.028,50,-100,0.8,1
trayectoria,5.99,3,200.5,157.972,-50,100,0.8,1
trayectoria,6,0,400,300,0,0,2,1
trayectoria,6,1,405,300,-100,0,1,0
trayectoria,6,2,600,441.028,50,-100,0.8,1
trayectoria,6,3,200,158.972,-50,100,0.8,1
trayectoria,6.01,0,400,300,0,0,2,1
trayectoria,6.01,1,405,300,-100,0,1,0
trayectoria,6.01,2,600.5,440.028,50,-100,0.8,1
trayectoria,6.01,3,199.5,159.972,-50,100,0.8,1
trayectoria,6.02,0,400,300,0,0,2,1
trayectoria,6.02,1,405,300,-100,0,1,0
trayectoria,6.02,2,601,439.028,50,-100,0.8,1
trayectoria,6.02,3,199,160.972,-50,100,0.8,1
trayectoria,6.03,0,400,300,0,0,2,1
trayectoria,6.03,1,405,300,-100,0,1,0
trayectoria,6.03,2,601.5,438.028,50,-100,0.8,1
trayectoria,6.03,3,198.5,161.972,-50,100,0.8,1
trayectoria,6.04,0,400,300,0,0,2,1
trayectoria,6.04,1,405,300,-100,0,1,0
trayectoria,6.04,2,602,437.028,50,-100,0.8,1
trayectoria,6.04,3,198,162.972,-50,100,0.8,1
trayectoria,6.05,0,400,300,0,0,2,1
trayectoria,6.05,1,405,300,-100,0,1,0
trayectoria,6.05,2,602.5,436.028,50,-100,0.8,1
trayectoria,6.05,3,197.5,163.972,-50,100,0.8,1
trayectoria,6.06,0,400,300,0,0,2,1
trayectoria,6.06,1,405,300,-100,0,1,0
trayectoria,6.06,2,603,435.028,50,-100,0.8,1
trayectoria,6.06,3,197,164.972,-50,100,0.8,1
trayectoria,6.07,0,400,300,0,0,2,1
trayectoria,6.07,1,405,300,-100,0,1,0
trayectoria,6.07,2,603.5,434.028,50,-100,0.8,1
trayectoria,6.07,3,196.5,165.972,-50,100,0.8,1
trayectoria,6.08,0,400,300,0,0,2,1
trayectoria,6.08,1,405,300,-100,0,1,0
trayectoria,6.08,2,604,433.028,50,-100,0.8,1
trayectoria,6.08,3,196,166.972,-50,100,0.8,1
trayectoria,6.09,0,400,300,0,0,2,1
trayectoria,6.09,1,405,300,-100,0,1,0
trayectoria,6.09,2,604.5,432.028,50,-100,0.8,1
trayectoria,6.09,3,195.5,167.972,-50,100,0.8,1
trayectoria,6.1,0,400,300,0,0,2,1
trayectoria,6.1,1,405,300,-100,0,1,0
trayectoria,6.1,2,605,431.028,50,-100,0.8,1
trayectoria,6.1,3,195,168.972,-50,100,0.8,1
trayectoria,6.11,0,400,300,0,0,2,1
trayectoria,6.11,1,405,300,-100,0,1,0
trayectoria,6.11,2,605.5,430.028,50,-100,0.8,1
trayectoria,6.11,3,194.5,169.972,-50,100,0.8,1
trayectoria,6.12,0,400,300,0,0,2,1
trayectoria,6.12,1,405,300,-100,0,1,0
trayectoria,6.12,2,606,429.028,50,-100,0.8,1
trayectoria,6.12,3,194,170.972,-50,100,0.8,1
trayectoria,6.13,0,400,300,0,0,2,1
trayectoria,6.13,1,405,300,-100,0,1,0
trayectoria,6.13,2,606.5,428.028,50,-100,0.8,1
trayectoria,6.13,3,193.5,171.972,-50,100,0.8,1
trayectoria,6.14,0,400,300,0,0,2,1
trayectoria,6.14,1,405,300,-100,0,1,0
trayectoria,6.14,2,607,427.028,50,-100,0.8,1
trayectoria,6.14,3,193,172.972,-50,100,0.8,1
trayectoria,6.15,0,400,300,0,0,2,1
trayectoria,6.15,1,405,300,-100,0,1,0
trayectoria,6.15,2,607.5,426.028,50,-100,0.8,1
trayectoria,6.15,3,192.5,173.972,-50,100,0.8,1
trayectoria,6.16,0,400,300,0,0,2,1
trayectoria,6.16,1,405,300,-100,0,1,0
trayectoria,6.16,2,608,425.028,50,-100,0.8,1
trayectoria,6.16,3,192,174.972,-50,100,0.8,1
trayectoria,6.17,0,400,300,0,0,2,1
trayectoria,6.17,1,405,300,-100,0,1,0
trayectoria,6.17,2,608.5,424.028,50,-100,0.8,1
trayectoria,6.17,3,191.5,175.972,-50,100,0.8,1
trayectoria,6.18,0,400,300,0,0,2,1
trayectoria,6.18,1,405,300,-100,0,1,0
trayectoria,6.18,2,609,423.028,50,-100,0.8,1
trayectoria,6.18,3,191,176.972,-50,100,0.8,1
trayectoria,6.19,0,400,300,0,0,2,1
trayectoria,6.19,1,405,300,-100,0,1,0
trayectoria,6.19,2,609.5,422.028,50,-100,0.8,1
trayectoria,6.19,3,190.5,177.972,-50,100,0.8,1
trayectoria,6.2,0,400,300,0,0,2,1
trayectoria,6.2,1,405,300,-100,0,1,0
trayectoria,6.2,2,610,421.028,50,-100,0.8,1
trayectoria,6.2,3,190,178.972,-50,100,0.8,1
trayectoria,6.21,0,400,300,0,0,2,1
trayectoria,6.21,1,405,300,-100,0,1,0
trayectoria,6.21,2,610.5,420.028,50,-100,0.8,1
trayectoria,6.21,3,189.5,179.972,-50,100,0.8,1
trayectoria,6.22,0,400,300,0,0,2,1
trayectoria,6.22,1,405,300,-100,0,1,0
trayectoria,6.22,2,611,419.028,50,-100,0.8,1
trayectoria,6.22,3,189,180.972,-50,100,0.8,1
trayectoria,6.23,0,400,300,0,0,2,1
trayectoria,6.23,1,405,300,-100,0,1,0
trayectoria,6.23,2,611.5,418.028,50,-100,0.8,1
trayectoria,6.23,3,188.5,181.972,-50,100,0.8,1
trayectoria,6.24,0,400,300,0,0,2,1
trayectoria,6.24,1,405,300,-100,0,1,0
trayectoria,6.24,2,612,417.028,50,-100,0.8,1
trayectoria,6.24,3,188,182.972,-50,100,0.8,1
trayectoria,6.25,0,400,300,0,0,2,1
trayectoria,6.25,1,405,300,-100,0,1,0
trayectoria,6.25,2,612.5,416.028,50,-100,0.8,1
trayectoria,6.25,3,187.5,183.972,-50,100,0.8,1
trayectoria,6.26,0,400,300,0,0,2,1
trayectoria,6.26,1,405,300,-100,0,1,0
trayectoria,6.26,2,613,415.028,50,-100,0.8,1
trayectoria,6.26,3,187,184.972,-50,100,0.8,1
trayectoria,6.27,0,400,300,0,0,2,1
trayectoria,6.27,1,405,300,-100,0,1,0
trayectoria,6.27,2,613.5,414.028,50,-100,0.8,1
trayectoria,6.27,3,186.5,185.972,-50,100,0.8,1
trayectoria,6.28,0,400,300,0,0,2,1
trayectoria,6.28,1,405,300,-100,0,1,0
trayectoria,6.28,2,614,413.028,50,-100,0.8,1
trayectoria,6.28,3,186,186.972,-50,100,0.8,1
trayectoria,6.29,0,400,300,0,0,2,1
trayectoria,6.29,1,405,300,-100,0,1,0
trayectoria,6.29,2,614.5,412.028,50,-100,0.8,1
trayectoria,6.29,3,185.5,187.972,-50,100,0.8,1
trayectoria,6.3,0,400,300,0,0,2,1
trayectoria,6.3,1,405,300,-100,0,1,0
trayectoria,6.3,2,615,411.028,50,-100,0.8,1
trayectoria,6.3,3,185,188.972,-50,100,0.8,1
trayectoria,6.31,0,400,300,0,0,2,1
trayectoria,6.31,1,405,300,-100,0,1,0
trayectoria,6.31,2,615.5,410.028,50,-100,0.8,1
trayectoria,6.31,3,184.5,189.972,-50,100,0.8,1
trayectoria,6.32,0,400,300,0,0,2,1
trayectoria,6.32,1,405,300,-100,0,1,0
trayectoria,6.32,2,616,409.028,50,-100,0.8,1
trayectoria,6.32,3,184,190.972,-50,100,0.8,1
trayectoria,6.33,0,400,300,0,0,2,1
trayectoria,6.33,1,405,300,-100,0,1,0
trayectoria,6.33,2,616.5,408.028,50,-100,0.8,1
trayectoria,6.33,3,183.5,191.972,-50,100,0.8,1
trayectoria,6.34,0,400,300,0,0,2,1
trayectoria,6.34,1,405,300,-100,0,1,0
trayectoria,6.34,2,617,407.028,50,-100,0.8,1
trayectoria,6.34,3,183,192.972,-50,100,0.8,1
trayectoria,6.35,0,400,300,0,0,2,1
trayectoria,6.35,1,405,300,-100,0,1,0
trayectoria,6.35,2,617.5,406.028,50,-100,0.8,1
trayectoria,6.35,3,182.5,193.972,-50,100,0.8,1
trayectoria,6.36,0,400,300,0,0,2,1
trayectoria,6.36,1,405,300,-100,0,1,0
trayectoria,6.36,2,618,405.028,50,-100,0.8,1
trayectoria,6.36,3,182,194.972,-50,100,0.8,1
trayectoria,6.37,0,400,300,0,0,2,1
trayectoria,6.37,1,405,300,-100,0,1,0
trayectoria,6.37,2,618.5,404.028,50,-100,0.8,1
trayectoria,6.37,3,181.5,195.972,-50,100,0.8,1
trayectoria,6.38,0,400,300,0,0,2,1
trayectoria,6.38,1,405,300,-100,0,1,0
trayectoria,6.38,2,619,403.028,50,-100,0.8,1
trayectoria,6.38,3,181,196.972,-50,100,0.8,1
trayectoria,6.39,0,400,300,0,0,2,1
trayectoria,6.39,1,405,300,-100,0,1,0
trayectoria,6.39,2,619.5,402.028,50,-100,0.8,1
trayectoria,6.39,3,180.5,197.972,-50,100,0.8,1
trayectoria,6.4,0,400,300,0,0,2,1
trayectoria,6.4,1,405,300,-100,0,1,0
trayectoria,6.4,2,620,401.028,50,-100,0.8,1
trayectoria,6.4,3,180,198.972,-50,100,0.8,1
trayectoria,6.41,0,400,300,0,0,2,1
trayectoria,6.41,1,405,300,-100,0,1,0
trayectoria,6.41,2,620.5,400.028,50,-100,0.8,1
trayectoria,6.41,3,179.5,199.972,-50,100,0.8,1
trayectoria,6.42,0,400,300,0,0,2,1
trayectoria,6.42,1,405,300,-100,0,1,0
trayectoria,6.42,2,621,399.028,50,-100,0.8,1
trayectoria,6.42,3,179,200.972,-50,100,0.8,1
trayectoria,6.43,0,400,300,0,0,2,1
trayectoria,6.43,1,405,300,-100,0,1,0
trayectoria,6.43,2,621.5,398.028,50,-100,0.8,1
trayectoria,6.43,3,178.5,201.972,-50,100,0.8,1
trayectoria,6.44,0,400,300,0,0,2,1
trayectoria,6.44,1,405,300,-100,0,1,0
trayectoria,6.44,2,622,397.028,50,-100,0.8,1
trayectoria,6.44,3,178,202.972,-50,100,0.8,1
trayectoria,6.45,0,400,300,0,0,2,1
trayectoria,6.45,1,405,300,-100,0,1,0
trayectoria,6.45,2,622.5,396.028,50,-100,0.8,1
trayectoria,6.45,3,177.5,203.972,-50,100,0.8,1
trayectoria,6.46,0,400,300,0,0,2,1
trayectoria,6.46,1,405,300,-100,0,1,0
trayectoria,6.46,2,623,395.028,50,-100,0.8,1
trayectoria,6.46,3,177,204.972,-50,100,0.8,1
trayectoria,6.47,0,400,300,0,0,2,1
trayectoria,6.47,1,405,300,-100,0,1,0
trayectoria,6.47,2,623.5,394.028,50,-100,0.8,1
trayectoria,6.47,3,176.5,205.972,-50,100,0.8,1
trayectoria,6.48,0,400,300,0,0,2,1
trayectoria,6.48,1,405,300,-100,0,1,0
trayectoria,6.48,2,624,393.028,50,-100,0.8,1
trayectoria,6.48,3,176,206.972,-50,100,0.8,1
trayectoria,6.49,0,400,300,0,0,2,1
trayectoria,6.49,1,405,300,-100,0,1,0
trayectoria,6.49,2,624.5,392.028,50,-100,0.8,1
trayectoria,6.49,3,175.5,207.972,-50,100,0.8,1
trayectoria,6.5,0,400,300,0,0,2,1
trayectoria,6.5,1,405,300,-100,0,1,0
trayectoria,6.5,2,625,391.028,50,-100,0.8,1
trayectoria,6.5,3,175,208.972,-50,100,0.8,1
trayectoria,6.51,0,400,300,0,0,2,1
trayectoria,6.51,1,405,300,-100,0,1,0
trayectoria,6.51,2,625.5,390.028,50,-100,0.8,1
trayectoria,6.51,3,174.5,209.972,-50,100,0.8,1
trayectoria,6.52,0,400,300,0,0,2,1
trayectoria,6.52,1,405,300,-100,0,1,0
trayectoria,6.52,2,626,389.028,50,-100,0.8,1
trayectoria,6.52,3,174,210.972,-50,100,0.8,1
trayectoria,6.53,0,400,300,0,0,2,1
trayectoria,6.53,1,405,300,-100,0,1,0
trayectoria,6.53,2,626.5,388.028,50,-100,0.8,1
trayectoria,6.53,3,173.5,211.972,-50,100,0.8,1
trayectoria,6.54,0,400,300,0,0,2,1
trayectoria,6.54,1,405,300,-100,0,1,0
trayectoria,6.54,2,627,387.028,50,-100,0.8,1
trayectoria,6.54,3,173,212.972,-50,100,0.8,1
trayectoria,6.55,0,400,300,0,0,2,1
trayectoria,6.55,1,405,300,-100,0,1,0
trayectoria,6.55,2,627.5,386.028,50,-100,0.8,1
trayectoria,6.55,3,172.5,213.972,-50,100,0.8,1
trayectoria,6.56,0,400,300,0,0,2,1
trayectoria,6.56,1,405,300,-100,0,1,0
trayectoria,6.56,2,628,385.028,50,-100,0.8,1
trayectoria,6.56,3,172,214.972,-50,100,0.8,1
trayectoria,6.57,0,400,300,0,0,2,1
trayectoria,6.57,1,405,300,-100,0,1,0
trayectoria,6.57,2,628.5,384.028,50,-100,0.8,1
trayectoria,6.57,3,171.5,215.972,-50,100,0.8,1
trayectoria,6.58,0,400,300,0,0,2,1
trayectoria,6.58,1,405,300,-100,0,1,0
trayectoria,6.58,2,629,383.028,50,-100,0.8,1
trayectoria,6.58,3,171,216.972,-50,100,0.8,1
trayectoria,6.59,0,400,300,0,0,2,1
trayectoria,6.59,1,405,300,-100,0,1,0
trayectoria,6.59,2,629.5,382.028,50,-100,0.8,1
trayectoria,6.59,3,170.5,217.972,-50,100,0.8,1
trayectoria,6.6,0,400,300,0,0,2,1
trayectoria,6.6,1,405,300,-100,0,1,0
trayectoria,6.6,2,630,381.028,50,-100,0.8,1
trayectoria,6.6,3,170,218.972,-50,100,0.8,1
trayectoria,6.61,0,400,300,0,0,2,1
trayectoria,6.61,1,405,300,-100,0,1,0
trayectoria,6.61,2,630.5,380.028,50,-100,0.8,1
trayectoria,6.61,3,169.5,219.972,-50,100,0.8,1
trayectoria,6.62,0,400,300,0,0,2,1
trayectoria,6.62,1,405,300,-100,0,1,0
trayectoria,6.62,2,631,379.028,50,-100,0.8,1
trayectoria,6.62,3,169,220.972,-50,100,0.8,1
trayectoria,6.63,0,400,300,0,0,2,1
trayectoria,6.63,1,405,300,-100,0,1,0
trayectoria,6.63,2,631.5,378.028,50,-100,0.8,1
trayectoria,6.63,3,168.5,221.972,-50,100,0.8,1
trayectoria,6.64,0,400,300,0,0,2,1
trayectoria,6.64,1,405,300,-100,0,1,0
trayectoria,6.64,2,632,377.028,50,-100,0.8,1
trayectoria,6.64,3,168,222.972,-50,100,0.8,1
trayectoria,6.65,0,400,300,0,0,2,1
trayectoria,6.65,1,405,300,-100,0,1,0
trayectoria,6.65,2,632.5,376.028,50,-100,0.8,1
trayectoria,6.65,3,167.5,223.972,-50,100,0.8,1
trayectoria,6.66,0,400,300,0,0,2,1
trayectoria,6.66,1,405,300,-100,0,1,0
trayectoria,6.66,2,633,375.028,50,-100,0.8,1
trayectoria,6.66,3,167,224.972,-50,100,0.8,1
trayectoria,6.67,0,400,300,0,0,2,1
trayectoria,6.67,1,405,300,-100,0,1,0
trayectoria,6.67,2,633.5,374.028,50,-100,0.8,1
trayectoria,6.67,3,166.5,225.972,-50,100,0.8,1
trayectoria,6.68,0,400,300,0,0,2,1
trayectoria,6.68,1,405,300,-100,0,1,0
trayectoria,6.68,2,634,373.028,50,-100,0.8,1
trayectoria,6.68,3,166,226.972,-50,100,0.8,1
trayectoria,6.69,0,400,300,0,0,2,1
trayectoria,6.69,1,405,300,-100,0,1,0
trayectoria,6.69,2,634.5,372.028,50,-100,0.8,1
trayectoria,6.69,3,165.5,227.972,-50,100,0.8,1
trayectoria,6.7,0,400,300,0,0,2,1
trayectoria,6.7,1,405,300,-100,0,1,0
trayectoria,6.7,2,635,371.028,50,-100,0.8,1
trayectoria,6.7,3,165,228.972,-50,100,0.8,1
trayectoria,6.71,0,400,300,0,0,2,1
trayectoria,6.71,1,405,300,-100,0,1,0
trayectoria,6.71,2,635.5,370.028,50,-100,0.8,1
trayectoria,6.71,3,164.5,229.972,-50,100,0.8,1
trayectoria,6.72,0,400,300,0,0,2,1
trayectoria,6.72,1,405,300,-100,0,1,0
trayectoria,6.72,2,636,369.028,50,-100,0.8,1
trayectoria,6.72,3,164,230.972,-50,100,0.8,1
trayectoria,6.73,0,400,300,0,0,2,1
trayectoria,6.73,1,405,300,-100,0,1,0
trayectoria,6.73,2,636.5,368.028,50,-100,0.8,1
trayectoria,6.73,3,163.5,231.972,-50,100,0.8,1
trayectoria,6.74,0,400,300,0,0,2,1
trayectoria,6.74,1,405,300,-100,0,1,0
trayectoria,6.74,2,637,367.028,50,-100,0.8,1
trayectoria,6.74,3,163,232.972,-50,100,0.8,1
trayectoria,6.75,0,400,300,0,0,2,1
trayectoria,6.75,1,405,300,-100,0,1,0
trayectoria,6.75,2,637.5,366.028,50,-100,0.8,1
trayectoria,6.75,3,162.5,233.972,-50,100,0.8,1
trayectoria,6.76,0,400,300,0,0,2,1
trayectoria,6.76,1,405,300,-100,0,1,0
trayectoria,6.76,2,638,365.028,50,-100,0.8,1
trayectoria,6.76,3,162,234.972,-50,100,0.8,1
trayectoria,6.77,0,400,300,0,0,2,1
trayectoria,6.77,1,405,300,-100,0,1,0
trayectoria,6.77,2,638.5,364.028,50,-100,0.8,1
trayectoria,6.77,3,161.5,235.972,-50,100,0.8,1
trayectoria,6.78,0,400,300,0,0,2,1
trayectoria,6.78,1,405,300,-100,0,1,0
trayectoria,6.78,2,639,363.028,50,-100,0.8,1
trayectoria,6.78,3,161,236.972,-50,100,0.8,1
trayectoria,6.79,0,400,300,0,0,2,1
trayectoria,6.79,1,405,300,-100,0,1,0
trayectoria,6.79,2,639.5,362.028,50,-100,0.8,1
trayectoria,6.79,3,160.5,237.972,-50,100,0.8,1
trayectoria,6.8,0,400,300,0,0,2,1
trayectoria,6.8,1,405,300,-100,0,1,0
trayectoria,6.8,2,640,361.028,50,-100,0.8,1
trayectoria,6.8,3,160,238.972,-50,100,0.8,1
trayectoria,6.81,0,400,300,0,0,2,1
trayectoria,6.81,1,405,300,-100,0,1,0
trayectoria,6.81,2,640.5,360.028,50,-100,0.8,1
trayectoria,6.81,3,159.5,239.972,-50,100,0.8,1
trayectoria,6.82,0,400,300,0,0,2,1
trayectoria,6.82,1,405,300,-100,0,1,0
trayectoria,6.82,2,641,359.028,50,-100,0.8,1
trayectoria,6.82,3,159,240.972,-50,100,0.8,1
trayectoria,6.83,0,400,300,0,0,2,1
trayectoria,6.83,1,405,300,-100,0,1,0
trayectoria,6.83,2,641.5,358.028,50,-100,0.8,1
trayectoria,6.83,3,158.5,241.972,-50,100,0.8,1
trayectoria,6.84,0,400,300,0,0,2,1
trayectoria,6.84,1,405,300,-100,0,1,0
trayectoria,6.84,2,642,357.028,50,-100,0.8,1
trayectoria,6.84,3,158,242.972,-50,100,0.8,1
trayectoria,6.85,0,400,300,0,0,2,1
trayectoria,6.85,1,405,300,-100,0,1,0
trayectoria,6.85,2,642.5,356.028,50,-100,0.8,1
trayectoria,6.85,3,157.5,243.972,-50,100,0.8,1
trayectoria,6.86,0,400,300,0,0,2,1
trayectoria,6.86,1,405,300,-100,0,1,0
trayectoria,6.86,2,643,355.028,50,-100,0.8,1
trayectoria,6.86,3,157,244.972,-50,100,0.8,1
trayectoria,6.87,0,400,300,0,0,2,1
trayectoria,6.87,1,405,300,-100,0,1,0
trayectoria,6.87,2,643.5,354.028,50,-100,0.8,1
trayectoria,6.87,3,156.5,245.972,-50,100,0.8,1
trayectoria,6.88,0,400,300,0,0,2,1
trayectoria,6.88,1,405,300,-100,0,1,0
trayectoria,6.88,2,644,353.028,50,-100,0.8,1
trayectoria,6.88,3,156,246.972,-50,100,0.8,1
trayectoria,6.89,0,400,300,0,0,2,1
trayectoria,6.89,1,405,300,-100,0,1,0
trayectoria,6.89,2,644.5,352.028,50,-100,0.8,1
trayectoria,6.89,3,155.5,247.972,-50,100,0.8,1
trayectoria,6.9,0,400,300,0,0,2,1
trayectoria,6.9,1,405,300,-100,0,1,0
trayectoria,6.9,2,645,351.028,50,-100,0.8,1
trayectoria,6.9,3,155,248.972,-50,100,0.8,1
trayectoria,6.91,0,400,300,0,0,2,1
trayectoria,6.91,1,405,300,-100,0,1,0
trayectoria,6.91,2,645.5,350.028,50,-100,0.8,1
trayectoria,6.91,3,154.5,249.972,-50,100,0.8,1
trayectoria,6.92,0,400,300,0,0,2,1
trayectoria,6.92,1,405,300,-100,0,1,0
trayectoria,6.92,2,646,349.028,50,-100,0.8,1
trayectoria,6.92,3,154,250.972,-50,100,0.8,1
trayectoria,6.93,0,400,300,0,0,2,1
trayectoria,6.93,1,405,300,-100,0,1,0
trayectoria,6.93,2,646.5,348.028,50,-100,0.8,1
trayectoria,6.93,3,153.5,251.972,-50,100,0.8,1
trayectoria,6.94,0,400,300,0,0,2,1
trayectoria,6.94,1,405,300,-100,0,1,0
trayectoria,6.94,2,647,347.028,50,-100,0.8,1
trayectoria,6.94,3,153,252.972,-50,100,0.8,1
trayectoria,6.95,0,400,300,0,0,2,1
trayectoria,6.95,1,405,300,-100,0,1,0
trayectoria,6.95,2,647.5,346.028,50,-100,0.8,1
trayectoria,6.95,3,152.5,253.972,-50,100,0.8,1
trayectoria,6.96,0,400,300,0,0,2,1
trayectoria,6.96,1,405,300,-100,0,1,0
trayectoria,6.96,2,648,345.028,50,-100,0.8,1
trayectoria,6.96,3,152,254.972,-50,100,0.8,1
trayectoria,6.97,0,400,300,0,0,2,1
trayectoria,6.97,1,405,300,-100,0,1,0
trayectoria,6.97,2,648.5,344.028,50,-100,0.8,1
trayectoria,6.97,3,151.5,255.972,-50,100,0.8,1
trayectoria,6.98,0,400,300,0,0,2,1
trayectoria,6.98,1,405,300,-100,0,1,0
trayectoria,6.98,2,649,343.028,50,-100,0.8,1
trayectoria,6.98,3,151,256.972,-50,100,0.8,1
trayectoria,6.99,0,400,300,0,0,2,1
trayectoria,6.99,1,405,300,-100,0,1,0
trayectoria,6.99,2,649.5,342.028,50,-100,0.8,1
trayectoria,6.99,3,150.5,257.972,-50,100,0.8,1
trayectoria,7,0,400,300,0,0,2,1
trayectoria,7,1,405,300,-100,0,1,0
trayectoria,7,2,650,341.028,50,-100,0.8,1
trayectoria,7,3,150,258.972,-50,100,0.8,1
trayectoria,7.01,0,400,300,0,0,2,1
trayectoria,7.01,1,405,300,-100,0,1,0
trayectoria,7.01,2,650.5,340.028,50,-100,0.8,1
trayectoria,7.01,3,149.5,259.972,-50,100,0.8,1
trayectoria,7.02,0,400,300,0,0,2,1
trayectoria,7.02,1,405,300,-100,0,1,0
trayectoria,7.02,2,651,339.028,50,-100,0.8,1
trayectoria,7.02,3,149,260.972,-50,100,0.8,1
trayectoria,7.03,0,400,300,0,0,2,1
trayectoria,7.03,1,405,300,-100,0,1,0
trayectoria,7.03,2,651.5,338.028,50,-100,0.8,1
trayectoria,7.03,3,148.5,261.972,-50,100,0.8,1
trayectoria,7.04,0,400,300,0,0,2,1
trayectoria,7.04,1,405,300,-100,0,1,0
trayectoria,7.04,2,652,337.028,50,-100,0.8,1
trayectoria,7.04,3,148,262.972,-50,100,0.8,1
trayectoria,7.05,0,400,300,0,0,2,1
trayectoria,7.05,1,405,300,-100,0,1,0
trayectoria,7.05,2,652.5,336.028,50,-100,0.8,1
trayectoria,7.05,3,147.5,263.972,-50,100,0.8,1
trayectoria,7.06,0,400,300,0,0,2,1
trayectoria,7.06,1,405,300,-100,0,1,0
trayectoria,7.06,2,653,335.028,50,-100,0.8,1
trayectoria,7.06,3,147,264.972,-50,100,0.8,1
trayectoria,7.07,0,400,300,0,0,2,1
trayectoria,7.07,1,405,300,-100,0,1,0
trayectoria,7.07,2,653.5,334.028,50,-100,0.8,1
trayectoria,7.07,3,146.5,265.972,-50,100,0.8,1
trayectoria,7.08,0,400,300,0,0,2,1
trayectoria,7.08,1,405,300,-100,0,1,0
trayectoria,7.08,2,654,333.028,50,-100,0.8,1
trayectoria,7.08,3,146,266.972,-50,100,0.8,1
trayectoria,7.09,0,400,300,0,0,2,1
trayectoria,7.09,1,405,300,-100,0,1,0
trayectoria,7.09,2,654.5,332.028,50,-100,0.8,1
trayectoria,7.09,3,145.5,267.972,-50,100,0.8,1
trayectoria,7.1,0,400,300,0,0,2,1
trayectoria,7.1,1,405,300,-100,0,1,0
trayectoria,7.1,2,655,331.028,50,-100,0.8,1
trayectoria,7.1,3,145,268.972,-50,100,0.8,1
trayectoria,7.11,0,400,300,0,0,2,1
trayectoria,7.11,1,405,300,-100,0,1,0
trayectoria,7.11,2,655.5,330.028,50,-100,0.8,1
trayectoria,7.11,3,144.5,269.972,-50,100,0.8,1
trayectoria,7.12,0,400,300,0,0,2,1
trayectoria,7.12,1,405,300,-100,0,1,0
trayectoria,7.12,2,656,329.028,50,-100,0.8,1
trayectoria,7.12,3,144,270.972,-50,100,0.8,1
trayectoria,7.13,0,400,300,0,0,2,1
trayectoria,7.13,1,405,300,-100,0,1,0
trayectoria,7.13,2,656.5,328.028,50,-100,0.8,1
trayectoria,7.13,3,143.5,271.972,-50,100,0.8,1
trayectoria,7.14,0,400,300,0,0,2,1
trayectoria,7.14,1,405,300,-100,0,1,0
trayectoria,7.14,2,657,327.028,50,-100,0.8,1
trayectoria,7.14,3,143,272.972,-50,100,0.8,1
trayectoria,7.15,0,400,300,0,0,2,1
trayectoria,7.15,1,405,300,-100,0,1,0
trayectoria,7.15,2,657.5,326.028,50,-100,0.8,1
trayectoria,7.15,3,142.5,273.972,-50,100,0.8,1
trayectoria,7.16,0,400,300,0,0,2,1
trayectoria,7.16,1,405,300,-100,0,1,0
trayectoria,7.16,2,658,325.028,50,-100,0.8,1
trayectoria,7.16,3,142,274.972,-50,100,0.8,1
trayectoria,7.17,0,400,300,0,0,2,1
trayectoria,7.17,1,405,300,-100,0,1,0
trayectoria,7.17,2,658.5,324.028,50,-100,0.8,1
trayectoria,7.17,3,141.5,275.972,-50,100,0.8,1
trayectoria,7.18,0,400,300,0,0,2,1
trayectoria,7.18,1,405,300,-100,0,1,0
trayectoria,7.18,2,659,323.028,50,-100,0.8,1
trayectoria,7.18,3,141,276.972,-50,100,0.8,1
trayectoria,7.19,0,400,300,0,0,2,1
trayectoria,7.19,1,405,300,-100,0,1,0
trayectoria,7.19,2,659.5,322.028,50,-100,0.8,1
trayectoria,7.19,3,140.5,277.972,-50,100,0.8,1
trayectoria,7.2,0,400,300,0,0,2,1
trayectoria,7.2,1,405,300,-100,0,1,0
trayectoria,7.2,2,660,321.028,50,-100,0.8,1
trayectoria,7.2,3,140,278.972,-50,100,0.8,1
trayectoria,7.21,0,400,300,0,0,2,1
trayectoria,7.21,1,405,300,-100,0,1,0
trayectoria,7.21,2,660.5,320.028,50,-100,0.8,1
trayectoria,7.21,3,139.5,279.972,-50,100,0.8,1
trayectoria,7.22,0,400,300,0,0,2,1
trayectoria,7.22,1,405,300,-100,0,1,0
trayectoria,7.22,2,661,319.028,50,-100,0.8,1
trayectoria,7.22,3,139,280.972,-50,100,0.8,1
trayectoria,7.23,0,400,300,0,0,2,1
trayectoria,7.23,1,405,300,-100,0,1,0
trayectoria,7.23,2,661.5,318.028,50,-100,0.8,1
trayectoria,7.23,3,138.5,281.972,-50,100,0.8,1
trayectoria,7.24,0,400,300,0,0,2,1
trayectoria,7.24,1,405,300,-100,0,1,0
trayectoria,7.24,2,662,317.028,50,-100,0.8,1
trayectoria,7.24,3,138,282.972,-50,100,0.8,1
trayectoria,7.25,0,400,300,0,0,2,1
trayectoria,7.25,1,405,300,-100,0,1,0
trayectoria,7.25,2,662.5,316.028,50,-100,0.8,1
trayectoria,7.25,3,137.5,283.972,-50,100,0.8,1
trayectoria,7.26,0,400,300,0,0,2,1
trayectoria,7.26,1,405,300,-100,0,1,0
trayectoria,7.26,2,663,315.028,50,-100,0.8,1
trayectoria,7.26,3,137,284.972,-50,100,0.8,1
trayectoria,7.27,0,400,300,0,0,2,1
trayectoria,7.27,1,405,300,-100,0,1,0
trayectoria,7.27,2,663.5,314.028,50,-100,0.8,1
trayectoria,7.27,3,136.5,285.972,-50,100,0.8,1
trayectoria,7.28,0,400,300,0,0,2,1
trayectoria,7.28,1,405,300,-100,0,1,0
trayectoria,7.28,2,664,313.028,50,-100,0.8,1
trayectoria,7.28,3,136,286.972,-50,100,0.8,1
trayectoria,7.29,0,400,300,0,0,2,1
trayectoria,7.29,1,405,300,-100,0,1,0
trayectoria,7.29,2,664.5,312.028,50,-100,0.8,1
trayectoria,7.29,3,135.5,287.972,-50,100,0.8,1
trayectoria,7.3,0,400,300,0,0,2,1
trayectoria,7.3,1,405,300,-100,0,1,0
trayectoria,7.3,2,665,311.028,50,-100,0.8,1
trayectoria,7.3,3,135,288.972,-50,100,0.8,1
trayectoria,7.31,0,400,300,0,0,2,1
trayectoria,7.31,1,405,300,-100,0,1,0
trayectoria,7.31,2,665.5,310.028,50,-100,0.8,1
trayectoria,7.31,3,134.5,289.972,-50,100,0.8,1
trayectoria,7.32,0,400,300,0,0,2,1
trayectoria,7.32,1,405,300,-100,0,1,0
trayectoria,7.32,2,666,309.028,50,-100,0.8,1
trayectoria,7.32,3,134,290.972,-50,100,0.8,1
trayectoria,7.33,0,400,300,0,0,2,1
trayectoria,7.33,1,405,300,-100,0,1,0
trayectoria,7.33,2,666.5,308.028,50,-100,0.8,1
trayectoria,7.33,3,133.5,291.972,-50,100,0.8,1
trayectoria,7.34,0,400,300,0,0,2,1
trayectoria,7.34,1,405,300,-100,0,1,0
trayectoria,7.34,2,667,307.028,50,-100,0.8,1
trayectoria,7.34,3,133,292.972,-50,100,0.8,1
trayectoria,7.35,0,400,300,0,0,2,1
trayectoria,7.35,1,405,300,-100,0,1,0
trayectoria,7.35,2,667.5,306.028,50,-100,0.8,1
trayectoria,7.35,3,132.5,293.972,-50,100,0.8,1
trayectoria,7.36,0,400,300,0,0,2,1
trayectoria,7.36,1,405,300,-100,0,1,0
trayectoria,7.36,2,668,305.028,50,-100,0.8,1
trayectoria,7.36,3,132,294.972,-50,100,0.8,1
trayectoria,7.37,0,400,300,0,0,2,1
trayectoria,7.37,1,405,300,-100,0,1,0
trayectoria,7.37,2,668.5,304.028,50,-100,0.8,1
trayectoria,7.37,3,131.5,295.972,-50,100,0.8,1
trayectoria,7.38,0,400,300,0,0,2,1
trayectoria,7.38,1,405,300,-100,0,1,0
trayectoria,7.38,2,669,303.028,50,-100,0.8,1
trayectoria,7.38,3,131,296.972,-50,100,0.8,1
trayectoria,7.39,0,400,300,0,0,2,1
trayectoria,7.39,1,405,300,-100,0,1,0
trayectoria,7.39,2,669.5,302.028,50,-100,0.8,1
trayectoria,7.39,3,130.5,297.972,-50,100,0.8,1
trayectoria,7.4,0,400,300,0,0,2,1
trayectoria,7.4,1,405,300,-100,0,1,0
trayectoria,7.4,2,670,301.028,50,-100,0.8,1
trayectoria,7.4,3,130,298.972,-50,100,0.8,1
trayectoria,7.41,0,400,300,0,0,2,1
trayectoria,7.41,1,405,300,-100,0,1,0
trayectoria,7.41,2,670.5,300.028,50,-100,0.8,1
trayectoria,7.41,3,129.5,299.972,-50,100,0.8,1
trayectoria,7.42,0,400,300,0,0,2,1
trayectoria,7.42,1,405,300,-100,0,1,0
trayectoria,7.42,2,671,299.028,50,-100,0.8,1
trayectoria,7.42,3,129,300.972,-50,100,0.8,1
trayectoria,7.43,0,400,300,0,0,2,1
trayectoria,7.43,1,405,300,-100,0,1,0
trayectoria,7.43,2,671.5,298.028,50,-100,0.8,1
trayectoria,7.43,3,128.5,301.972,-50,100,0.8,1
trayectoria,7.44,0,400,300,0,0,2,1
trayectoria,7.44,1,405,300,-100,0,1,0
trayectoria,7.44,2,672,297.028,50,-100,0.8,1
trayectoria,7.44,3,128,302.972,-50,100,0.8,1
trayectoria,7.45,0,400,300,0,0,2,1
trayectoria,7.45,1,405,300,-100,0,1,0
trayectoria,7.45,2,672.5,296.028,50,-100,0.8,1
trayectoria,7.45,3,127.5,303.972,-50,100,0.8,1
trayectoria,7.46,0,400,300,0,0,2,1
trayectoria,7.46,1,405,300,-100,0,1,0
trayectoria,7.46,2,673,295.028,50,-100,0.8,1
trayectoria,7.46,3,127,304.972,-50,100,0.8,1
trayectoria,7.47,0,400,300,0,0,2,1
trayectoria,7.47,1,405,300,-100,0,1,0
trayectoria,7.47,2,673.5,294.028,50,-100,0.8,1
trayectoria,7.47,3,126.5,305.972,-50,100,0.8,1
trayectoria,7.48,0,400,300,0,0,2,1
trayectoria,7.48,1,405,300,-100,0,1,0
trayectoria,7.48,2,674,293.028,50,-100,0.8,1
trayectoria,7.48,3,126,306.972,-50,100,0.8,1
trayectoria,7.49,0,400,300,0,0,2,1
trayectoria,7.49,1,405,300,-100,0,1,0
trayectoria,7.49,2,674.5,292.028,50,-100,0.8,1
trayectoria,7.49,3,125.5,307.972,-50,100,0.8,1
trayectoria,7.5,0,400,300,0,0,2,1
trayectoria,7.5,1,405,300,-100,0,1,0
trayectoria,7.5,2,675,291.028,50,-100,0.8,1
trayectoria,7.5,3,125,308.972,-50,100,0.8,1
trayectoria,7.51,0,400,300,0,0,2,1
trayectoria,7.51,1,405,300,-100,0,1,0
trayectoria,7.51,2,675.5,290.028,50,-100,0.8,1
trayectoria,7.51,3,124.5,309.972,-50,100,0.8,1
trayectoria,7.52,0,400,300,0,0,2,1
trayectoria,7.52,1,405,300,-100,0,1,0
trayectoria,7.52,2,676,289.028,50,-100,0.8,1
trayectoria,7.52,3,124,310.972,-50,100,0.8,1
trayectoria,7.53,0,400,300,0,0,2,1
trayectoria,7.53,1,405,300,-100,0,1,0
trayectoria,7.53,2,676.5,288.028,50,-100,0.8,1
trayectoria,7.53,3,123.5,311.972,-50,100,0.8,1
trayectoria,7.54,0,400,300,0,0,2,1
trayectoria,7.54,1,405,300,-100,0,1,0
trayectoria,7.54,2,677,287.028,50,-100,0.8,1
trayectoria,7.54,3,123,312.972,-50,100,0.8,1
trayectoria,7.55,0,400,300,0,0,2,1
trayectoria,7.55,1,405,300,-100,0,1,0
trayectoria,7.55,2,677.5,286.028,50,-100,0.8,1
trayectoria,7.55,3,122.5,313.972,-50,100,0.8,1
trayectoria,7.56,0,400,300,0,0,2,1
trayectoria,7.56,1,405,300,-100,0,1,0
trayectoria,7.56,2,678,285.028,50,-100,0.8,1
trayectoria,7.56,3,122,314.972,-50,100,0.8,1
trayectoria,7.57,0,400,300,0,0,2,1
trayectoria,7.57,1,405,300,-100,0,1,0
trayectoria,7.57,2,678.5,284.028,50,-100,0.8,1
trayectoria,7.57,3,121.5,315.972,-50,100,0.8,1
trayectoria,7.58,0,400,300,0,0,2,1
trayectoria,7.58,1,405,300,-100,0,1,0
trayectoria,7.58,2,679,283.028,50,-100,0.8,1
trayectoria,7.58,3,121,316.972,-50,100,0.8,1
trayectoria,7.59,0,400,300,0,0,2,1
trayectoria,7.59,1,405,300,-100,0,1,0
trayectoria,7.59,2,679.5,282.028,50,-100,0.8,1
trayectoria,7.59,3,120.5,317.972,-50,100,0.8,1
trayectoria,7.6,0,400,300,0,0,2,1
trayectoria,7.6,1,405,300,-100,0,1,0
trayectoria,7.6,2,680,281.028,50,-100,0.8,1
trayectoria,7.6,3,120,318.972,-50,100,0.8,1
trayectoria,7.61,0,400,300,0,0,2,1
trayectoria,7.61,1,405,300,-100,0,1,0
trayectoria,7.61,2,680.5,280.028,50,-100,0.8,1
trayectoria,7.61,3,119.5,319.972,-50,100,0.8,1
trayectoria,7.62,0,400,300,0,0,2,1
trayectoria,7.62,1,405,300,-100,0,1,0
trayectoria,7.62,2,681,279.028,50,-100,0.8,1
trayectoria,7.62,3,119,320.972,-50,100,0.8,1
trayectoria,7.63,0,400,300,0,0,2,1
trayectoria,7.63,1,405,300,-100,0,1,0
trayectoria,7.63,2,681.5,278.028,50,-100,0.8,1
trayectoria,7.63,3,118.5,321.972,-50,100,0.8,1
trayectoria,7.64,0,400,300,0,0,2,1
trayectoria,7.64,1,405,300,-100,0,1,0
trayectoria,7.64,2,682,277.028,50,-100,0.8,1
trayectoria,7.64,3,118,322.972,-50,100,0.8,1
trayectoria,7.65,0,400,300,0,0,2,1
trayectoria,7.65,1,405,300,-100,0,1,0
trayectoria,7.65,2,682.5,276.028,50,-100,0.8,1
trayectoria,7.65,3,117.5,323.972,-50,100,0.8,1
trayectoria,7.66,0,400,300,0,0,2,1
trayectoria,7.66,1,405,300,-100,0,1,0
trayectoria,7.66,2,683,275.028,50,-100,0.8,1
trayectoria,7.66,3,117,324.972,-50,100,0.8,1
trayectoria,7.67,0,400,300,0,0,2,1
trayectoria,7.67,1,405,300,-100,0,1,0
trayectoria,7.67,2,683.5,274.028,50,-100,0.8,1
trayectoria,7.67,3,116.5,325.972,-50,100,0.8,1
trayectoria,7.68,0,400,300,0,0,2,1
trayectoria,7.68,1,405,300,-100,0,1,0
trayectoria,7.68,2,684,273.028,50,-100,0.8,1
trayectoria,7.68,3,116,326.972,-50,100,0.8,1
trayectoria,7.69,0,400,300,0,0,2,1
trayectoria,7.69,1,405,300,-100,0,1,0
trayectoria,7.69,2,684.5,272.028,50,-100,0.8,1
trayectoria,7.69,3,115.5,327.972,-50,100,0.8,1
trayectoria,7.7,0,400,300,0,0,2,1
trayectoria,7.7,1,405,300,-100,0,1,0
trayectoria,7.7,2,685,271.028,50,-100,0.8,1
trayectoria,7.7,3,115,328.972,-50,100,0.8,1
trayectoria,7.71,0,400,300,0,0,2,1
trayectoria,7.71,1,405,300,-100,0,1,0
trayectoria,7.71,2,685.5,270.028,50,-100,0.8,1
trayectoria,7.71,3,114.5,329.972,-50,100,0.8,1
trayectoria,7.72,0,400,300,0,0,2,1
trayectoria,7.72,1,405,300,-100,0,1,0
trayectoria,7.72,2,686,269.028,50,-100,0.8,1
trayectoria,7.72,3,114,330.972,-50,100,0.8,1
trayectoria,7.73,0,400,300,0,0,2,1
trayectoria,7.73,1,405,300,-100,0,1,0
trayectoria,7.73,2,686.5,268.028,50,-100,0.8,1
trayectoria,7.73,3,113.5,331.972,-50,100,0.8,1
trayectoria,7.74,0,400,300,0,0,2,1
trayectoria,7.74,1,405,300,-100,0,1,0
trayectoria,7.74,2,687,267.028,50,-100,0.8,1
trayectoria,7.74,3,113,332.972,-50,100,0.8,1
trayectoria,7.75,0,400,300,0,0,2,1
trayectoria,7.75,1,405,300,-100,0,1,0
trayectoria,7.75,2,687.5,266.028,50,-100,0.8,1
trayectoria,7.75,3,112.5,333.972,-50,100,0.8,1
trayectoria,7.76,0,400,300,0,0,2,1
trayectoria,7.76,1,405,300,-100,0,1,0
trayectoria,7.76,2,688,265.028,50,-100,0.8,1
trayectoria,7.76,3,112,334.972,-50,100,0.8,1
trayectoria,7.77,0,400,300,0,0,2,1
trayectoria,7.77,1,405,300,-100,0,1,0
trayectoria,7.77,2,688.5,264.028,50,-100,0.8,1
trayectoria,7.77,3,111.5,335.972,-50,100,0.8,1
trayectoria,7.78,0,400,300,0,0,2,1
trayectoria,7.78,1,405,300,-100,0,1,0
trayectoria,7.78,2,689,263.028,50,-100,0.8,1
trayectoria,7.78,3,111,336.972,-50,100,0.8,1
trayectoria,7.79,0,400,300,0,0,2,1
trayectoria,7.79,1,405,300,-100,0,1,0
trayectoria,7.79,2,689.5,262.028,50,-100,0.8,1
trayectoria,7.79,3,110.5,337.972,-50,100,0.8,1
trayectoria,7.8,0,400,300,0,0,2,1
trayectoria,7.8,1,405,300,-100,0,1,0
trayectoria,7.8,2,690,261.028,50,-100,0.8,1
trayectoria,7.8,3,110,338.972,-50,100,0.8,1
trayectoria,7.81,0,400,300,0,0,2,1
trayectoria,7.81,1,405,300,-100,0,1,0
trayectoria,7.81,2,690.5,260.028,50,-100,0.8,1
trayectoria,7.81,3,109.5,339.972,-50,100,0.8,1
trayectoria,7.82,0,400,300,0,0,2,1
trayectoria,7.82,1,405,300,-100,0,1,0
trayectoria,7.82,2,691,259.028,50,-100,0.8,1
trayectoria,7.82,3,109,340.972,-50,100,0.8,1
trayectoria,7.83,0,400,300,0,0,2,1
trayectoria,7.83,1,405,300,-100,0,1,0
trayectoria,7.83,2,691.5,258.028,50,-100,0.8,1
trayectoria,7.83,3,108.5,341.972,-50,100,0.8,1
trayectoria,7.84,0,400,300,0,0,2,1
trayectoria,7.84,1,405,300,-100,0,1,0
trayectoria,7.84,2,692,257.028,50,-100,0.8,1
trayectoria,7.84,3,108,342.972,-50,100,0.8,1
trayectoria,7.85,0,400,300,0,0,2,1
trayectoria,7.85,1,405,300,-100,0,1,0
trayectoria,7.85,2,692.5,256.028,50,-100,0.8,1
trayectoria,7.85,3,107.5,343.972,-50,100,0.8,1
trayectoria,7.86,0,400,300,0,0,2,1
trayectoria,7.86,1,405,300,-100,0,1,0
trayectoria,7.86,2,693,255.028,50,-100,0.8,1
trayectoria,7.86,3,107,344.972,-50,100,0.8,1
trayectoria,7.87,0,400,300,0,0,2,1
trayectoria,7.87,1,405,300,-100,0,1,0
trayectoria,7.87,2,693.5,254.028,50,-100,0.8,1
trayectoria,7.87,3,106.5,345.972,-50,100,0.8,1
trayectoria,7.88,0,400,300,0,0,2,1
trayectoria,7.88,1,405,300,-100,0,1,0
trayectoria,7.88,2,694,253.028,50,-100,0.8,1
trayectoria,7.88,3,106,346.972,-50,100,0.8,1
trayectoria,7.89,0,400,300,0,0,2,1
trayectoria,7.89,1,405,300,-100,0,1,0
trayectoria,7.89,2,694.5,252.028,50,-100,0.8,1
trayectoria,7.89,3,105.5,347.972,-50,100,0.8,1
trayectoria,7.9,0,400,300,0,0,2,1
trayectoria,7.9,1,405,300,-100,0,1,0
trayectoria,7.9,2,695,251.028,50,-100,0.8,1
trayectoria,7.9,3,105,348.972,-50,100,0.8,1
trayectoria,7.91,0,400,300,0,0,2,1
trayectoria,7.91,1,405,300,-100,0,1,0
trayectoria,7.91,2,695.5,250.028,50,-100,0.8,1
trayectoria,7.91,3,104.5,349.972,-50,100,0.8,1
trayectoria,7.92,0,400,300,0,0,2,1
trayectoria,7.92,1,405,300,-100,0,1,0
trayectoria,7.92,2,696,249.028,50,-100,0.8,1
trayectoria,7.92,3,104,350.972,-50,100,0.8,1
trayectoria,7.93,0,400,300,0,0,2,1
trayectoria,7.93,1,405,300,-100,0,1,0
trayectoria,7.93,2,696.5,248.028,50,-100,0.8,1
trayectoria,7.93,3,103.5,351.972,-50,100,0.8,1
trayectoria,7.94,0,400,300,0,0,2,1
trayectoria,7.94,1,405,300,-100,0,1,0
trayectoria,7.94,2,697,247.028,50,-100,0.8,1
trayectoria,7.94,3,103,352.972,-50,100,0.8,1
trayectoria,7.95,0,400,300,0,0,2,1
trayectoria,7.95,1,405,300,-100,0,1,0
trayectoria,7.95,2,697.5,246.028,50,-100,0.8,1
trayectoria,7.95,3,102.5,353.972,-50,100,0.8,1
trayectoria,7.96,0,400,300,0,0,2,1
trayectoria,7.96,1,405,300,-100,0,1,0
trayectoria,7.96,2,698,245.028,50,-100,0.8,1
trayectoria,7.96,3,102,354.972,-50,100,0.8,1
trayectoria,7.97,0,400,300,0,0,2,1
trayectoria,7.97,1,405,300,-100,0,1,0
trayectoria,7.97,2,698.5,244.028,50,-100,0.8,1
trayectoria,7.97,3,101.5,355.972,-50,100,0.8,1
trayectoria,7.98,0,400,300,0,0,2,1
trayectoria,7.98,1,405,300,-100,0,1,0
trayectoria,7.98,2,699,243.028,50,-100,0.8,1
trayectoria,7.98,3,101,356.972,-50,100,0.8,1
trayectoria,7.99,0,400,300,0,0,2,1
trayectoria,7.99,1,405,300,-100,0,1,0
trayectoria,7.99,2,699.5,242.028,50,-100,0.8,1
trayectoria,7.99,3,100.5,357.972,-50,100,0.8,1
trayectoria,8,0,400,300,0,0,2,1
trayectoria,8,1,405,300,-100,0,1,0
trayectoria,8,2,700,241.028,50,-100,0.8,1
trayectoria,8,3,100,358.972,-50,100,0.8,1
trayectoria,8.01,0,400,300,0,0,2,1
trayectoria,8.01,1,405,300,-100,0,1,0
trayectoria,8.01,2,700.5,240.028,50,-100,0.8,1
trayectoria,8.01,3,99.5,359.972,-50,100,0.8,1
trayectoria,8.02,0,400,300,0,0,2,1
trayectoria,8.02,1,405,300,-100,0,1,0
trayectoria,8.02,2,701,239.028,50,-100,0.8,1
trayectoria,8.02,3,99,360.972,-50,100,0.8,1
trayectoria,8.03,0,400,300,0,0,2,1
trayectoria,8.03,1,405,300,-100,0,1,0
trayectoria,8.03,2,701.5,238.028,50,-100,0.8,1
trayectoria,8.03,3,98.5,361.972,-50,100,0.8,1
trayectoria,8.04,0,400,300,0,0,2,1
trayectoria,8.04,1,405,300,-100,0,1,0
trayectoria,8.04,2,702,237.028,50,-100,0.8,1
trayectoria,8.04,3,98,362.972,-50,100,0.8,1
trayectoria,8.05,0,400,300,0,0,2,1
trayectoria,8.05,1,405,300,-100,0,1,0
trayectoria,8.05,2,702.5,236.028,50,-100,0.8,1
trayectoria,8.05,3,97.5,363.972,-50,100,0.8,1
trayectoria,8.06,0,400,300,0,0,2,1
trayectoria,8.06,1,405,300,-100,0,1,0
trayectoria,8.06,2,703,235.028,50,-100,0.8,1
trayectoria,8.06,3,97,364.972,-50,100,0.8,1
trayectoria,8.07,0,400,300,0,0,2,1
trayectoria,8.07,1,405,300,-100,0,1,0
trayectoria,8.07,2,703.5,234.028,50,-100,0.8,1
trayectoria,8.07,3,96.5,365.972,-50,100,0.8,1
trayectoria,8.08,0,400,300,0,0,2,1
trayectoria,8.08,1,405,300,-100,0,1,0
trayectoria,8.08,2,704,233.028,50,-100,0.8,1
trayectoria,8.08,3,96,366.972,-50,100,0.8,1
trayectoria,8.09,0,400,300,0,0,2,1
trayectoria,8.09,1,405,300,-100,0,1,0
trayectoria,8.09,2,704.5,232.028,50,-100,0.8,1
trayectoria,8.09,3,95.5,367.972,-50,100,0.8,1
trayectoria,8.1,0,400,300,0,0,2,1
trayectoria,8.1,1,405,300,-100,0,1,0
trayectoria,8.1,2,705,231.028,50,-100,0.8,1
trayectoria,8.1,3,95,368.972,-50,100,0.8,1
trayectoria,8.11,0,400,300,0,0,2,1
trayectoria,8.11,1,405,300,-100,0,1,0
trayectoria,8.11,2,705.5,230.028,50,-100,0.8,1
trayectoria,8.11,3,94.5,369.972,-50,100,0.8,1
trayectoria,8.12,0,400,300,0,0,2,1
trayectoria,8.12,1,405,300,-100,0,1,0
trayectoria,8.12,2,706,229.028,50,-100,0.8,1
trayectoria,8.12,3,94,370.972,-50,100,0.8,1
trayectoria,8.13,0,400,300,0,0,2,1
trayectoria,8.13,1,405,300,-100,0,1,0
trayectoria,8.13,2,706.5,228.028,50,-100,0.8,1
trayectoria,8.13,3,93.5,371.972,-50,100,0.8,1
trayectoria,8.14,0,400,300,0,0,2,1
trayectoria,8.14,1,405,300,-100,0,1,0
trayectoria,8.14,2,707,227.028,50,-100,0.8,1
trayectoria,8.14,3,93,372.972,-50,100,0.8,1
trayectoria,8.15,0,400,300,0,0,2,1
trayectoria,8.15,1,405,300,-100,0,1,0
trayectoria,8.15,2,707.5,226.028,50,-100,0.8,1
trayectoria,8.15,3,92.5,373.972,-50,100,0.8,1
trayectoria,8.16,0,400,300,0,0,2,1
trayectoria,8.16,1,405,300,-100,0,1,0
trayectoria,8.16,2,708,225.028,50,-100,0.8,1
trayectoria,8.16,3,92,374.972,-50,100,0.8,1
trayectoria,8.17,0,400,300,0,0,2,1
trayectoria,8.17,1,405,300,-100,0,1,0
trayectoria,8.17,2,708.5,224.028,50,-100,0.8,1
trayectoria,8.17,3,91.5,375.972,-50,100,0.8,1
trayectoria,8.18,0,400,300,0,0,2,1
trayectoria,8.18,1,405,300,-100,0,1,0
trayectoria,8.18,2,709,223.028,50,-100,0.8,1
trayectoria,8.18,3,91,376.972,-50,100,0.8,1
trayectoria,8.19,0,400,300,0,0,2,1
trayectoria,8.19,1,405,300,-100,0,1,0
trayectoria,8.19,2,709.5,222.028,50,-100,0.8,1
trayectoria,8.19,3,90.5,377.972,-50,100,0.8,1
trayectoria,8.2,0,400,300,0,0,2,1
trayectoria,8.2,1,405,300,-100,0,1,0
trayectoria,8.2,2,710,221.028,50,-100,0.8,1
trayectoria,8.2,3,90,378.972,-50,100,0.8,1
trayectoria,8.21,0,400,300,0,0,2,1
trayectoria,8.21,1,405,300,-100,0,1,0
trayectoria,8.21,2,710.5,220.028,50,-100,0.8,1
trayectoria,8.21,3,89.5,379.972,-50,100,0.8,1
trayectoria,8.22,0,400,300,0,0,2,1
trayectoria,8.22,1,405,300,-100,0,1,0
trayectoria,8.22,2,711,219.028,50,-100,0.8,1
trayectoria,8.22,3,89,380.972,-50,100,0.8,1
trayectoria,8.23,0,400,300,0,0,2,1
trayectoria,8.23,1,405,300,-100,0,1,0
trayectoria,8.23,2,711.5,218.028,50,-100,0.8,1
trayectoria,8.23,3,88.5,381.972,-50,100,0.8,1
trayectoria,8.24,0,400,300,0,0,2,1
trayectoria,8.24,1,405,300,-100,0,1,0
trayectoria,8.24,2,712,217.028,50,-100,0.8,1
trayectoria,8.24,3,88,382.972,-50,100,0.8,1
trayectoria,8.25,0,400,300,0,0,2,1
trayectoria,8.25,1,405,300,-100,0,1,0
trayectoria,8.25,2,712.5,216.028,50,-100,0.8,1
trayectoria,8.25,3,87.5,383.972,-50,100,0.8,1
trayectoria,8.26,0,400,300,0,0,2,1
trayectoria,8.26,1,405,300,-100,0,1,0
trayectoria,8.26,2,713,215.028,50,-100,0.8,1
trayectoria,8.26,3,87,384.972,-50,100,0.8,1
trayectoria,8.27,0,400,300,0,0,2,1
trayectoria,8.27,1,405,300,-100,0,1,0
trayectoria,8.27,2,713.5,214.028,50,-100,0.8,1
trayectoria,8.27,3,86.5,385.972,-50,100,0.8,1
trayectoria,8.28,0,400,300,0,0,2,1
trayectoria,8.28,1,405,300,-100,0,1,0
trayectoria,8.28,2,714,213.028,50,-100,0.8,1
trayectoria,8.28,3,86,386.972,-50,100,0.8,1
trayectoria,8.29,0,400,300,0,0,2,1
trayectoria,8.29,1,405,300,-100,0,1,0
trayectoria,8.29,2,714.5,212.028,50,-100,0.8,1
trayectoria,8.29,3,85.5,387.972,-50,100,0.8,1
trayectoria,8.3,0,400,300,0,0,2,1
trayectoria,8.3,1,405,300,-100,0,1,0
trayectoria,8.3,2,715,211.028,50,-100,0.8,1
trayectoria,8.3,3,85,388.972,-50,100,0.8,1
trayectoria,8.31,0,400,300,0,0,2,1
trayectoria,8.31,1,405,300,-100,0,1,0
trayectoria,8.31,2,715.5,210.028,50,-100,0.8,1
trayectoria,8.31,3,84.5,389.972,-50,100,0.8,1
trayectoria,8.32,0,400,300,0,0,2,1
trayectoria,8.32,1,405,300,-100,0,1,0
trayectoria,8.32,2,716,209.028,50,-100,0.8,1
trayectoria,8.32,3,84,390.972,-50,100,0.8,1
trayectoria,8.33,0,400,300,0,0,2,1
trayectoria,8.33,1,405,300,-100,0,1,0
trayectoria,8.33,2,716.5,208.028,50,-100,0.8,1
trayectoria,8.33,3,83.5,391.972,-50,100,0.8,1
trayectoria,8.34,0,400,300,0,0,2,1
trayectoria,8.34,1,405,300,-100,0,1,0
trayectoria,8.34,2,717,207.028,50,-100,0.8,1
trayectoria,8.34,3,83,392.972,-50,100,0.8,1
trayectoria,8.35,0,400,300,0,0,2,1
trayectoria,8.35,1,405,300,-100,0,1,0
trayectoria,8.35,2,717.5,206.028,50,-100,0.8,1
trayectoria,8.35,3,82.5,393.972,-50,100,0.8,1
trayectoria,8.36,0,400,300,0,0,2,1
trayectoria,8.36,1,405,300,-100,0,1,0
trayectoria,8.36,2,718,205.028,50,-100,0.8,1
trayectoria,8.36,3,82,394.972,-50,100,0.8,1
trayectoria,8.37,0,400,300,0,0,2,1
trayectoria,8.37,1,405,300,-100,0,1,0
trayectoria,8.37,2,718.5,204.028,50,-100,0.8,1
trayectoria,8.37,3,81.5,395.972,-50,100,0.8,1
trayectoria,8.38,0,400,300,0,0,2,1
trayectoria,8.38,1,405,300,-100,0,1,0
trayectoria,8.38,2,719,203.028,50,-100,0.8,1
trayectoria,8.38,3,81,396.972,-50,100,0.8,1
trayectoria,8.39,0,400,300,0,0,2,1
trayectoria,8.39,1,405,300,-100,0,1,0
trayectoria,8.39,2,719.5,202.028,50,-100,0.8,1
trayectoria,8.39,3,80.5,397.972,-50,100,0.8,1
trayectoria,8.4,0,400,300,0,0,2,1
trayectoria,8.4,1,405,300,-100,0,1,0
trayectoria,8.4,2,720,201.028,50,-100,0.8,1
trayectoria,8.4,3,80,398.972,-50,100,0.8,1
trayectoria,8.41,0,400,300,0,0,2,1
trayectoria,8.41,1,405,300,-100,0,1,0
trayectoria,8.41,2,720.5,200.028,50,-100,0.8,1
trayectoria,8.41,3,79.5,399.972,-50,100,0.8,1
trayectoria,8.42,0,400,300,0,0,2,1
trayectoria,8.42,1,405,300,-100,0,1,0
trayectoria,8.42,2,721,199.028,50,-100,0.8,1
trayectoria,8.42,3,79,400.972,-50,100,0.8,1
trayectoria,8.43,0,400,300,0,0,2,1
trayectoria,8.43,1,405,300,-100,0,1,0
trayectoria,8.43,2,721.5,198.028,50,-100,0.8,1
trayectoria,8.43,3,78.5,401.972,-50,100,0.8,1
trayectoria,8.44,0,400,300,0,0,2,1
trayectoria,8.44,1,405,300,-100,0,1,0
trayectoria,8.44,2,722,197.028,50,-100,0.8,1
trayectoria,8.44,3,78,402.972,-50,100,0.8,1
trayectoria,8.45,0,400,300,0,0,2,1
trayectoria,8.45,1,405,300,-100,0,1,0
trayectoria,8.45,2,722.5,196.028,50,-100,0.8,1
trayectoria,8.45,3,77.5,403.972,-50,100,0.8,1
trayectoria,8.46,0,400,300,0,0,2,1
trayectoria,8.46,1,405,300,-100,0,1,0
trayectoria,8.46,2,723,195.028,50,-100,0.8,1
trayectoria,8.46,3,77,404.972,-50,100,0.8,1
trayectoria,8.47,0,400,300,0,0,2,1
trayectoria,8.47,1,405,300,-100,0,1,0
trayectoria,8.47,2,723.5,194.028,50,-100,0.8,1
trayectoria,8.47,3,76.5,405.972,-50,100,0.8,1
trayectoria,8.48,0,400,300,0,0,2,1
trayectoria,8.48,1,405,300,-100,0,1,0
trayectoria,8.48,2,724,193.028,50,-100,0.8,1
trayectoria,8.48,3,76,406.972,-50,100,0.8,1
trayectoria,8.49,0,400,300,0,0,2,1
trayectoria,8.49,1,405,300,-100,0,1,0
trayectoria,8.49,2,724.5,192.028,50,-100,0.8,1
trayectoria,8.49,3,75.5,407.972,-50,100,0.8,1
trayectoria,8.5,0,400,300,0,0,2,1
trayectoria,8.5,1,405,300,-100,0,1,0
trayectoria,8.5,2,725,191.028,50,-100,0.8,1
trayectoria,8.5,3,75,408.972,-50,100,0.8,1
trayectoria,8.51,0,400,300,0,0,2,1
trayectoria,8.51,1,405,300,-100,0,1,0
trayectoria,8.51,2,725.5,190.028,50,-100,0.8,1
trayectoria,8.51,3,74.5,409.972,-50,100,0.8,1
trayectoria,8.52,0,400,300,0,0,2,1
trayectoria,8.52,1,405,300,-100,0,1,0
trayectoria,8.52,2,726,189.028,50,-100,0.8,1
trayectoria,8.52,3,74,410.972,-50,100,0.8,1
trayectoria,8.53,0,400,300,0,0,2,1
trayectoria,8.53,1,405,300,-100,0,1,0
trayectoria,8.53,2,726.5,188.028,50,-100,0.8,1
trayectoria,8.53,3,73.5,411.972,-50,100,0.8,1
trayectoria,8.54,0,400,300,0,0,2,1
trayectoria,8.54,1,405,300,-100,0,1,0
trayectoria,8.54,2,727,187.028,50,-100,0.8,1
trayectoria,8.54,3,73,412.972,-50,100,0.8,1
trayectoria,8.55,0,400,300,0,0,2,1
trayectoria,8.55,1,405,300,-100,0,1,0
trayectoria,8.55,2,727.5,186.028,50,-100,0.8,1
trayectoria,8.55,3,72.5,413.972,-50,100,0.8,1
trayectoria,8.56,0,400,300,0,0,2,1
trayectoria,8.56,1,405,300,-100,0,1,0
trayectoria,8.56,2,728,185.028,50,-100,0.8,1
trayectoria,8.56,3,72,414.972,-50,100,0.8,1
trayectoria,8.57,0,400,300,0,0,2,1
trayectoria,8.57,1,405,300,-100,0,1,0
trayectoria,8.57,2,728.5,184.028,50,-100,0.8,1
trayectoria,8.57,3,71.5,415.972,-50,100,0.8,1
trayectoria,8.58,0,400,300,0,0,2,1
trayectoria,8.58,1,405,300,-100,0,1,0
trayectoria,8.58,2,729,183.028,50,-100,0.8,1
trayectoria,8.58,3,71,416.972,-50,100,0.8,1
trayectoria,8.59,0,400,300,0,0,2,1
trayectoria,8.59,1,405,300,-100,0,1,0
trayectoria,8.59,2,729.5,182.028,50,-100,0.8,1
trayectoria,8.59,3,70.5,417.972,-50,100,0.8,1
trayectoria,8.6,0,400,300,0,0,2,1
trayectoria,8.6,1,405,300,-100,0,1,0
trayectoria,8.6,2,730,181.028,50,-100,0.8,1
trayectoria,8.6,3,70,418.972,-50,100,0.8,1
trayectoria,8.61,0,400,300,0,0,2,1
trayectoria,8.61,1,405,300,-100,0,1,0
trayectoria,8.61,2,730.5,180.028,50,-100,0.8,1
trayectoria,8.61,3,69.5,419.972,-50,100,0.8,1
trayectoria,8.62,0,400,300,0,0,2,1
trayectoria,8.62,1,405,300,-100,0,1,0
trayectoria,8.62,2,731,179.028,50,-100,0.8,1
trayectoria,8.62,3,69,420.972,-50,100,0.8,1
trayectoria,8.63,0,400,300,0,0,2,1
trayectoria,8.63,1,405,300,-100,0,1,0
trayectoria,8.63,2,731.5,178.028,50,-100,0.8,1
trayectoria,8.63,3,68.5,421.972,-50,100,0.8,1
trayectoria,8.64,0,400,300,0,0,2,1
trayectoria,8.64,1,405,300,-100,0,1,0
trayectoria,8.64,2,732,177.028,50,-100,0.8,1
trayectoria,8.64,3,68,422.972,-50,100,0.8,1
trayectoria,8.65,0,400,300,0,0,2,1
trayectoria,8.65,1,405,300,-100,0,1,0
trayectoria,8.65,2,732.5,176.028,50,-100,0.8,1
trayectoria,8.65,3,67.5,423.972,-50,100,0.8,1
trayectoria,8.66,0,400,300,0,0,2,1
trayectoria,8.66,1,405,300,-100,0,1,0
trayectoria,8.66,2,733,175.028,50,-100,0.8,1
trayectoria,8.66,3,67,424.972,-50,100,0.8,1
trayectoria,8.67,0,400,300,0,0,2,1
trayectoria,8.67,1,405,300,-100,0,1,0
trayectoria,8.67,2,733.5,174.028,50,-100,0.8,1
trayectoria,8.67,3,66.5,425.972,-50,100,0.8,1
trayectoria,8.68,0,400,300,0,0,2,1
trayectoria,8.68,1,405,300,-100,0,1,0
trayectoria,8.68,2,734,173.028,50,-100,0.8,1
trayectoria,8.68,3,66,426.972,-50,100,0.8,1
trayectoria,8.69,0,400,300,0,0,2,1
trayectoria,8.69,1,405,300,-100,0,1,0
trayectoria,8.69,2,734.5,172.028,50,-100,0.8,1
trayectoria,8.69,3,65.5,427.972,-50,100,0.8,1
trayectoria,8.7,0,400,300,0,0,2,1
trayectoria,8.7,1,405,300,-100,0,1,0
trayectoria,8.7,2,735,171.028,50,-100,0.8,1
trayectoria,8.7,3,65,428.972,-50,100,0.8,1
trayectoria,8.71,0,400,300,0,0,2,1
trayectoria,8.71,1,405,300,-100,0,1,0
trayectoria,8.71,2,735.5,170.028,50,-100,0.8,1
trayectoria,8.71,3,64.5,429.972,-50,100,0.8,1
trayectoria,8.72,0,400,300,0,0,2,1
trayectoria,8.72,1,405,300,-100,0,1,0
trayectoria,8.72,2,736,169.028,50,-100,0.8,1
trayectoria,8.72,3,64,430.972,-50,100,0.8,1
trayectoria,8.73,0,400,300,0,0,2,1
trayectoria,8.73,1,405,300,-100,0,1,0
trayectoria,8.73,2,736.5,168.028,50,-100,0.8,1
trayectoria,8.73,3,63.5,431.972,-50,100,0.8,1
trayectoria,8.74,0,400,300,0,0,2,1
trayectoria,8.74,1,405,300,-100,0,1,0
trayectoria,8.74,2,737,167.028,50,-100,0.8,1
trayectoria,8.74,3,63,432.972,-50,100,0.8,1
trayectoria,8.75,0,400,300,0,0,2,1
trayectoria,8.75,1,405,300,-100,0,1,0
trayectoria,8.75,2,737.5,166.028,50,-100,0.8,1
trayectoria,8.75,3,62.5,433.972,-50,100,0.8,1
trayectoria,8.76,0,400,300,0,0,2,1
trayectoria,8.76,1,405,300,-100,0,1,0
trayectoria,8.76,2,738,165.028,50,-100,0.8,1
trayectoria,8.76,3,62,434.972,-50,100,0.8,1
trayectoria,8.77,0,400,300,0,0,2,1
trayectoria,8.77,1,405,300,-100,0,1,0
trayectoria,8.77,2,738.5,164.028,50,-100,0.8,1
trayectoria,8.77,3,61.5,435.972,-50,100,0.8,1
trayectoria,8.78,0,400,300,0,0,2,1
trayectoria,8.78,1,405,300,-100,0,1,0
trayectoria,8.78,2,739,163.028,50,-100,0.8,1
trayectoria,8.78,3,61,436.972,-50,100,0.8,1
trayectoria,8.79,0,400,300,0,0,2,1
trayectoria,8.79,1,405,300,-100,0,1,0
trayectoria,8.79,2,739.5,162.028,50,-100,0.8,1
trayectoria,8.79,3,60.5,437.972,-50,100,0.8,1
trayectoria,8.8,0,400,300,0,0,2,1
trayectoria,8.8,1,405,300,-100,0,1,0
trayectoria,8.8,2,740,161.028,50,-100,0.8,1
trayectoria,8.8,3,60,438.972,-50,100,0.8,1
trayectoria,8.81,0,400,300,0,0,2,1
trayectoria,8.81,1,405,300,-100,0,1,0
trayectoria,8.81,2,740.5,160.028,50,-100,0.8,1
trayectoria,8.81,3,59.5,439.972,-50,100,0.8,1
trayectoria,8.82,0,400,300,0,0,2,1
trayectoria,8.82,1,405,300,-100,0,1,0
trayectoria,8.82,2,741,159.028,50,-100,0.8,1
trayectoria,8.82,3,59,440.972,-50,100,0.8,1
trayectoria,8.83,0,400,300,0,0,2,1
trayectoria,8.83,1,405,300,-100,0,1,0
trayectoria,8.83,2,741.5,158.028,50,-100,0.8,1
trayectoria,8.83,3,58.5,441.972,-50,100,0.8,1
trayectoria,8.84,0,400,300,0,0,2,1
trayectoria,8.84,1,405,300,-100,0,1,0
trayectoria,8.84,2,742,157.028,50,-100,0.8,1
trayectoria,8.84,3,58,442.972,-50,100,0.8,1
trayectoria,8.85,0,400,300,0,0,2,1
trayectoria,8.85,1,405,300,-100,0,1,0
trayectoria,8.85,2,742.5,156.028,50,-100,0.8,1
trayectoria,8.85,3,57.5,443.972,-50,100,0.8,1
trayectoria,8.86,0,400,300,0,0,2,1
trayectoria,8.86,1,405,300,-100,0,1,0
trayectoria,8.86,2,743,155.028,50,-100,0.8,1
trayectoria,8.86,3,57,444.972,-50,100,0.8,1
trayectoria,8.87,0,400,300,0,0,2,1
trayectoria,8.87,1,405,300,-100,0,1,0
trayectoria,8.87,2,743.5,154.028,50,-100,0.8,1
trayectoria,8.87,3,56.5,445.972,-50,100,0.8,1
trayectoria,8.88,0,400,300,0,0,2,1
trayectoria,8.88,1,405,300,-100,0,1,0
trayectoria,8.88,2,744,153.028,50,-100,0.8,1
trayectoria,8.88,3,56,446.972,-50,100,0.8,1
trayectoria,8.89,0,400,300,0,0,2,1
trayectoria,8.89,1,405,300,-100,0,1,0
trayectoria,8.89,2,744.5,152.028,50,-100,0.8,1
trayectoria,8.89,3,55.5,447.972,-50,100,0.8,1
trayectoria,8.9,0,400,300,0,0,2,1
trayectoria,8.9,1,405,300,-100,0,1,0
trayectoria,8.9,2,745,151.028,50,-100,0.8,1
trayectoria,8.9,3,55,448.972,-50,100,0.8,1
trayectoria,8.91,0,400,300,0,0,2,1
trayectoria,8.91,1,405,300,-100,0,1,0
trayectoria,8.91,2,745.5,150.028,50,-100,0.8,1
trayectoria,8.91,3,54.5,449.972,-50,100,0.8,1
trayectoria,8.92,0,400,300,0,0,2,1
trayectoria,8.92,1,405,300,-100,0,1,0
trayectoria,8.92,2,746,149.028,50,-100,0.8,1
trayectoria,8.92,3,54,450.972,-50,100,0.8,1
trayectoria,8.93,0,400,300,0,0,2,1
trayectoria,8.93,1,405,300,-100,0,1,0
trayectoria,8.93,2,746.5,148.028,50,-100,0.8,1
trayectoria,8.93,3,53.5,451.972,-50,100,0.8,1
trayectoria,8.94,0,400,300,0,0,2,1
trayectoria,8.94,1,405,300,-100,0,1,0
trayectoria,8.94,2,747,147.028,50,-100,0.8,1
trayectoria,8.94,3,53,452.972,-50,100,0.8,1
trayectoria,8.95,0,400,300,0,0,2,1
trayectoria,8.95,1,405,300,-100,0,1,0
trayectoria,8.95,2,747.5,146.028,50,-100,0.8,1
trayectoria,8.95,3,52.5,453.972,-50,100,0.8,1
trayectoria,8.96,0,400,300,0,0,2,1
trayectoria,8.96,1,405,300,-100,0,1,0
trayectoria,8.96,2,748,145.028,50,-100,0.8,1
trayectoria,8.96,3,52,454.972,-50,100,0.8,1
trayectoria,8.97,0,400,300,0,0,2,1
trayectoria,8.97,1,405,300,-100,0,1,0
trayectoria,8.97,2,748.5,144.028,50,-100,0.8,1
trayectoria,8.97,3,51.5,455.972,-50,100,0.8,1
trayectoria,8.98,0,400,300,0,0,2,1
trayectoria,8.98,1,405,300,-100,0,1,0
trayectoria,8.98,2,749,143.028,50,-100,0.8,1
trayectoria,8.98,3,51,456.972,-50,100,0.8,1
trayectoria,8.99,0,400,300,0,0,2,1
trayectoria,8.99,1,405,300,-100,0,1,0
trayectoria,8.99,2,749.5,142.028,50,-100,0.8,1
trayectoria,8.99,3,50.5,457.972,-50,100,0.8,1
trayectoria,9,0,400,300,0,0,2,1
trayectoria,9,1,405,300,-100,0,1,0
trayectoria,9,2,750,141.028,50,-100,0.8,1
trayectoria,9,3,50,458.972,-50,100,0.8,1
trayectoria,9.01,0,400,300,0,0,2,1
trayectoria,9.01,1,405,300,-100,0,1,0
trayectoria,9.01,2,750.5,140.028,50,-100,0.8,1
trayectoria,9.01,3,49.5,459.972,-50,100,0.8,1
trayectoria,9.02,0,400,300,0,0,2,1
trayectoria,9.02,1,405,300,-100,0,1,0
trayectoria,9.02,2,751,139.028,50,-100,0.8,1
trayectoria,9.02,3,49,460.972,-50,100,0.8,1
trayectoria,9.03,0,400,300,0,0,2,1
trayectoria,9.03,1,405,300,-100,0,1,0
trayectoria,9.03,2,751.5,138.028,50,-100,0.8,1
trayectoria,9.03,3,48.5,461.972,-50,100,0.8,1
trayectoria,9.04,0,400,300,0,0,2,1
trayectoria,9.04,1,405,300,-100,0,1,0
trayectoria,9.04,2,752,137.028,50,-100,0.8,1
trayectoria,9.04,3,48,462.972,-50,100,0.8,1
trayectoria,9.05,0,400,300,0,0,2,1
trayectoria,9.05,1,405,300,-100,0,1,0
trayectoria,9.05,2,752.5,136.028,50,-100,0.8,1
trayectoria,9.05,3,47.5,463.972,-50,100,0.8,1
trayectoria,9.06,0,400,300,0,0,2,1
trayectoria,9.06,1,405,300,-100,0,1,0
trayectoria,9.06,2,753,135.028,50,-100,0.8,1
trayectoria,9.06,3,47,464.972,-50,100,0.8,1
trayectoria,9.07,0,400,300,0,0,2,1
trayectoria,9.07,1,405,300,-100,0,1,0
trayectoria,9.07,2,753.5,134.028,50,-100,0.8,1
trayectoria,9.07,3,46.5,465.972,-50,100,0.8,1
trayectoria,9.08,0,400,300,0,0,2,1
trayectoria,9.08,1,405,300,-100,0,1,0
trayectoria,9.08,2,754,133.028,50,-100,0.8,1
trayectoria,9.08,3,46,466.972,-50,100,0.8,1
trayectoria,9.09,0,400,300,0,0,2,1
trayectoria,9.09,1,405,300,-100,0,1,0
trayectoria,9.09,2,754.5,132.028,50,-100,0.8,1
trayectoria,9.09,3,45.5,467.972,-50,100,0.8,1
trayectoria,9.1,0,400,300,0,0,2,1
trayectoria,9.1,1,405,300,-100,0,1,0
trayectoria,9.1,2,755,131.028,50,-100,0.8,1
trayectoria,9.1,3,45,468.972,-50,100,0.8,1
trayectoria,9.11,0,400,300,0,0,2,1
trayectoria,9.11,1,405,300,-100,0,1,0
trayectoria,9.11,2,755.5,130.028,50,-100,0.8,1
trayectoria,9.11,3,44.5,469.972,-50,100,0.8,1
trayectoria,9.12,0,400,300,0,0,2,1
trayectoria,9.12,1,405,300,-100,0,1,0
trayectoria,9.12,2,756,129.028,50,-100,0.8,1
trayectoria,9.12,3,44,470.972,-50,100,0.8,1
trayectoria,9.13,0,400,300,0,0,2,1
trayectoria,9.13,1,405,300,-100,0,1,0
trayectoria,9.13,2,756.5,128.028,50,-100,0.8,1
trayectoria,9.13,3,43.5,471.972,-50,100,0.8,1
trayectoria,9.14,0,400,300,0,0,2,1
trayectoria,9.14,1,405,300,-100,0,1,0
trayectoria,9.14,2,757,127.028,50,-100,0.8,1
trayectoria,9.14,3,43,472.972,-50,100,0.8,1
trayectoria,9.15,0,400,300,0,0,2,1
trayectoria,9.15,1,405,300,-100,0,1,0
trayectoria,9.15,2,757.5,126.028,50,-100,0.8,1
trayectoria,9.15,3,42.5,473.972,-50,100,0.8,1
trayectoria,9.16,0,400,300,0,0,2,1
trayectoria,9.16,1,405,300,-100,0,1,0
trayectoria,9.16,2,758,125.028,50,-100,0.8,1
trayectoria,9.16,3,42,474.972,-50,100,0.8,1
trayectoria,9.17,0,400,300,0,0,2,1
trayectoria,9.17,1,405,300,-100,0,1,0
trayectoria,9.17,2,758.5,124.028,50,-100,0.8,1
trayectoria,9.17,3,41.5,475.972,-50,100,0.8,1
trayectoria,9.18,0,400,300,0,0,2,1
trayectoria,9.18,1,405,300,-100,0,1,0
trayectoria,9.18,2,759,123.028,50,-100,0.8,1
trayectoria,9.18,3,41,476.972,-50,100,0.8,1
trayectoria,9.19,0,400,300,0,0,2,1
trayectoria,9.19,1,405,300,-100,0,1,0
trayectoria,9.19,2,759.5,122.028,50,-100,0.8,1
trayectoria,9.19,3,40.5,477.972,-50,100,0.8,1
trayectoria,9.2,0,400,300,0,0,2,1
trayectoria,9.2,1,405,300,-100,0,1,0
trayectoria,9.2,2,760,121.028,50,-100,0.8,1
trayectoria,9.2,3,40,478.972,-50,100,0.8,1
trayectoria,9.21,0,400,300,0,0,2,1
trayectoria,9.21,1,405,300,-100,0,1,0
trayectoria,9.21,2,760.5,120.028,50,-100,0.8,1
trayectoria,9.21,3,39.5,479.972,-50,100,0.8,1
trayectoria,9.22,0,400,300,0,0,2,1
trayectoria,9.22,1,405,300,-100,0,1,0
trayectoria,9.22,2,761,119.028,50,-100,0.8,1
trayectoria,9.22,3,39,480.972,-50,100,0.8,1
trayectoria,9.23,0,400,300,0,0,2,1
trayectoria,9.23,1,405,300,-100,0,1,0
trayectoria,9.23,2,761.5,118.028,50,-100,0.8,1
trayectoria,9.23,3,38.5,481.972,-50,100,0.8,1
trayectoria,9.24,0,400,300,0,0,2,1
trayectoria,9.24,1,405,300,-100,0,1,0
trayectoria,9.24,2,762,117.028,50,-100,0.8,1
trayectoria,9.24,3,38,482.972,-50,100,0.8,1
trayectoria,9.25,0,400,300,0,0,2,1
trayectoria,9.25,1,405,300,-100,0,1,0
trayectoria,9.25,2,762.5,116.028,50,-100,0.8,1
trayectoria,9.25,3,37.5,483.972,-50,100,0.8,1
trayectoria,9.26,0,400,300,0,0,2,1
trayectoria,9.26,1,405,300,-100,0,1,0
trayectoria,9.26,2,763,115.028,50,-100,0.8,1
trayectoria,9.26,3,37,484.972,-50,100,0.8,1
trayectoria,9.27,0,400,300,0,0,2,1
trayectoria,9.27,1,405,300,-100,0,1,0
trayectoria,9.27,2,763.5,114.028,50,-100,0.8,1
trayectoria,9.27,3,36.5,485.972,-50,100,0.8,1
trayectoria,9.28,0,400,300,0,0,2,1
trayectoria,9.28,1,405,300,-100,0,1,0
trayectoria,9.28,2,764,113.028,50,-100,0.8,1
trayectoria,9.28,3,36,486.972,-50,100,0.8,1
trayectoria,9.29,0,400,300,0,0,2,1
trayectoria,9.29,1,405,300,-100,0,1,0
trayectoria,9.29,2,764.5,112.028,50,-100,0.8,1
trayectoria,9.29,3,35.5,487.972,-50,100,0.8,1
trayectoria,9.3,0,400,300,0,0,2,1
trayectoria,9.3,1,405,300,-100,0,1,0
trayectoria,9.3,2,765,111.028,50,-100,0.8,1
trayectoria,9.3,3,35,488.972,-50,100,0.8,1
trayectoria,9.31,0,400,300,0,0,2,1
trayectoria,9.31,1,405,300,-100,0,1,0
trayectoria,9.31,2,765.5,110.028,50,-100,0.8,1
trayectoria,9.31,3,34.5,489.972,-50,100,0.8,1
trayectoria,9.32,0,400,300,0,0,2,1
trayectoria,9.32,1,405,300,-100,0,1,0
trayectoria,9.32,2,766,109.028,50,-100,0.8,1
trayectoria,9.32,3,34,490.972,-50,100,0.8,1
trayectoria,9.33,0,400,300,0,0,2,1
trayectoria,9.33,1,405,300,-100,0,1,0
trayectoria,9.33,2,766.5,108.028,50,-100,0.8,1
trayectoria,9.33,3,33.5,491.972,-50,100,0.8,1
trayectoria,9.34,0,400,300,0,0,2,1
trayectoria,9.34,1,405,300,-100,0,1,0
trayectoria,9.34,2,767,107.028,50,-100,0.8,1
trayectoria,9.34,3,33,492.972,-50,100,0.8,1
trayectoria,9.35,0,400,300,0,0,2,1
trayectoria,9.35,1,405,300,-100,0,1,0
trayectoria,9.35,2,767.5,106.028,50,-100,0.8,1
trayectoria,9.35,3,32.5,493.972,-50,100,0.8,1
trayectoria,9.36,0,400,300,0,0,2,1
trayectoria,9.36,1,405,300,-100,0,1,0
trayectoria,9.36,2,768,105.028,50,-100,0.8,1
trayectoria,9.36,3,32,494.972,-50,100,0.8,1
trayectoria,9.37,0,400,300,0,0,2,1
trayectoria,9.37,1,405,300,-100,0,1,0
trayectoria,9.37,2,768.5,104.028,50,-100,0.8,1
trayectoria,9.37,3,31.5,495.972,-50,100,0.8,1
trayectoria,9.38,0,400,300,0,0,2,1
trayectoria,9.38,1,405,300,-100,0,1,0
trayectoria,9.38,2,769,103.028,50,-100,0.8,1
trayectoria,9.38,3,31,496.972,-50,100,0.8,1
trayectoria,9.39,0,400,300,0,0,2,1
trayectoria,9.39,1,405,300,-100,0,1,0
trayectoria,9.39,2,769.5,102.028,50,-100,0.8,1
trayectoria,9.39,3,30.5,497.972,-50,100,0.8,1
trayectoria,9.4,0,400,300,0,0,2,1
trayectoria,9.4,1,405,300,-100,0,1,0
trayectoria,9.4,2,770,101.028,50,-100,0.8,1
trayectoria,9.4,3,30,498.972,-50,100,0.8,1
trayectoria,9.41,0,400,300,0,0,2,1
trayectoria,9.41,1,405,300,-100,0,1,0
trayectoria,9.41,2,770.5,100.028,50,-100,0.8,1
trayectoria,9.41,3,29.5,499.972,-50,100,0.8,1
trayectoria,9.42,0,400,300,0,0,2,1
trayectoria,9.42,1,405,300,-100,0,1,0
trayectoria,9.42,2,771,99.0279,50,-100,0.8,1
trayectoria,9.42,3,29,500.972,-50,100,0.8,1
trayectoria,9.43,0,400,300,0,0,2,1
trayectoria,9.43,1,405,300,-100,0,1,0
trayectoria,9.43,2,771.5,98.0279,50,-100,0.8,1
trayectoria,9.43,3,28.5,501.972,-50,100,0.8,1
trayectoria,9.44,0,400,300,0,0,2,1
trayectoria,9.44,1,405,300,-100,0,1,0
trayectoria,9.44,2,772,97.0279,50,-100,0.8,1
trayectoria,9.44,3,28,502.972,-50,100,0.8,1
trayectoria,9.45,0,400,300,0,0,2,1
trayectoria,9.45,1,405,300,-100,0,1,0
trayectoria,9.45,2,772.5,96.0279,50,-100,0.8,1
trayectoria,9.45,3,27.5,503.972,-50,100,0.8,1
trayectoria,9.46,0,400,300,0,0,2,1
trayectoria,9.46,1,405,300,-100,0,1,0
trayectoria,9.46,2,773,95.0279,50,-100,0.8,1
trayectoria,9.46,3,27,504.972,-50,100,0.8,1
trayectoria,9.47,0,400,300,0,0,2,1
trayectoria,9.47,1,405,300,-100,0,1,0
trayectoria,9.47,2,773.5,94.0279,50,-100,0.8,1
trayectoria,9.47,3,26.5,505.972,-50,100,0.8,1
trayectoria,9.48,0,400,300,0,0,2,1
trayectoria,9.48,1,405,300,-100,0,1,0
trayectoria,9.48,2,774,93.0279,50,-100,0.8,1
trayectoria,9.48,3,26,506.972,-50,100,0.8,1
trayectoria,9.49,0,400,300,0,0,2,1
trayectoria,9.49,1,405,300,-100,0,1,0
trayectoria,9.49,2,774.5,92.0279,50,-100,0.8,1
trayectoria,9.49,3,25.5,507.972,-50,100,0.8,1
trayectoria,9.5,0,400,300,0,0,2,1
trayectoria,9.5,1,405,300,-100,0,1,0
trayectoria,9.5,2,775,91.0279,50,-100,0.8,1
trayectoria,9.5,3,25,508.972,-50,100,0.8,1
trayectoria,9.51,0,400,300,0,0,2,1
trayectoria,9.51,1,405,300,-100,0,1,0
trayectoria,9.51,2,775.5,90.0279,50,-100,0.8,1
trayectoria,9.51,3,24.5,509.972,-50,100,0.8,1
trayectoria,9.52,0,400,300,0,0,2,1
trayectoria,9.52,1,405,300,-100,0,1,0
trayectoria,9.52,2,776,89.0279,50,-100,0.8,1
trayectoria,9.52,3,24,510.972,-50,100,0.8,1
trayectoria,9.53,0,400,300,0,0,2,1
trayectoria,9.53,1,405,300,-100,0,1,0
trayectoria,9.53,2,776.5,88.0279,50,-100,0.8,1
trayectoria,9.53,3,23.5,511.972,-50,100,0.8,1
trayectoria,9.54,0,400,300,0,0,2,1
trayectoria,9.54,1,405,300,-100,0,1,0
trayectoria,9.54,2,777,87.0279,50,-100,0.8,1
trayectoria,9.54,3,23,512.972,-50,100,0.8,1
trayectoria,9.55,0,400,300,0,0,2,1
trayectoria,9.55,1,405,300,-100,0,1,0
trayectoria,9.55,2,777.5,86.0279,50,-100,0.8,1
trayectoria,9.55,3,22.5,513.972,-50,100,0.8,1
trayectoria,9.56,0,400,300,0,0,2,1
trayectoria,9.56,1,405,300,-100,0,1,0
trayectoria,9.56,2,778,85.0279,50,-100,0.8,1
trayectoria,9.56,3,22,514.972,-50,100,0.8,1
trayectoria,9.57,0,400,300,0,0,2,1
trayectoria,9.57,1,405,300,-100,0,1,0
trayectoria,9.57,2,778.5,84.0279,50,-100,0.8,1
trayectoria,9.57,3,21.5,515.972,-50,100,0.8,1
trayectoria,9.58,0,400,300,0,0,2,1
trayectoria,9.58,1,405,300,-100,0,1,0
trayectoria,9.58,2,779,83.0279,50,-100,0.8,1
trayectoria,9.58,3,21,516.972,-50,100,0.8,1
trayectoria,9.59,0,400,300,0,0,2,1
trayectoria,9.59,1,405,300,-100,0,1,0
trayectoria,9.59,2,779.5,82.0279,50,-100,0.8,1
trayectoria,9.59,3,20.5,517.972,-50,100,0.8,1
trayectoria,9.6,0,400,300,0,0,2,1
trayectoria,9.6,1,405,300,-100,0,1,0
trayectoria,9.6,2,780,81.0279,50,-100,0.8,1
trayectoria,9.6,3,20,518.972,-50,100,0.8,1
trayectoria,9.61,0,400,300,0,0,2,1
trayectoria,9.61,1,405,300,-100,0,1,0
trayectoria,9.61,2,780.5,80.0279,50,-100,0.8,1
trayectoria,9.61,3,19.5,519.972,-50,100,0.8,1
trayectoria,9.62,0,400,300,0,0,2,1
trayectoria,9.62,1,405,300,-100,0,1,0
trayectoria,9.62,2,781,79.0279,50,-100,0.8,1
trayectoria,9.62,3,19,520.972,-50,100,0.8,1
trayectoria,9.63,0,400,300,0,0,2,1
trayectoria,9.63,1,405,300,-100,0,1,0
trayectoria,9.63,2,781.5,78.0279,50,-100,0.8,1
trayectoria,9.63,3,18.5,521.972,-50,100,0.8,1
trayectoria,9.64,0,400,300,0,0,2,1
trayectoria,9.64,1,405,300,-100,0,1,0
trayectoria,9.64,2,782,77.0279,50,-100,0.8,1
trayectoria,9.64,3,18,522.972,-50,100,0.8,1
trayectoria,9.65,0,400,300,0,0,2,1
trayectoria,9.65,1,405,300,-100,0,1,0
trayectoria,9.65,2,782.5,76.0279,50,-100,0.8,1
trayectoria,9.65,3,17.5,523.972,-50,100,0.8,1
trayectoria,9.66,0,400,300,0,0,2,1
trayectoria,9.66,1,405,300,-100,0,1,0
trayectoria,9.66,2,783,75.0279,50,-100,0.8,1
trayectoria,9.66,3,17,524.972,-50,100,0.8,1
trayectoria,9.67,0,400,300,0,0,2,1
trayectoria,9.67,1,405,300,-100,0,1,0
trayectoria,9.67,2,783.5,74.0279,50,-100,0.8,1
trayectoria,9.67,3,16.5,525.972,-50,100,0.8,1
trayectoria,9.68,0,400,300,0,0,2,1
trayectoria,9.68,1,405,300,-100,0,1,0
trayectoria,9.68,2,784,73.0279,50,-100,0.8,1
trayectoria,9.68,3,16,526.972,-50,100,0.8,1
trayectoria,9.69,0,400,300,0,0,2,1
trayectoria,9.69,1,405,300,-100,0,1,0
trayectoria,9.69,2,784.5,72.0279,50,-100,0.8,1
trayectoria,9.69,3,15.5,527.972,-50,100,0.8,1
trayectoria,9.7,0,400,300,0,0,2,1
trayectoria,9.7,1,405,300,-100,0,1,0
trayectoria,9.7,2,785,71.0279,50,-100,0.8,1
trayectoria,9.7,3,15,528.972,-50,100,0.8,1
trayectoria,9.71,0,400,300,0,0,2,1
trayectoria,9.71,1,405,300,-100,0,1,0
trayectoria,9.71,2,785.5,70.0279,50,-100,0.8,1
trayectoria,9.71,3,14.5,529.972,-50,100,0.8,1
trayectoria,9.72,0,400,300,0,0,2,1
trayectoria,9.72,1,405,300,-100,0,1,0
trayectoria,9.72,2,786,69.0279,50,-100,0.8,1
trayectoria,9.72,3,14,530.972,-50,100,0.8,1
trayectoria,9.73,0,400,300,0,0,2,1
trayectoria,9.73,1,405,300,-100,0,1,0
trayectoria,9.73,2,786.5,68.0279,50,-100,0.8,1
trayectoria,9.73,3,13.5,531.972,-50,100,0.8,1
trayectoria,9.74,0,400,300,0,0,2,1
trayectoria,9.74,1,405,300,-100,0,1,0
trayectoria,9.74,2,787,67.0279,50,-100,0.8,1
trayectoria,9.74,3,13,532.972,-50,100,0.8,1
trayectoria,9.75,0,400,300,0,0,2,1
trayectoria,9.75,1,405,300,-100,0,1,0
trayectoria,9.75,2,787.5,66.0279,50,-100,0.8,1
trayectoria,9.75,3,12.5,533.972,-50,100,0.8,1
trayectoria,9.76,0,400,300,0,0,2,1
trayectoria,9.76,1,405,300,-100,0,1,0
trayectoria,9.76,2,788,65.0279,50,-100,0.8,1
trayectoria,9.76,3,12,534.972,-50,100,0.8,1
trayectoria,9.77,0,400,300,0,0,2,1
trayectoria,9.77,1,405,300,-100,0,1,0
trayectoria,9.77,2,788.5,64.0279,50,-100,0.8,1
trayectoria,9.77,3,11.5,535.972,-50,100,0.8,1
trayectoria,9.78,0,400,300,0,0,2,1
trayectoria,9.78,1,405,300,-100,0,1,0
trayectoria,9.78,2,789,63.0279,50,-100,0.8,1
trayectoria,9.78,3,11,536.972,-50,100,0.8,1
trayectoria,9.79,0,400,300,0,0,2,1
trayectoria,9.79,1,405,300,-100,0,1,0
trayectoria,9.79,2,789.5,62.0279,50,-100,0.8,1
trayectoria,9.79,3,10.5,537.972,-50,100,0.8,1
trayectoria,9.8,0,400,300,0,0,2,1
trayectoria,9.8,1,405,300,-100,0,1,0
trayectoria,9.8,2,790,61.0279,50,-100,0.8,1
trayectoria,9.8,3,10,538.972,-50,100,0.8,1
trayectoria,9.81,0,400,300,0,0,2,1
trayectoria,9.81,1,405,300,-100,0,1,0
trayectoria,9.81,2,790.5,60.0279,50,-100,0.8,1
trayectoria,9.81,3,9.5,539.972,-50,100,0.8,1
trayectoria,9.82,0,400,300,0,0,2,1
trayectoria,9.82,1,405,300,-100,0,1,0
trayectoria,9.82,2,791,59.0279,50,-100,0.8,1
trayectoria,9.82,3,9,540.972,-50,100,0.8,1
trayectoria,9.83,0,400,300,0,0,2,1
trayectoria,9.83,1,405,300,-100,0,1,0
trayectoria,9.83,2,791.5,58.0279,50,-100,0.8,1
trayectoria,9.83,3,8.5,541.972,-50,100,0.8,1
trayectoria,9.84,0,400,300,0,0,2,1
trayectoria,9.84,1,405,300,-100,0,1,0
trayectoria,9.84,2,792,57.0279,50,-100,0.8,1
trayectoria,9.84,3,8,542.972,-50,100,0.8,1
trayectoria,9.85,0,400,300,0,0,2,1
trayectoria,9.85,1,405,300,-100,0,1,0
trayectoria,9.85,2,792.5,56.0279,50,-100,0.8,1
trayectoria,9.85,3,7.5,543.972,-50,100,0.8,1
trayectoria,9.86,0,400,300,0,0,2,1
trayectoria,9.86,1,405,300,-100,0,1,0
trayectoria,9.86,2,793,55.0279,50,-100,0.8,1
trayectoria,9.86,3,7,544.972,-50,100,0.8,1
trayectoria,9.87,0,400,300,0,0,2,1
trayectoria,9.87,1,405,300,-100,0,1,0
trayectoria,9.87,2,793.5,54.0279,50,-100,0.8,1
trayectoria,9.87,3,6.5,545.972,-50,100,0.8,1
trayectoria,9.88,0,400,300,0,0,2,1
trayectoria,9.88,1,405,300,-100,0,1,0
trayectoria,9.88,2,794,53.0279,50,-100,0.8,1
trayectoria,9.88,3,6,546.972,-50,100,0.8,1
trayectoria,9.89,0,400,300,0,0,2,1
trayectoria,9.89,1,405,300,-100,0,1,0
trayectoria,9.89,2,794.5,52.0279,50,-100,0.8,1
trayectoria,9.89,3,5.5,547.972,-50,100,0.8,1
trayectoria,9.9,0,400,300,0,0,2,1
trayectoria,9.9,1,405,300,-100,0,1,0
trayectoria,9.9,2,795,51.0279,50,-100,0.8,1
trayectoria,9.9,3,5,548.972,-50,100,0.8,1
trayectoria,9.91,0,400,300,0,0,2,1
trayectoria,9.91,1,405,300,-100,0,1,0
trayectoria,9.91,2,795.5,50.0279,50,-100,0.8,1
trayectoria,9.91,3,4.5,549.972,-50,100,0.8,1
trayectoria,9.92,0,400,300,0,0,2,1
trayectoria,9.92,1,405,300,-100,0,1,0
trayectoria,9.92,2,795.028,49.0279,-50,-100,0.8,1
trayectoria,9.92,3,4.97214,550.972,50,100,0.8,1
trayectoria,9.93,0,400,300,0,0,2,1
trayectoria,9.93,1,405,300,-100,0,1,0
trayectoria,9.93,2,794.528,48.0279,-50,-100,0.8,1
trayectoria,9.93,3,5.47214,551.972,50,100,0.8,1
trayectoria,9.94,0,400,300,0,0,2,1
trayectoria,9.94,1,405,300,-100,0,1,0
trayectoria,9.94,2,794.028,47.0279,-50,-100,0.8,1
trayectoria,9.94,3,5.97214,552.972,50,100,0.8,1
trayectoria,9.95,0,400,300,0,0,2,1
trayectoria,9.95,1,405,300,-100,0,1,0
trayectoria,9.95,2,793.528,46.0279,-50,-100,0.8,1
trayectoria,9.95,3,6.47214,553.972,50,100,0.8,1
trayectoria,9.96,0,400,300,0,0,2,1
trayectoria,9.96,1,405,300,-100,0,1,0
trayectoria,9.96,2,793.028,45.0279,-50,-100,0.8,1
trayectoria,9.96,3,6.97214,554.972,50,100,0.8,1
trayectoria,9.97,0,400,300,0,0,2,1
trayectoria,9.97,1,405,300,-100,0,1,0
trayectoria,9.97,2,792.528,44.0279,-50,-100,0.8,1
trayectoria,9.97,3,7.47214,555.972,50,100,0.8,1
trayectoria,9.98,0,400,300,0,0,2,1
trayectoria,9.98,1,405,300,-100,0,1,0
trayectoria,9.98,2,792.028,43.0279,-50,-100,0.8,1
trayectoria,9.98,3,7.97214,556.972,50,100,0.8,1
trayectoria,9.99,0,400,300,0,0,2,1
trayectoria,9.99,1,405,300,-100,0,1,0
trayectoria,9.99,2,791.528,42.0279,-50,-100,0.8,1
trayectoria,9.99,3,8.47214,557.972,50,100,0.8,1
trayectoria,10,0,400,300,0,0,2,1
trayectoria,10,1,405,300,-100,0,1,0
trayectoria,10,2,791.028,41.0279,-50,-100,0.8,1
trayectoria,10,3,8.97214,558.972,50,100,0.8,1
trayectoria,10.01,0,400,300,0,0,2,1
trayectoria,10.01,1,405,300,-100,0,1,0
trayectoria,10.01,2,790.528,40.0279,-50,-100,0.8,1
trayectoria,10.01,3,9.47214,559.972,50,100,0.8,1
trayectoria,10.02,0,400,300,0,0,2,1
trayectoria,10.02,1,405,300,-100,0,1,0
trayectoria,10.02,2,790.028,39.0279,-50,-100,0.8,1
trayectoria,10.02,3,9.97214,560.972,50,100,0.8,1
trayectoria,10.03,0,400,300,0,0,2,1
trayectoria,10.03,1,405,300,-100,0,1,0
trayectoria,10.03,2,789.528,38.0279,-50,-100,0.8,1
trayectoria,10.03,3,10.4721,561.972,50,100,0.8,1
trayectoria,10.04,0,400,300,0,0,2,1
trayectoria,10.04,1,405,300,-100,0,1,0
trayectoria,10.04,2,789.028,37.0279,-50,-100,0.8,1
trayectoria,10.04,3,10.9721,562.972,50,100,0.8,1
trayectoria,10.05,0,400,300,0,0,2,1
trayectoria,10.05,1,405,300,-100,0,1,0
trayectoria,10.05,2,788.528,36.0279,-50,-100,0.8,1
trayectoria,10.05,3,11.4721,563.972,50,100,0.8,1
trayectoria,10.06,0,400,300,0,0,2,1
trayectoria,10.06,1,405,300,-100,0,1,0
trayectoria,10.06,2,788.028,35.0279,-50,-100,0.8,1
trayectoria,10.06,3,11.9721,564.972,50,100,0.8,1
trayectoria,10.07,0,400,300,0,0,2,1
trayectoria,10.07,1,405,300,-100,0,1,0
trayectoria,10.07,2,787.528,34.0279,-50,-100,0.8,1
trayectoria,10.07,3,12.4721,565.972,50,100,0.8,1
trayectoria,10.08,0,400,300,0,0,2,1
trayectoria,10.08,1,405,300,-100,0,1,0
trayectoria,10.08,2,787.028,33.0279,-50,-100,0.8,1
trayectoria,10.08,3,12.9721,566.972,50,100,0.8,1
trayectoria,10.09,0,400,300,0,0,2,1
trayectoria,10.09,1,405,300,-100,0,1,0
trayectoria,10.09,2,786.528,32.0279,-50,-100,0.8,1
trayectoria,10.09,3,13.4721,567.972,50,100,0.8,1
trayectoria,10.1,0,400,300,0,0,2,1
trayectoria,10.1,1,405,300,-100,0,1,0
trayectoria,10.1,2,786.028,31.0279,-50,-100,0.8,1
trayectoria,10.1,3,13.9721,568.972,50,100,0.8,1
trayectoria,10.11,0,400,300,0,0,2,1
trayectoria,10.11,1,405,300,-100,0,1,0
trayectoria,10.11,2,785.528,30.0279,-50,-100,0.8,1
trayectoria,10.11,3,14.4721,569.972,50,100,0.8,1
trayectoria,10.12,0,400,300,0,0,2,1
trayectoria,10.12,1,405,300,-100,0,1,0
trayectoria,10.12,2,785.028,29.0279,-50,-100,0.8,1
trayectoria,10.12,3,14.9721,570.972,50,100,0.8,1
trayectoria,10.13,0,400,300,0,0,2,1
trayectoria,10.13,1,405,300,-100,0,1,0
trayectoria,10.13,2,784.528,28.0279,-50,-100,0.8,1
trayectoria,10.13,3,15.4721,571.972,50,100,0.8,1
trayectoria,10.14,0,400,300,0,0,2,1
trayectoria,10.14,1,405,300,-100,0,1,0
trayectoria,10.14,2,784.028,27.0279,-50,-100,0.8,1
trayectoria,10.14,3,15.9721,572.972,50,100,0.8,1
trayectoria,10.15,0,400,300,0,0,2,1
trayectoria,10.15,1,405,300,-100,0,1,0
trayectoria,10.15,2,783.528,26.0279,-50,-100,0.8,1
trayectoria,10.15,3,16.4721,573.972,50,100,0.8,1
trayectoria,10.16,0,400,300,0,0,2,1
trayectoria,10.16,1,405,300,-100,0,1,0
trayectoria,10.16,2,783.028,25.0279,-50,-100,0.8,1
trayectoria,10.16,3,16.9721,574.972,50,100,0.8,1
trayectoria,10.17,0,400,300,0,0,2,1
trayectoria,10.17,1,405,300,-100,0,1,0
trayectoria,10.17,2,782.528,24.0279,-50,-100,0.8,1
trayectoria,10.17,3,17.4721,575.972,50,100,0.8,1
trayectoria,10.18,0,400,300,0,0,2,1
trayectoria,10.18,1,405,300,-100,0,1,0
trayectoria,10.18,2,782.028,23.0279,-50,-100,0.8,1
trayectoria,10.18,3,17.9721,576.972,50,100,0.8,1
trayectoria,10.19,0,400,300,0,0,2,1
trayectoria,10.19,1,405,300,-100,0,1,0
trayectoria,10.19,2,781.528,22.0279,-50,-100,0.8,1
trayectoria,10.19,3,18.4721,577.972,50,100,0.8,1
trayectoria,10.2,0,400,300,0,0,2,1
trayectoria,10.2,1,405,300,-100,0,1,0
trayectoria,10.2,2,781.028,21.0279,-50,-100,0.8,1
trayectoria,10.2,3,18.9721,578.972,50,100,0.8,1
trayectoria,10.21,0,400,300,0,0,2,1
trayectoria,10.21,1,405,300,-100,0,1,0
trayectoria,10.21,2,780.528,20.0279,-50,-100,0.8,1
trayectoria,10.21,3,19.4721,579.972,50,100,0.8,1
trayectoria,10.22,0,400,300,0,0,2,1
trayectoria,10.22,1,405,300,-100,0,1,0
trayectoria,10.22,2,780.028,19.0279,-50,-100,0.8,1
trayectoria,10.22,3,19.9721,580.972,50,100,0.8,1
trayectoria,10.23,0,400,300,0,0,2,1
trayectoria,10.23,1,405,300,-100,0,1,0
trayectoria,10.23,2,779.528,18.0279,-50,-100,0.8,1
trayectoria,10.23,3,20.4721,581.972,50,100,0.8,1
trayectoria,10.24,0,400,300,0,0,2,1
trayectoria,10.24,1,405,300,-100,0,1,0
trayectoria,10.24,2,779.028,17.0279,-50,-100,0.8,1
trayectoria,10.24,3,20.9721,582.972,50,100,0.8,1
trayectoria,10.25,0,400,300,0,0,2,1
trayectoria,10.25,1,405,300,-100,0,1,0
trayectoria,10.25,2,778.528,16.0279,-50,-100,0.8,1
trayectoria,10.25,3,21.4721,583.972,50,100,0.8,1
trayectoria,10.26,0,400,300,0,0,2,1
trayectoria,10.26,1,405,300,-100,0,1,0
trayectoria,10.26,2,778.028,15.0279,-50,-100,0.8,1
trayectoria,10.26,3,21.9721,584.972,50,100,0.8,1
trayectoria,10.27,0,400,300,0,0,2,1
trayectoria,10.27,1,405,300,-100,0,1,0
trayectoria,10.27,2,777.528,14.0279,-50,-100,0.8,1
trayectoria,10.27,3,22.4721,585.972,50,100,0.8,1
trayectoria,10.28,0,400,300,0,0,2,1
trayectoria,10.28,1,405,300,-100,0,1,0
trayectoria,10.28,2,777.028,13.0279,-50,-100,0.8,1
trayectoria,10.28,3,22.9721,586.972,50,100,0.8,1
trayectoria,10.29,0,400,300,0,0,2,1
trayectoria,10.29,1,405,300,-100,0,1,0
trayectoria,10.29,2,776.528,12.0279,-50,-100,0.8,1
trayectoria,10.29,3,23.4721,587.972,50,100,0.8,1
trayectoria,10.3,0,400,300,0,0,2,1
trayectoria,10.3,1,405,300,-100,0,1,0
trayectoria,10.3,2,776.028,11.0279,-50,-100,0.8,1
trayectoria,10.3,3,23.9721,588.972,50,100,0.8,1
trayectoria,10.31,0,400,300,0,0,2,1
trayectoria,10.31,1,405,300,-100,0,1,0
trayectoria,10.31,2,775.528,10.0279,-50,-100,0.8,1
trayectoria,10.31,3,24.4721,589.972,50,100,0.8,1
trayectoria,10.32,0,400,300,0,0,2,1
trayectoria,10.32,1,405,300,-100,0,1,0
trayectoria,10.32,2,775.028,9.02786,-50,-100,0.8,1
trayectoria,10.32,3,24.9721,590.972,50,100,0.8,1
trayectoria,10.33,0,400,300,0,0,2,1
trayectoria,10.33,1,405,300,-100,0,1,0
trayectoria,10.33,2,774.528,8.02786,-50,-100,0.8,1
trayectoria,10.33,3,25.4721,591.972,50,100,0.8,1
trayectoria,10.34,0,400,300,0,0,2,1
trayectoria,10.34,1,405,300,-100,0,1,0
trayectoria,10.34,2,774.028,7.02786,-50,-100,0.8,1
trayectoria,10.34,3,25.9721,592.972,50,100,0.8,1
trayectoria,10.35,0,400,300,0,0,2,1
trayectoria,10.35,1,405,300,-100,0,1,0
trayectoria,10.35,2,773.528,6.02786,-50,-100,0.8,1
trayectoria,10.35,3,26.4721,593.972,50,100,0.8,1
trayectoria,10.36,0,400,300,0,0,2,1
trayectoria,10.36,1,405,300,-100,0,1,0
trayectoria,10.36,2,773.028,5.02786,-50,-100,0.8,1
trayectoria,10.36,3,26.9721,594.972,50,100,0.8,1
trayectoria,10.37,0,400,300,0,0,2,1
trayectoria,10.37,1,405,300,-100,0,1,0
trayectoria,10.37,2,772.528,4.97214,-50,100,0.8,1
trayectoria,10.37,3,27.4721,595.028,50,-100,0.8,1
trayectoria,10.38,0,400,300,0,0,2,1
trayectoria,10.38,1,405,300,-100,0,1,0
trayectoria,10.38,2,772.028,5.97214,-50,100,0.8,1
trayectoria,10.38,3,27.9721,594.028,50,-100,0.8,1
trayectoria,10.39,0,400,300,0,0,2,1
trayectoria,10.39,1,405,300,-100,0,1,0
trayectoria,10.39,2,771.528,6.97214,-50,100,0.8,1
trayectoria,10.39,3,28.4721,593.028,50,-100,0.8,1
trayectoria,10.4,0,400,300,0,0,2,1
trayectoria,10.4,1,405,300,-100,0,1,0
trayectoria,10.4,2,771.028,7.97214,-50,100,0.8,1
trayectoria,10.4,3,28.9721,592.028,50,-100,0.8,1
trayectoria,10.41,0,400,300,0,0,2,1
trayectoria,10.41,1,405,300,-100,0,1,0
trayectoria,10.41,2,770.528,8.97214,-50,100,0.8,1
trayectoria,10.41,3,29.4721,591.028,50,-100,0.8,1
trayectoria,10.42,0,400,300,0,0,2,1
trayectoria,10.42,1,405,300,-100,0,1,0
trayectoria,10.42,2,770.028,9.97214,-50,100,0.8,1
trayectoria,10.42,3,29.9721,590.028,50,-100,0.8,1
trayectoria,10.43,0,400,300,0,0,2,1
trayectoria,10.43,1,405,300,-100,0,1,0
trayectoria,10.43,2,769.528,10.9721,-50,100,0.8,1
trayectoria,10.43,3,30.4721,589.028,50,-100,0.8,1
trayectoria,10.44,0,400,300,0,0,2,1
trayectoria,10.44,1,405,300,-100,0,1,0
trayectoria,10.44,2,769.028,11.9721,-50,100,0.8,1
trayectoria,10.44,3,30.9721,588.028,50,-100,0.8,1
trayectoria,10.45,0,400,300,0,0,2,1
trayectoria,10.45,1,405,300,-100,0,1,0
trayectoria,10.45,2,768.528,12.9721,-50,100,0.8,1
trayectoria,10.45,3,31.4721,587.028,50,-100,0.8,1
trayectoria,10.46,0,400,300,0,0,2,1
trayectoria,10.46,1,405,300,-100,0,1,0
trayectoria,10.46,2,768.028,13.9721,-50,100,0.8,1
trayectoria,10.46,3,31.9721,586.028,50,-100,0.8,1
trayectoria,10.47,0,400,300,0,0,2,1
trayectoria,10.47,1,405,300,-100,0,1,0
trayectoria,10.47,2,767.528,14.9721,-50,100,0.8,1
trayectoria,10.47,3,32.4721,585.028,50,-100,0.8,1
trayectoria,10.48,0,400,300,0,0,2,1
trayectoria,10.48,1,405,300,-100,0,1,0
trayectoria,10.48,2,767.028,15.9721,-50,100,0.8,1
trayectoria,10.48,3,32.9721,584.028,50,-100,0.8,1
trayectoria,10.49,0,400,300,0,0,2,1
trayectoria,10.49,1,405,300,-100,0,1,0
trayectoria,10.49,2,766.528,16.9721,-50,100,0.8,1
trayectoria,10.49,3,33.4721,583.028,50,-100,0.8,1
trayectoria,10.5,0,400,300,0,0,2,1
trayectoria,10.5,1,405,300,-100,0,1,0
trayectoria,10.5,2,766.028,17.9721,-50,100,0.8,1
trayectoria,10.5,3,33.9721,582.028,50,-100,0.8,1
trayectoria,10.51,0,400,300,0,0,2,1
trayectoria,10.51,1,405,300,-100,0,1,0
trayectoria,10.51,2,765.528,18.9721,-50,100,0.8,1
trayectoria,10.51,3,34.4721,581.028,50,-100,0.8,1
trayectoria,10.52,0,400,300,0,0,2,1
trayectoria,10.52,1,405,300,-100,0,1,0
trayectoria,10.52,2,765.028,19.9721,-50,100,0.8,1
trayectoria,10.52,3,34.9721,580.028,50,-100,0.8,1
trayectoria,10.53,0,400,300,0,0,2,1
trayectoria,10.53,1,405,300,-100,0,1,0
trayectoria,10.53,2,764.528,20.9721,-50,100,0.8,1
trayectoria,10.53,3,35.4721,579.028,50,-100,0.8,1
trayectoria,10.54,0,400,300,0,0,2,1
trayectoria,10.54,1,405,300,-100,0,1,0
trayectoria,10.54,2,764.028,21.9721,-50,100,0.8,1
trayectoria,10.54,3,35.9721,578.028,50,-100,0.8,1
trayectoria,10.55,0,400,300,0,0,2,1
trayectoria,10.55,1,405,300,-100,0,1,0
trayectoria,10.55,2,763.528,22.9721,-50,100,0.8,1
trayectoria,10.55,3,36.4721,577.028,50,-100,0.8,1
trayectoria,10.56,0,400,300,0,0,2,1
trayectoria,10.56,1,405,300,-100,0,1,0
trayectoria,10.56,2,763.028,23.9721,-50,100,0.8,1
trayectoria,10.56,3,36.9721,576.028,50,-100,0.8,1
trayectoria,10.57,0,400,300,0,0,2,1
trayectoria,10.57,1,405,300,-100,0,1,0
trayectoria,10.57,2,762.528,24.9721,-50,100,0.8,1
trayectoria,10.57,3,37.4721,575.028,50,-100,0.8,1
trayectoria,10.58,0,400,300,0,0,2,1
trayectoria,10.58,1,405,300,-100,0,1,0
trayectoria,10.58,2,762.028,25.9721,-50,100,0.8,1
trayectoria,10.58,3,37.9721,574.028,50,-100,0.8,1
trayectoria,10.59,0,400,300,0,0,2,1
trayectoria,10.59,1,405,300,-100,0,1,0
trayectoria,10.59,2,761.528,26.9721,-50,100,0.8,1
trayectoria,10.59,3,38.4721,573.028,50,-100,0.8,1
trayectoria,10.6,0,400,300,0,0,2,1
trayectoria,10.6,1,405,300,-100,0,1,0
trayectoria,10.6,2,761.028,27.9721,-50,100,0.8,1
trayectoria,10.6,3,38.9721,572.028,50,-100,0.8,1
trayectoria,10.61,0,400,300,0,0,2,1
trayectoria,10.61,1,405,300,-100,0,1,0
trayectoria,10.61,2,760.528,28.9721,-50,100,0.8,1
trayectoria,10.61,3,39.4721,571.028,50,-100,0.8,1
trayectoria,10.62,0,400,300,0,0,2,1
trayectoria,10.62,1,405,300,-100,0,1,0
trayectoria,10.62,2,760.028,29.9721,-50,100,0.8,1
trayectoria,10.62,3,39.9721,570.028,50,-100,0.8,1
trayectoria,10.63,0,400,300,0,0,2,1
trayectoria,10.63,1,405,300,-100,0,1,0
trayectoria,10.63,2,759.528,30.9721,-50,100,0.8,1
trayectoria,10.63,3,40.4721,569.028,50,-100,0.8,1
trayectoria,10.64,0,400,300,0,0,2,1
trayectoria,10.64,1,405,300,-100,0,1,0
trayectoria,10.64,2,759.028,31.9721,-50,100,0.8,1
trayectoria,10.64,3,40.9721,568.028,50,-100,0.8,1
trayectoria,10.65,0,400,300,0,0,2,1
trayectoria,10.65,1,405,300,-100,0,1,0
trayectoria,10.65,2,758.528,32.9721,-50,100,0.8,1
trayectoria,10.65,3,41.4721,567.028,50,-100,0.8,1
trayectoria,10.66,0,400,300,0,0,2,1
trayectoria,10.66,1,405,300,-100,0,1,0
trayectoria,10.66,2,758.028,33.9721,-50,100,0.8,1
trayectoria,10.66,3,41.9721,566.028,50,-100,0.8,1
trayectoria,10.67,0,400,300,0,0,2,1
trayectoria,10.67,1,405,300,-100,0,1,0
trayectoria,10.67,2,757.528,34.9721,-50,100,0.8,1
trayectoria,10.67,3,42.4721,565.028,50,-100,0.8,1
trayectoria,10.68,0,400,300,0,0,2,1
trayectoria,10.68,1,405,300,-100,0,1,0
trayectoria,10.68,2,757.028,35.9721,-50,100,0.8,1
trayectoria,10.68,3,42.9721,564.028,50,-100,0.8,1
trayectoria,10.69,0,400,300,0,0,2,1
trayectoria,10.69,1,405,300,-100,0,1,0
trayectoria,10.69,2,756.528,36.9721,-50,100,0.8,1
trayectoria,10.69,3,43.4721,563.028,50,-100,0.8,1
trayectoria,10.7,0,400,300,0,0,2,1
trayectoria,10.7,1,405,300,-100,0,1,0
trayectoria,10.7,2,756.028,37.9721,-50,100,0.8,1
trayectoria,10.7,3,43.9721,562.028,50,-100,0.8,1
trayectoria,10.71,0,400,300,0,0,2,1
trayectoria,10.71,1,405,300,-100,0,1,0
trayectoria,10.71,2,755.528,38.9721,-50,100,0.8,1
trayectoria,10.71,3,44.4721,561.028,50,-100,0.8,1
trayectoria,10.72,0,400,300,0,0,2,1
trayectoria,10.72,1,405,300,-100,0,1,0
trayectoria,10.72,2,755.028,39.9721,-50,100,0.8,1
trayectoria,10.72,3,44.9721,560.028,50,-100,0.8,1
trayectoria,10.73,0,400,300,0,0,2,1
trayectoria,10.73,1,405,300,-100,0,1,0
trayectoria,10.73,2,754.528,40.9721,-50,100,0.8,1
trayectoria,10.73,3,45.4721,559.028,50,-100,0.8,1
trayectoria,10.74,0,400,300,0,0,2,1
trayectoria,10.74,1,405,300,-100,0,1,0
trayectoria,10.74,2,754.028,41.9721,-50,100,0.8,1
trayectoria,10.74,3,45.9721,558.028,50,-100,0.8,1
trayectoria,10.75,0,400,300,0,0,2,1
trayectoria,10.75,1,405,300,-100,0,1,0
trayectoria,10.75,2,753.528,42.9721,-50,100,0.8,1
trayectoria,10.75,3,46.4721,557.028,50,-100,0.8,1
trayectoria,10.76,0,400,300,0,0,2,1
trayectoria,10.76,1,405,300,-100,0,1,0
trayectoria,10.76,2,753.028,43.9721,-50,100,0.8,1
trayectoria,10.76,3,46.9721,556.028,50,-100,0.8,1
trayectoria,10.77,0,400,300,0,0,2,1
trayectoria,10.77,1,405,300,-100,0,1,0
trayectoria,10.77,2,752.528,44.9721,-50,100,0.8,1
trayectoria,10.77,3,47.4721,555.028,50,-100,0.8,1
trayectoria,10.78,0,400,300,0,0,2,1
trayectoria,10.78,1,405,300,-100,0,1,0
trayectoria,10.78,2,752.028,45.9721,-50,100,0.8,1
trayectoria,10.78,3,47.9721,554.028,50,-100,0.8,1
trayectoria,10.79,0,400,300,0,0,2,1
trayectoria,10.79,1,405,300,-100,0,1,0
trayectoria,10.79,2,751.528,46.9721,-50,100,0.8,1
trayectoria,10.79,3,48.4721,553.028,50,-100,0.8,1
trayectoria,10.8,0,400,300,0,0,2,1
trayectoria,10.8,1,405,300,-100,0,1,0
trayectoria,10.8,2,751.028,47.9721,-50,100,0.8,1
trayectoria,10.8,3,48.9721,552.028,50,-100,0.8,1
trayectoria,10.81,0,400,300,0,0,2,1
trayectoria,10.81,1,405,300,-100,0,1,0
trayectoria,10.81,2,750.528,48.9721,-50,100,0.8,1
trayectoria,10.81,3,49.4721,551.028,50,-100,0.8,1
trayectoria,10.82,0,400,300,0,0,2,1
trayectoria,10.82,1,405,300,-100,0,1,0
trayectoria,10.82,2,750.028,49.9721,-50,100,0.8,1
trayectoria,10.82,3,49.9721,550.028,50,-100,0.8,1
trayectoria,10.83,0,400,300,0,0,2,1
trayectoria,10.83,1,405,300,-100,0,1,0
trayectoria,10.83,2,749.528,50.9721,-50,100,0.8,1
trayectoria,10.83,3,50.4721,549.028,50,-100,0.8,1
trayectoria,10.84,0,400,300,0,0,2,1
trayectoria,10.84,1,405,300,-100,0,1,0
trayectoria,10.84,2,749.028,51.9721,-50,100,0.8,1
trayectoria,10.84,3,50.9721,548.028,50,-100,0.8,1
trayectoria,10.85,0,400,300,0,0,2,1
trayectoria,10.85,1,405,300,-100,0,1,0
trayectoria,10.85,2,748.528,52.9721,-50,100,0.8,1
trayectoria,10.85,3,51.4721,547.028,50,-100,0.8,1
trayectoria,10.86,0,400,300,0,0,2,1
trayectoria,10.86,1,405,300,-100,0,1,0
trayectoria,10.86,2,748.028,53.9721,-50,100,0.8,1
trayectoria,10.86,3,51.9721,546.028,50,-100,0.8,1
trayectoria,10.87,0,400,300,0,0,2,1
trayectoria,10.87,1,405,300,-100,0,1,0
trayectoria,10.87,2,747.528,54.9721,-50,100,0.8,1
trayectoria,10.87,3,52.4721,545.028,50,-100,0.8,1
trayectoria,10.88,0,400,300,0,0,2,1
trayectoria,10.88,1,405,300,-100,0,1,0
trayectoria,10.88,2,747.028,55.9721,-50,100,0.8,1
trayectoria,10.88,3,52.9721,544.028,50,-100,0.8,1
trayectoria,10.89,0,400,300,0,0,2,1
trayectoria,10.89,1,405,300,-100,0,1,0
trayectoria,10.89,2,746.528,56.9721,-50,100,0.8,1
trayectoria,10.89,3,53.4721,543.028,50,-100,0.8,1
trayectoria,10.9,0,400,300,0,0,2,1
trayectoria,10.9,1,405,300,-100,0,1,0
trayectoria,10.9,2,746.028,57.9721,-50,100,0.8,1
trayectoria,10.9,3,53.9721,542.028,50,-100,0.8,1
trayectoria,10.91,0,400,300,0,0,2,1
trayectoria,10.91,1,405,300,-100,0,1,0
trayectoria,10.91,2,745.528,58.9721,-50,100,0.8,1
trayectoria,10.91,3,54.4721,541.028,50,-100,0.8,1
trayectoria,10.92,0,400,300,0,0,2,1
trayectoria,10.92,1,405,300,-100,0,1,0
trayectoria,10.92,2,745.028,59.9721,-50,100,0.8,1
trayectoria,10.92,3,54.9721,540.028,50,-100,0.8,1
trayectoria,10.93,0,400,300,0,0,2,1
trayectoria,10.93,1,405,300,-100,0,1,0
trayectoria,10.93,2,744.528,60.9721,-50,100,0.8,1
trayectoria,10.93,3,55.4721,539.028,50,-100,0.8,1
trayectoria,10.94,0,400,300,0,0,2,1
trayectoria,10.94,1,405,300,-100,0,1,0
trayectoria,10.94,2,744.028,61.9721,-50,100,0.8,1
trayectoria,10.94,3,55.9721,538.028,50,-100,0.8,1
trayectoria,10.95,0,400,300,0,0,2,1
trayectoria,10.95,1,405,300,-100,0,1,0
trayectoria,10.95,2,743.528,62.9721,-50,100,0.8,1
trayectoria,10.95,3,56.4721,537.028,50,-100,0.8,1
trayectoria,10.96,0,400,300,0,0,2,1
trayectoria,10.96,1,405,300,-100,0,1,0
trayectoria,10.96,2,743.028,63.9721,-50,100,0.8,1
trayectoria,10.96,3,56.9721,536.028,50,-100,0.8,1
trayectoria,10.97,0,400,300,0,0,2,1
trayectoria,10.97,1,405,300,-100,0,1,0
trayectoria,10.97,2,742.528,64.9721,-50,100,0.8,1
trayectoria,10.97,3,57.4721,535.028,50,-100,0.8,1
trayectoria,10.98,0,400,300,0,0,2,1
trayectoria,10.98,1,405,300,-100,0,1,0
trayectoria,10.98,2,742.028,65.9721,-50,100,0.8,1
trayectoria,10.98,3,57.9721,534.028,50,-100,0.8,1
trayectoria,10.99,0,400,300,0,0,2,1
trayectoria,10.99,1,405,300,-100,0,1,0
trayectoria,10.99,2,741.528,66.9721,-50,100,0.8,1
trayectoria,10.99,3,58.4721,533.028,50,-100,0.8,1
trayectoria,11,0,400,300,0,0,2,1
trayectoria,11,1,405,300,-100,0,1,0
trayectoria,11,2,741.028,67.9721,-50,100,0.8,1
trayectoria,11,3,58.9721,532.028,50,-100,0.8,1
trayectoria,11.01,0,400,300,0,0,2,1
trayectoria,11.01,1,405,300,-100,0,1,0
trayectoria,11.01,2,740.528,68.9721,-50,100,0.8,1
trayectoria,11.01,3,59.4721,531.028,50,-100,0.8,1
trayectoria,11.02,0,400,300,0,0,2,1
trayectoria,11.02,1,405,300,-100,0,1,0
trayectoria,11.02,2,740.028,69.9721,-50,100,0.8,1
trayectoria,11.02,3,59.9721,530.028,50,-100,0.8,1
trayectoria,11.03,0,400,300,0,0,2,1
trayectoria,11.03,1,405,300,-100,0,1,0
trayectoria,11.03,2,739.528,70.9721,-50,100,0.8,1
trayectoria,11.03,3,60.4721,529.028,50,-100,0.8,1
trayectoria,11.04,0,400,300,0,0,2,1
trayectoria,11.04,1,405,300,-100,0,1,0
trayectoria,11.04,2,739.028,71.9721,-50,100,0.8,1
trayectoria,11.04,3,60.9721,528.028,50,-100,0.8,1
trayectoria,11.05,0,400,300,0,0,2,1
trayectoria,11.05,1,405,300,-100,0,1,0
trayectoria,11.05,2,738.528,72.9721,-50,100,0.8,1
trayectoria,11.05,3,61.4721,527.028,50,-100,0.8,1
trayectoria,11.06,0,400,300,0,0,2,1
trayectoria,11.06,1,405,300,-100,0,1,0
trayectoria,11.06,2,738.028,73.9721,-50,100,0.8,1
trayectoria,11.06,3,61.9721,526.028,50,-100,0.8,1
trayectoria,11.07,0,400,300,0,0,2,1
trayectoria,11.07,1,405,300,-100,0,1,0
trayectoria,11.07,2,737.528,74.9721,-50,100,0.8,1
trayectoria,11.07,3,62.4721,525.028,50,-100,0.8,1
trayectoria,11.08,0,400,300,0,0,2,1
trayectoria,11.08,1,405,300,-100,0,1,0
trayectoria,11.08,2,737.028,75.9721,-50,100,0.8,1
trayectoria,11.08,3,62.9721,524.028,50,-100,0.8,1
trayectoria,11.09,0,400,300,0,0,2,1
trayectoria,11.09,1,405,300,-100,0,1,0
trayectoria,11.09,2,736.528,76.9721,-50,100,0.8,1
trayectoria,11.09,3,63.4721,523.028,50,-100,0.8,1
trayectoria,11.1,0,400,300,0,0,2,1
trayectoria,11.1,1,405,300,-100,0,1,0
trayectoria,11.1,2,736.028,77.9721,-50,100,0.8,1
trayectoria,11.1,3,63.9721,522.028,50,-100,0.8,1
trayectoria,11.11,0,400,300,0,0,2,1
trayectoria,11.11,1,405,300,-100,0,1,0
trayectoria,11.11,2,735.528,78.9721,-50,100,0.8,1
trayectoria,11.11,3,64.4721,521.028,50,-100,0.8,1
trayectoria,11.12,0,400,300,0,0,2,1
trayectoria,11.12,1,405,300,-100,0,1,0
trayectoria,11.12,2,735.028,79.9721,-50,100,0.8,1
trayectoria,11.12,3,64.9721,520.028,50,-100,0.8,1
trayectoria,11.13,0,400,300,0,0,2,1
trayectoria,11.13,1,405,300,-100,0,1,0
trayectoria,11.13,2,734.528,80.9721,-50,100,0.8,1
trayectoria,11.13,3,65.4721,519.028,50,-100,0.8,1
trayectoria,11.14,0,400,300,0,0,2,1
trayectoria,11.14,1,405,300,-100,0,1,0
trayectoria,11.14,2,734.028,81.9721,-50,100,0.8,1
trayectoria,11.14,3,65.9721,518.028,50,-100,0.8,1
trayectoria,11.15,0,400,300,0,0,2,1
trayectoria,11.15,1,405,300,-100,0,1,0
trayectoria,11.15,2,733.528,82.9721,-50,100,0.8,1
trayectoria,11.15,3,66.4721,517.028,50,-100,0.8,1
trayectoria,11.16,0,400,300,0,0,2,1
trayectoria,11.16,1,405,300,-100,0,1,0
trayectoria,11.16,2,733.028,83.9721,-50,100,0.8,1
trayectoria,11.16,3,66.9721,516.028,50,-100,0.8,1
trayectoria,11.17,0,400,300,0,0,2,1
trayectoria,11.17,1,405,300,-100,0,1,0
trayectoria,11.17,2,732.528,84.9721,-50,100,0.8,1
trayectoria,11.17,3,67.4721,515.028,50,-100,0.8,1
trayectoria,11.18,0,400,300,0,0,2,1
trayectoria,11.18,1,405,300,-100,0,1,0
trayectoria,11.18,2,732.028,85.9721,-50,100,0.8,1
trayectoria,11.18,3,67.9721,514.028,50,-100,0.8,1
trayectoria,11.19,0,400,300,0,0,2,1
trayectoria,11.19,1,405,300,-100,0,1,0
trayectoria,11.19,2,731.528,86.9721,-50,100,0.8,1
trayectoria,11.19,3,68.4721,513.028,50,-100,0.8,1
trayectoria,11.2,0,400,300,0,0,2,1
trayectoria,11.2,1,405,300,-100,0,1,0
trayectoria,11.2,2,731.028,87.9721,-50,100,0.8,1
trayectoria,11.2,3,68.9721,512.028,50,-100,0.8,1
trayectoria,11.21,0,400,300,0,0,2,1
trayectoria,11.21,1,405,300,-100,0,1,0
trayectoria,11.21,2,730.528,88.9721,-50,100,0.8,1
trayectoria,11.21,3,69.4721,511.028,50,-100,0.8,1
trayectoria,11.22,0,400,300,0,0,2,1
trayectoria,11.22,1,405,300,-100,0,1,0
trayectoria,11.22,2,730.028,89.9721,-50,100,0.8,1
trayectoria,11.22,3,69.9721,510.028,50,-100,0.8,1
trayectoria,11.23,0,400,300,0,0,2,1
trayectoria,11.23,1,405,300,-100,0,1,0
trayectoria,11.23,2,729.528,90.9721,-50,100,0.8,1
trayectoria,11.23,3,70.4721,509.028,50,-100,0.8,1
trayectoria,11.24,0,400,300,0,0,2,1
trayectoria,11.24,1,405,300,-100,0,1,0
trayectoria,11.24,2,729.028,91.9721,-50,100,0.8,1
trayectoria,11.24,3,70.9721,508.028,50,-100,0.8,1
trayectoria,11.25,0,400,300,0,0,2,1
trayectoria,11.25,1,405,300,-100,0,1,0
trayectoria,11.25,2,728.528,92.9721,-50,100,0.8,1
trayectoria,11.25,3,71.4721,507.028,50,-100,0.8,1
trayectoria,11.26,0,400,300,0,0,2,1
trayectoria,11.26,1,405,300,-100,0,1,0
trayectoria,11.26,2,728.028,93.9721,-50,100,0.8,1
trayectoria,11.26,3,71.9721,506.028,50,-100,0.8,1
trayectoria,11.27,0,400,300,0,0,2,1
trayectoria,11.27,1,405,300,-100,0,1,0
trayectoria,11.27,2,727.528,94.9721,-50,100,0.8,1
trayectoria,11.27,3,72.4721,505.028,50,-100,0.8,1
trayectoria,11.28,0,400,300,0,0,2,1
trayectoria,11.28,1,405,300,-100,0,1,0
trayectoria,11.28,2,727.028,95.9721,-50,100,0.8,1
trayectoria,11.28,3,72.9721,504.028,50,-100,0.8,1
trayectoria,11.29,0,400,300,0,0,2,1
trayectoria,11.29,1,405,300,-100,0,1,0
trayectoria,11.29,2,726.528,96.9721,-50,100,0.8,1
trayectoria,11.29,3,73.4721,503.028,50,-100,0.8,1
trayectoria,11.3,0,400,300,0,0,2,1
trayectoria,11.3,1,405,300,-100,0,1,0
trayectoria,11.3,2,726.028,97.9721,-50,100,0.8,1
trayectoria,11.3,3,73.9721,502.028,50,-100,0.8,1
trayectoria,11.31,0,400,300,0,0,2,1
trayectoria,11.31,1,405,300,-100,0,1,0
trayectoria,11.31,2,725.528,98.9721,-50,100,0.8,1
trayectoria,11.31,3,74.4721,501.028,50,-100,0.8,1
trayectoria,11.32,0,400,300,0,0,2,1
trayectoria,11.32,1,405,300,-100,0,1,0
trayectoria,11.32,2,725.028,99.9721,-50,100,0.8,1
trayectoria,11.32,3,74.9721,500.028,50,-100,0.8,1
trayectoria,11.33,0,400,300,0,0,2,1
trayectoria,11.33,1,405,300,-100,0,1,0
trayectoria,11.33,2,724.528,100.972,-50,100,0.8,1
trayectoria,11.33,3,75.4721,499.028,50,-100,0.8,1
trayectoria,11.34,0,400,300,0,0,2,1
trayectoria,11.34,1,405,300,-100,0,1,0
trayectoria,11.34,2,724.028,101.972,-50,100,0.8,1
trayectoria,11.34,3,75.9721,498.028,50,-100,0.8,1
trayectoria,11.35,0,400,300,0,0,2,1
trayectoria,11.35,1,405,300,-100,0,1,0
trayectoria,11.35,2,723.528,102.972,-50,100,0.8,1
trayectoria,11.35,3,76.4721,497.028,50,-100,0.8,1
trayectoria,11.36,0,400,300,0,0,2,1
trayectoria,11.36,1,405,300,-100,0,1,0
trayectoria,11.36,2,723.028,103.972,-50,100,0.8,1
trayectoria,11.36,3,76.9721,496.028,50,-100,0.8,1
trayectoria,11.37,0,400,300,0,0,2,1
trayectoria,11.37,1,405,300,-100,0,1,0
trayectoria,11.37,2,722.528,104.972,-50,100,0.8,1
trayectoria,11.37,3,77.4721,495.028,50,-100,0.8,1
trayectoria,11.38,0,400,300,0,0,2,1
trayectoria,11.38,1,405,300,-100,0,1,0
trayectoria,11.38,2,722.028,105.972,-50,100,0.8,1
trayectoria,11.38,3,77.9721,494.028,50,-100,0.8,1
trayectoria,11.39,0,400,300,0,0,2,1
trayectoria,11.39,1,405,300,-100,0,1,0
trayectoria,11.39,2,721.528,106.972,-50,100,0.8,1
trayectoria,11.39,3,78.4721,493.028,50,-100,0.8,1
trayectoria,11.4,0,400,300,0,0,2,1
trayectoria,11.4,1,405,300,-100,0,1,0
trayectoria,11.4,2,721.028,107.972,-50,100,0.8,1
trayectoria,11.4,3,78.9721,492.028,50,-100,0.8,1
trayectoria,11.41,0,400,300,0,0,2,1
trayectoria,11.41,1,405,300,-100,0,1,0
trayectoria,11.41,2,720.528,108.972,-50,100,0.8,1
trayectoria,11.41,3,79.4721,491.028,50,-100,0.8,1
trayectoria,11.42,0,400,300,0,0,2,1
trayectoria,11.42,1,405,300,-100,0,1,0
trayectoria,11.42,2,720.028,109.972,-50,100,0.8,1
trayectoria,11.42,3,79.9721,490.028,50,-100,0.8,1
trayectoria,11.43,0,400,300,0,0,2,1
trayectoria,11.43,1,405,300,-100,0,1,0
trayectoria,11.43,2,719.528,110.972,-50,100,0.8,1
trayectoria,11.43,3,80.4721,489.028,50,-100,0.8,1
trayectoria,11.44,0,400,300,0,0,2,1
trayectoria,11.44,1,405,300,-100,0,1,0
trayectoria,11.44,2,719.028,111.972,-50,100,0.8,1
trayectoria,11.44,3,80.9721,488.028,50,-100,0.8,1
trayectoria,11.45,0,400,300,0,0,2,1
trayectoria,11.45,1,405,300,-100,0,1,0
trayectoria,11.45,2,718.528,112.972,-50,100,0.8,1
trayectoria,11.45,3,81.4721,487.028,50,-100,0.8,1
trayectoria,11.46,0,400,300,0,0,2,1
trayectoria,11.46,1,405,300,-100,0,1,0
trayectoria,11.46,2,718.028,113.972,-50,100,0.8,1
trayectoria,11.46,3,81.9721,486.028,50,-100,0.8,1
trayectoria,11.47,0,400,300,0,0,2,1
trayectoria,11.47,1,405,300,-100,0,1,0
trayectoria,11.47,2,717.528,114.972,-50,100,0.8,1
trayectoria,11.47,3,82.4721,485.028,50,-100,0.8,1
trayectoria,11.48,0,400,300,0,0,2,1
trayectoria,11.48,1,405,300,-100,0,1,0
trayectoria,11.48,2,717.028,115.972,-50,100,0.8,1
trayectoria,11.48,3,82.9721,484.028,50,-100,0.8,1
trayectoria,11.49,0,400,300,0,0,2,1
trayectoria,11.49,1,405,300,-100,0,1,0
trayectoria,11.49,2,716.528,116.972,-50,100,0.8,1
trayectoria,11.49,3,83.4721,483.028,50,-100,0.8,1
trayectoria,11.5,0,400,300,0,0,2,1
trayectoria,11.5,1,405,300,-100,0,1,0
trayectoria,11.5,2,716.028,117.972,-50,100,0.8,1
trayectoria,11.5,3,83.9721,482.028,50,-100,0.8,1
trayectoria,11.51,0,400,300,0,0,2,1
trayectoria,11.51,1,405,300,-100,0,1,0
trayectoria,11.51,2,715.528,118.972,-50,100,0.8,1
trayectoria,11.51,3,84.4721,481.028,50,-100,0.8,1
trayectoria,11.52,0,400,300,0,0,2,1
trayectoria,11.52,1,405,300,-100,0,1,0
trayectoria,11.52,2,715.028,119.972,-50,100,0.8,1
trayectoria,11.52,3,84.9721,480.028,50,-100,0.8,1
trayectoria,11.53,0,400,300,0,0,2,1
trayectoria,11.53,1,405,300,-100,0,1,0
trayectoria,11.53,2,714.528,120.972,-50,100,0.8,1
trayectoria,11.53,3,85.4721,479.028,50,-100,0.8,1
trayectoria,11.54,0,400,300,0,0,2,1
trayectoria,11.54,1,405,300,-100,0,1,0
trayectoria,11.54,2,714.028,121.972,-50,100,0.8,1
trayectoria,11.54,3,85.9721,478.028,50,-100,0.8,1
trayectoria,11.55,0,400,300,0,0,2,1
trayectoria,11.55,1,405,300,-100,0,1,0
trayectoria,11.55,2,713.528,122.972,-50,100,0.8,1
trayectoria,11.55,3,86.4721,477.028,50,-100,0.8,1
trayectoria,11.56,0,400,300,0,0,2,1
trayectoria,11.56,1,405,300,-100,0,1,0
trayectoria,11.56,2,713.028,123.972,-50,100,0.8,1
trayectoria,11.56,3,86.9721,476.028,50,-100,0.8,1
trayectoria,11.57,0,400,300,0,0,2,1
trayectoria,11.57,1,405,300,-100,0,1,0
trayectoria,11.57,2,712.528,124.972,-50,100,0.8,1
trayectoria,11.57,3,87.4721,475.028,50,-100,0.8,1
trayectoria,11.58,0,400,300,0,0,2,1
trayectoria,11.58,1,405,300,-100,0,1,0
trayectoria,11.58,2,712.028,125.972,-50,100,0.8,1
trayectoria,11.58,3,87.9721,474.028,50,-100,0.8,1
trayectoria,11.59,0,400,300,0,0,2,1
trayectoria,11.59,1,405,300,-100,0,1,0
trayectoria,11.59,2,711.528,126.972,-50,100,0.8,1
trayectoria,11.59,3,88.4721,473.028,50,-100,0.8,1
trayectoria,11.6,0,400,300,0,0,2,1
trayectoria,11.6,1,405,300,-100,0,1,0
trayectoria,11.6,2,711.028,127.972,-50,100,0.8,1
trayectoria,11.6,3,88.9721,472.028,50,-100,0.8,1
trayectoria,11.61,0,400,300,0,0,2,1
trayectoria,11.61,1,405,300,-100,0,1,0
trayectoria,11.61,2,710.528,128.972,-50,100,0.8,1
trayectoria,11.61,3,89.4721,471.028,50,-100,0.8,1
trayectoria,11.62,0,400,300,0,0,2,1
trayectoria,11.62,1,405,300,-100,0,1,0
trayectoria,11.62,2,710.028,129.972,-50,100,0.8,1
trayectoria,11.62,3,89.9721,470.028,50,-100,0.8,1
trayectoria,11.63,0,400,300,0,0,2,1
trayectoria,11.63,1,405,300,-100,0,1,0
trayectoria,11.63,2,709.528,130.972,-50,100,0.8,1
trayectoria,11.63,3,90.4721,469.028,50,-100,0.8,1
trayectoria,11.64,0,400,300,0,0,2,1
trayectoria,11.64,1,405,300,-100,0,1,0
trayectoria,11.64,2,709.028,131.972,-50,100,0.8,1
trayectoria,11.64,3,90.9721,468.028,50,-100,0.8,1
trayectoria,11.65,0,400,300,0,0,2,1
trayectoria,11.65,1,405,300,-100,0,1,0
trayectoria,11.65,2,708.528,132.972,-50,100,0.8,1
trayectoria,11.65,3,91.4721,467.028,50,-100,0.8,1
trayectoria,11.66,0,400,300,0,0,2,1
trayectoria,11.66,1,405,300,-100,0,1,0
trayectoria,11.66,2,708.028,133.972,-50,100,0.8,1
trayectoria,11.66,3,91.9721,466.028,50,-100,0.8,1
trayectoria,11.67,0,400,300,0,0,2,1
trayectoria,11.67,1,405,300,-100,0,1,0
trayectoria,11.67,2,707.528,134.972,-50,100,0.8,1
trayectoria,11.67,3,92.4721,465.028,50,-100,0.8,1
trayectoria,11.68,0,400,300,0,0,2,1
trayectoria,11.68,1,405,300,-100,0,1,0
trayectoria,11.68,2,707.028,135.972,-50,100,0.8,1
trayectoria,11.68,3,92.9721,464.028,50,-100,0.8,1
trayectoria,11.69,0,400,300,0,0,2,1
trayectoria,11.69,1,405,300,-100,0,1,0
trayectoria,11.69,2,706.528,136.972,-50,100,0.8,1
trayectoria,11.69,3,93.4721,463.028,50,-100,0.8,1
trayectoria,11.7,0,400,300,0,0,2,1
trayectoria,11.7,1,405,300,-100,0,1,0
trayectoria,11.7,2,706.028,137.972,-50,100,0.8,1
trayectoria,11.7,3,93.9721,462.028,50,-100,0.8,1
trayectoria,11.71,0,400,300,0,0,2,1
trayectoria,11.71,1,405,300,-100,0,1,0
trayectoria,11.71,2,705.528,138.972,-50,100,0.8,1
trayectoria,11.71,3,94.4721,461.028,50,-100,0.8,1
trayectoria,11.72,0,400,300,0,0,2,1
trayectoria,11.72,1,405,300,-100,0,1,0
trayectoria,11.72,2,705.028,139.972,-50,100,0.8,1
trayectoria,11.72,3,94.9721,460.028,50,-100,0.8,1
trayectoria,11.73,0,400,300,0,0,2,1
trayectoria,11.73,1,405,300,-100,0,1,0
trayectoria,11.73,2,704.528,140.972,-50,100,0.8,1
trayectoria,11.73,3,95.4721,459.028,50,-100,0.8,1
trayectoria,11.74,0,400,300,0,0,2,1
trayectoria,11.74,1,405,300,-100,0,1,0
trayectoria,11.74,2,704.028,141.972,-50,100,0.8,1
trayectoria,11.74,3,95.9721,458.028,50,-100,0.8,1
trayectoria,11.75,0,400,300,0,0,2,1
trayectoria,11.75,1,405,300,-100,0,1,0
trayectoria,11.75,2,703.528,142.972,-50,100,0.8,1
trayectoria,11.75,3,96.4721,457.028,50,-100,0.8,1
trayectoria,11.76,0,400,300,0,0,2,1
trayectoria,11.76,1,405,300,-100,0,1,0
trayectoria,11.76,2,703.028,143.972,-50,100,0.8,1
trayectoria,11.76,3,96.9721,456.028,50,-100,0.8,1
trayectoria,11.77,0,400,300,0,0,2,1
trayectoria,11.77,1,405,300,-100,0,1,0
trayectoria,11.77,2,702.528,144.972,-50,100,0.8,1
trayectoria,11.77,3,97.4721,455.028,50,-100,0.8,1
trayectoria,11.78,0,400,300,0,0,2,1
trayectoria,11.78,1,405,300,-100,0,1,0
trayectoria,11.78,2,702.028,145.972,-50,100,0.8,1
trayectoria,11.78,3,97.9721,454.028,50,-100,0.8,1
trayectoria,11.79,0,400,300,0,0,2,1
trayectoria,11.79,1,405,300,-100,0,1,0
trayectoria,11.79,2,701.528,146.972,-50,100,0.8,1
trayectoria,11.79,3,98.4721,453.028,50,-100,0.8,1
trayectoria,11.8,0,400,300,0,0,2,1
trayectoria,11.8,1,405,300,-100,0,1,0
trayectoria,11.8,2,701.028,147.972,-50,100,0.8,1
trayectoria,11.8,3,98.9721,452.028,50,-100,0.8,1
trayectoria,11.81,0,400,300,0,0,2,1
trayectoria,11.81,1,405,300,-100,0,1,0
trayectoria,11.81,2,700.528,148.972,-50,100,0.8,1
trayectoria,11.81,3,99.4721,451.028,50,-100,0.8,1
trayectoria,11.82,0,400,300,0,0,2,1
trayectoria,11.82,1,405,300,-100,0,1,0
trayectoria,11.82,2,700.028,149.972,-50,100,0.8,1
trayectoria,11.82,3,99.9721,450.028,50,-100,0.8,1
trayectoria,11.83,0,400,300,0,0,2,1
trayectoria,11.83,1,405,300,-100,0,1,0
trayectoria,11.83,2,699.528,150.972,-50,100,0.8,1
trayectoria,11.83,3,100.472,449.028,50,-100,0.8,1
trayectoria,11.84,0,400,300,0,0,2,1
trayectoria,11.84,1,405,300,-100,0,1,0
trayectoria,11.84,2,699.028,151.972,-50,100,0.8,1
trayectoria,11.84,3,100.972,448.028,50,-100,0.8,1
trayectoria,11.85,0,400,300,0,0,2,1
trayectoria,11.85,1,405,300,-100,0,1,0
trayectoria,11.85,2,698.528,152.972,-50,100,0.8,1
trayectoria,11.85,3,101.472,447.028,50,-100,0.8,1
trayectoria,11.86,0,400,300,0,0,2,1
trayectoria,11.86,1,405,300,-100,0,1,0
trayectoria,11.86,2,698.028,153.972,-50,100,0.8,1
trayectoria,11.86,3,101.972,446.028,50,-100,0.8,1
trayectoria,11.87,0,400,300,0,0,2,1
trayectoria,11.87,1,405,300,-100,0,1,0
trayectoria,11.87,2,697.528,154.972,-50,100,0.8,1
trayectoria,11.87,3,102.472,445.028,50,-100,0.8,1
trayectoria,11.88,0,400,300,0,0,2,1
trayectoria,11.88,1,405,300,-100,0,1,0
trayectoria,11.88,2,697.028,155.972,-50,100,0.8,1
trayectoria,11.88,3,102.972,444.028,50,-100,0.8,1
trayectoria,11.89,0,400,300,0,0,2,1
trayectoria,11.89,1,405,300,-100,0,1,0
trayectoria,11.89,2,696.528,156.972,-50,100,0.8,1
trayectoria,11.89,3,103.472,443.028,50,-100,0.8,1
trayectoria,11.9,0,400,300,0,0,2,1
trayectoria,11.9,1,405,300,-100,0,1,0
trayectoria,11.9,2,696.028,157.972,-50,100,0.8,1
trayectoria,11.9,3,103.972,442.028,50,-100,0.8,1
trayectoria,11.91,0,400,300,0,0,2,1
trayectoria,11.91,1,405,300,-100,0,1,0
trayectoria,11.91,2,695.528,158.972,-50,100,0.8,1
trayectoria,11.91,3,104.472,441.028,50,-100,0.8,1
trayectoria,11.92,0,400,300,0,0,2,1
trayectoria,11.92,1,405,300,-100,0,1,0
trayectoria,11.92,2,695.028,159.972,-50,100,0.8,1
trayectoria,11.92,3,104.972,440.028,50,-100,0.8,1
trayectoria,11.93,0,400,300,0,0,2,1
trayectoria,11.93,1,405,300,-100,0,1,0
trayectoria,11.93,2,694.528,160.972,-50,100,0.8,1
trayectoria,11.93,3,105.472,439.028,50,-100,0.8,1
trayectoria,11.94,0,400,300,0,0,2,1
trayectoria,11.94,1,405,300,-100,0,1,0
trayectoria,11.94,2,694.028,161.972,-50,100,0.8,1
trayectoria,11.94,3,105.972,438.028,50,-100,0.8,1
trayectoria,11.95,0,400,300,0,0,2,1
trayectoria,11.95,1,405,300,-100,0,1,0
trayectoria,11.95,2,693.528,162.972,-50,100,0.8,1
trayectoria,11.95,3,106.472,437.028,50,-100,0.8,1
trayectoria,11.96,0,400,300,0,0,2,1
trayectoria,11.96,1,405,300,-100,0,1,0
trayectoria,11.96,2,693.028,163.972,-50,100,0.8,1
trayectoria,11.96,3,106.972,436.028,50,-100,0.8,1
trayectoria,11.97,0,400,300,0,0,2,1
trayectoria,11.97,1,405,300,-100,0,1,0
trayectoria,11.97,2,692.528,164.972,-50,100,0.8,1
trayectoria,11.97,3,107.472,435.028,50,-100,0.8,1
trayectoria,11.98,0,400,300,0,0,2,1
trayectoria,11.98,1,405,300,-100,0,1,0
trayectoria,11.98,2,692.028,165.972,-50,100,0.8,1
trayectoria,11.98,3,107.972,434.028,50,-100,0.8,1
trayectoria,11.99,0,400,300,0,0,2,1
trayectoria,11.99,1,405,300,-100,0,1,0
trayectoria,11.99,2,691.528,166.972,-50,100,0.8,1
trayectoria,11.99,3,108.472,433.028,50,-100,0.8,1
trayectoria,12,0,400,300,0,0,2,1
trayectoria,12,1,405,300,-100,0,1,0
trayectoria,12,2,691.028,167.972,-50,100,0.8,1
trayectoria,12,3,108.972,432.028,50,-100,0.8,1
trayectoria,12.01,0,400,300,0,0,2,1
trayectoria,12.01,1,405,300,-100,0,1,0
trayectoria,12.01,2,690.528,168.972,-50,100,0.8,1
trayectoria,12.01,3,109.472,431.028,50,-100,0.8,1
trayectoria,12.02,0,400,300,0,0,2,1
trayectoria,12.02,1,405,300,-100,0,1,0
trayectoria,12.02,2,690.028,169.972,-50,100,0.8,1
trayectoria,12.02,3,109.972,430.028,50,-100,0.8,1
trayectoria,12.03,0,400,300,0,0,2,1
trayectoria,12.03,1,405,300,-100,0,1,0
trayectoria,12.03,2,689.528,170.972,-50,100,0.8,1
trayectoria,12.03,3,110.472,429.028,50,-100,0.8,1
trayectoria,12.04,0,400,300,0,0,2,1
trayectoria,12.04,1,405,300,-100,0,1,0
trayectoria,12.04,2,689.028,171.972,-50,100,0.8,1
trayectoria,12.04,3,110.972,428.028,50,-100,0.8,1
trayectoria,12.05,0,400,300,0,0,2,1
trayectoria,12.05,1,405,300,-100,0,1,0
trayectoria,12.05,2,688.528,172.972,-50,100,0.8,1
trayectoria,12.05,3,111.472,427.028,50,-100,0.8,1
trayectoria,12.06,0,400,300,0,0,2,1
trayectoria,12.06,1,405,300,-100,0,1,0
trayectoria,12.06,2,688.028,173.972,-50,100,0.8,1
trayectoria,12.06,3,111.972,426.028,50,-100,0.8,1
trayectoria,12.07,0,400,300,0,0,2,1
trayectoria,12.07,1,405,300,-100,0,1,0
trayectoria,12.07,2,687.528,174.972,-50,100,0.8,1
trayectoria,12.07,3,112.472,425.028,50,-100,0.8,1
trayectoria,12.08,0,400,300,0,0,2,1
trayectoria,12.08,1,405,300,-100,0,1,0
trayectoria,12.08,2,687.028,175.972,-50,100,0.8,1
trayectoria,12.08,3,112.972,424.028,50,-100,0.8,1
trayectoria,12.09,0,400,300,0,0,2,1
trayectoria,12.09,1,405,300,-100,0,1,0
trayectoria,12.09,2,686.528,176.972,-50,100,0.8,1
trayectoria,12.09,3,113.472,423.028,50,-100,0.8,1
trayectoria,12.1,0,400,300,0,0,2,1
trayectoria,12.1,1,405,300,-100,0,1,0
trayectoria,12.1,2,686.028,177.972,-50,100,0.8,1
trayectoria,12.1,3,113.972,422.028,50,-100,0.8,1
trayectoria,12.11,0,400,300,0,0,2,1
trayectoria,12.11,1,405,300,-100,0,1,0
trayectoria,12.11,2,685.528,178.972,-50,100,0.8,1
trayectoria,12.11,3,114.472,421.028,50,-100,0.8,1
trayectoria,12.12,0,400,300,0,0,2,1
trayectoria,12.12,1,405,300,-100,0,1,0
trayectoria,12.12,2,685.028,179.972,-50,100,0.8,1
trayectoria,12.12,3,114.972,420.028,50,-100,0.8,1
trayectoria,12.13,0,400,300,0,0,2,1
trayectoria,12.13,1,405,300,-100,0,1,0
trayectoria,12.13,2,684.528,180.972,-50,100,0.8,1
trayectoria,12.13,3,115.472,419.028,50,-100,0.8,1
trayectoria,12.14,0,400,300,0,0,2,1
trayectoria,12.14,1,405,300,-100,0,1,0
trayectoria,12.14,2,684.028,181.972,-50,100,0.8,1
trayectoria,12.14,3,115.972,418.028,50,-100,0.8,1
trayectoria,12.15,0,400,300,0,0,2,1
trayectoria,12.15,1,405,300,-100,0,1,0
trayectoria,12.15,2,683.528,182.972,-50,100,0.8,1
trayectoria,12.15,3,116.472,417.028,50,-100,0.8,1
trayectoria,12.16,0,400,300,0,0,2,1
trayectoria,12.16,1,405,300,-100,0,1,0
trayectoria,12.16,2,683.028,183.972,-50,100,0.8,1
trayectoria,12.16,3,116.972,416.028,50,-100,0.8,1
trayectoria,12.17,0,400,300,0,0,2,1
trayectoria,12.17,1,405,300,-100,0,1,0
trayectoria,12.17,2,682.528,184.972,-50,100,0.8,1
trayectoria,12.17,3,117.472,415.028,50,-100,0.8,1
trayectoria,12.18,0,400,300,0,0,2,1
trayectoria,12.18,1,405,300,-100,0,1,0
trayectoria,12.18,2,682.028,185.972,-50,100,0.8,1
trayectoria,12.18,3,117.972,414.028,50,-100,0.8,1
trayectoria,12.19,0,400,300,0,0,2,1
trayectoria,12.19,1,405,300,-100,0,1,0
trayectoria,12.19,2,681.528,186.972,-50,100,0.8,1
trayectoria,12.19,3,118.472,413.028,50,-100,0.8,1
trayectoria,12.2,0,400,300,0,0,2,1
trayectoria,12.2,1,405,300,-100,0,1,0
trayectoria,12.2,2,681.028,187.972,-50,100,0.8,1
trayectoria,12.2,3,118.972,412.028,50,-100,0.8,1
trayectoria,12.21,0,400,300,0,0,2,1
trayectoria,12.21,1,405,300,-100,0,1,0
trayectoria,12.21,2,680.528,188.972,-50,100,0.8,1
trayectoria,12.21,3,119.472,411.028,50,-100,0.8,1
trayectoria,12.22,0,400,300,0,0,2,1
trayectoria,12.22,1,405,300,-100,0,1,0
trayectoria,12.22,2,680.028,189.972,-50,100,0.8,1
trayectoria,12.22,3,119.972,410.028,50,-100,0.8,1
trayectoria,12.23,0,400,300,0,0,2,1
trayectoria,12.23,1,405,300,-100,0,1,0
trayectoria,12.23,2,679.528,190.972,-50,100,0.8,1
trayectoria,12.23,3,120.472,409.028,50,-100,0.8,1
trayectoria,12.24,0,400,300,0,0,2,1
trayectoria,12.24,1,405,300,-100,0,1,0
trayectoria,12.24,2,679.028,191.972,-50,100,0.8,1
trayectoria,12.24,3,120.972,408.028,50,-100,0.8,1
trayectoria,12.25,0,400,300,0,0,2,1
trayectoria,12.25,1,405,300,-100,0,1,0
trayectoria,12.25,2,678.528,192.972,-50,100,0.8,1
trayectoria,12.25,3,121.472,407.028,50,-100,0.8,1
trayectoria,12.26,0,400,300,0,0,2,1
trayectoria,12.26,1,405,300,-100,0,1,0
trayectoria,12.26,2,678.028,193.972,-50,100,0.8,1
trayectoria,12.26,3,121.972,406.028,50,-100,0.8,1
trayectoria,12.27,0,400,300,0,0,2,1
trayectoria,12.27,1,405,300,-100,0,1,0
trayectoria,12.27,2,677.528,194.972,-50,100,0.8,1
trayectoria,12.27,3,122.472,405.028,50,-100,0.8,1
trayectoria,12.28,0,400,300,0,0,2,1
trayectoria,12.28,1,405,300,-100,0,1,0
trayectoria,12.28,2,677.028,195.972,-50,100,0.8,1
trayectoria,12.28,3,122.972,404.028,50,-100,0.8,1
trayectoria,12.29,0,400,300,0,0,2,1
trayectoria,12.29,1,405,300,-100,0,1,0
trayectoria,12.29,2,676.528,196.972,-50,100,0.8,1
trayectoria,12.29,3,123.472,403.028,50,-100,0.8,1
trayectoria,12.3,0,400,300,0,0,2,1
trayectoria,12.3,1,405,300,-100,0,1,0
trayectoria,12.3,2,676.028,197.972,-50,100,0.8,1
trayectoria,12.3,3,123.972,402.028,50,-100,0.8,1
trayectoria,12.31,0,400,300,0,0,2,1
trayectoria,12.31,1,405,300,-100,0,1,0
trayectoria,12.31,2,675.528,198.972,-50,100,0.8,1
trayectoria,12.31,3,124.472,401.028,50,-100,0.8,1
trayectoria,12.32,0,400,300,0,0,2,1
trayectoria,12.32,1,405,300,-100,0,1,0
trayectoria,12.32,2,675.028,199.972,-50,100,0.8,1
trayectoria,12.32,3,124.972,400.028,50,-100,0.8,1
trayectoria,12.33,0,400,300,0,0,2,1
trayectoria,12.33,1,405,300,-100,0,1,0
trayectoria,12.33,2,674.528,200.972,-50,100,0.8,1
trayectoria,12.33,3,125.472,399.028,50,-100,0.8,1
trayectoria,12.34,0,400,300,0,0,2,1
trayectoria,12.34,1,405,300,-100,0,1,0
trayectoria,12.34,2,674.028,201.972,-50,100,0.8,1
trayectoria,12.34,3,125.972,398.028,50,-100,0.8,1
trayectoria,12.35,0,400,300,0,0,2,1
trayectoria,12.35,1,405,300,-100,0,1,0
trayectoria,12.35,2,673.528,202.972,-50,100,0.8,1
trayectoria,12.35,3,126.472,397.028,50,-100,0.8,1
trayectoria,12.36,0,400,300,0,0,2,1
trayectoria,12.36,1,405,300,-100,0,1,0
trayectoria,12.36,2,673.028,203.972,-50,100,0.8,1
trayectoria,12.36,3,126.972,396.028,50,-100,0.8,1
trayectoria,12.37,0,400,300,0,0,2,1
trayectoria,12.37,1,405,300,-100,0,1,0
trayectoria,12.37,2,672.528,204.972,-50,100,0.8,1
trayectoria,12.37,3,127.472,395.028,50,-100,0.8,1
trayectoria,12.38,0,400,300,0,0,2,1
trayectoria,12.38,1,405,300,-100,0,1,0
trayectoria,12.38,2,672.028,205.972,-50,100,0.8,1
trayectoria,12.38,3,127.972,394.028,50,-100,0.8,1
trayectoria,12.39,0,400,300,0,0,2,1
trayectoria,12.39,1,405,300,-100,0,1,0
trayectoria,12.39,2,671.528,206.972,-50,100,0.8,1
trayectoria,12.39,3,128.472,393.028,50,-100,0.8,1
trayectoria,12.4,0,400,300,0,0,2,1
trayectoria,12.4,1,405,300,-100,0,1,0
trayectoria,12.4,2,671.028,207.972,-50,100,0.8,1
trayectoria,12.4,3,128.972,392.028,50,-100,0.8,1
trayectoria,12.41,0,400,300,0,0,2,1
trayectoria,12.41,1,405,300,-100,0,1,0
trayectoria,12.41,2,670.528,208.972,-50,100,0.8,1
trayectoria,12.41,3,129.472,391.028,50,-100,0.8,1
trayectoria,12.42,0,400,300,0,0,2,1
trayectoria,12.42,1,405,300,-100,0,1,0
trayectoria,12.42,2,670.028,209.972,-50,100,0.8,1
trayectoria,12.42,3,129.972,390.028,50,-100,0.8,1
trayectoria,12.43,0,400,300,0,0,2,1
trayectoria,12.43,1,405,300,-100,0,1,0
trayectoria,12.43,2,669.528,210.972,-50,100,0.8,1
trayectoria,12.43,3,130.472,389.028,50,-100,0.8,1
trayectoria,12.44,0,400,300,0,0,2,1
trayectoria,12.44,1,405,300,-100,0,1,0
trayectoria,12.44,2,669.028,211.972,-50,100,0.8,1
trayectoria,12.44,3,130.972,388.028,50,-100,0.8,1
trayectoria,12.45,0,400,300,0,0,2,1
trayectoria,12.45,1,405,300,-100,0,1,0
trayectoria,12.45,2,668.528,212.972,-50,100,0.8,1
trayectoria,12.45,3,131.472,387.028,50,-100,0.8,1
trayectoria,12.46,0,400,300,0,0,2,1
trayectoria,12.46,1,405,300,-100,0,1,0
trayectoria,12.46,2,668.028,213.972,-50,100,0.8,1
trayectoria,12.46,3,131.972,386.028,50,-100,0.8,1
trayectoria,12.47,0,400,300,0,0,2,1
trayectoria,12.47,1,405,300,-100,0,1,0
trayectoria,12.47,2,667.528,214.972,-50,100,0.8,1
trayectoria,12.47,3,132.472,385.028,50,-100,0.8,1
trayectoria,12.48,0,400,300,0,0,2,1
trayectoria,12.48,1,405,300,-100,0,1,0
trayectoria,12.48,2,667.028,215.972,-50,100,0.8,1
trayectoria,12.48,3,132.972,384.028,50,-100,0.8,1
trayectoria,12.49,0,400,300,0,0,2,1
trayectoria,12.49,1,405,300,-100,0,1,0
trayectoria,12.49,2,666.528,216.972,-50,100,0.8,1
trayectoria,12.49,3,133.472,383.028,50,-100,0.8,1
trayectoria,12.5,0,400,300,0,0,2,1
trayectoria,12.5,1,405,300,-100,0,1,0
trayectoria,12.5,2,666.028,217.972,-50,100,0.8,1
trayectoria,12.5,3,133.972,382.028,50,-100,0.8,1
trayectoria,12.51,0,400,300,0,0,2,1
trayectoria,12.51,1,405,300,-100,0,1,0
trayectoria,12.51,2,665.528,218.972,-50,100,0.8,1
trayectoria,12.51,3,134.472,381.028,50,-100,0.8,1
trayectoria,12.52,0,400,300,0,0,2,1
trayectoria,12.52,1,405,300,-100,0,1,0
trayectoria,12.52,2,665.028,219.972,-50,100,0.8,1
trayectoria,12.52,3,134.972,380.028,50,-100,0.8,1
trayectoria,12.53,0,400,300,0,0,2,1
trayectoria,12.53,1,405,300,-100,0,1,0
trayectoria,12.53,2,664.528,220.972,-50,100,0.8,1
trayectoria,12.53,3,135.472,379.028,50,-100,0.8,1
trayectoria,12.54,0,400,300,0,0,2,1
trayectoria,12.54,1,405,300,-100,0,1,0
trayectoria,12.54,2,664.028,221.972,-50,100,0.8,1
trayectoria,12.54,3,135.972,378.028,50,-100,0.8,1
trayectoria,12.55,0,400,300,0,0,2,1
trayectoria,12.55,1,405,300,-100,0,1,0
trayectoria,12.55,2,663.528,222.972,-50,100,0.8,1
trayectoria,12.55,3,136.472,377.028,50,-100,0.8,1
trayectoria,12.56,0,400,300,0,0,2,1
trayectoria,12.56,1,405,300,-100,0,1,0
trayectoria,12.56,2,663.028,223.972,-50,100,0.8,1
trayectoria,12.56,3,136.972,376.028,50,-100,0.8,1
trayectoria,12.57,0,400,300,0,0,2,1
trayectoria,12.57,1,405,300,-100,0,1,0
trayectoria,12.57,2,662.528,224.972,-50,100,0.8,1
trayectoria,12.57,3,137.472,375.028,50,-100,0.8,1
trayectoria,12.58,0,400,300,0,0,2,1
trayectoria,12.58,1,405,300,-100,0,1,0
trayectoria,12.58,2,662.028,225.972,-50,100,0.8,1
trayectoria,12.58,3,137.972,374.028,50,-100,0.8,1
trayectoria,12.59,0,400,300,0,0,2,1
trayectoria,12.59,1,405,300,-100,0,1,0
trayectoria,12.59,2,661.528,226.972,-50,100,0.8,1
trayectoria,12.59,3,138.472,373.028,50,-100,0.8,1
trayectoria,12.6,0,400,300,0,0,2,1
trayectoria,12.6,1,405,300,-100,0,1,0
trayectoria,12.6,2,661.028,227.972,-50,100,0.8,1
trayectoria,12.6,3,138.972,372.028,50,-100,0.8,1
trayectoria,12.61,0,400,300,0,0,2,1
trayectoria,12.61,1,405,300,-100,0,1,0
trayectoria,12.61,2,660.528,228.972,-50,100,0.8,1
trayectoria,12.61,3,139.472,371.028,50,-100,0.8,1
trayectoria,12.62,0,400,300,0,0,2,1
trayectoria,12.62,1,405,300,-100,0,1,0
trayectoria,12.62,2,660.028,229.972,-50,100,0.8,1
trayectoria,12.62,3,139.972,370.028,50,-100,0.8,1
trayectoria,12.63,0,400,300,0,0,2,1
trayectoria,12.63,1,405,300,-100,0,1,0
trayectoria,12.63,2,659.528,230.972,-50,100,0.8,1
trayectoria,12.63,3,140.472,369.028,50,-100,0.8,1
trayectoria,12.64,0,400,300,0,0,2,1
trayectoria,12.64,1,405,300,-100,0,1,0
trayectoria,12.64,2,659.028,231.972,-50,100,0.8,1
trayectoria,12.64,3,140.972,368.028,50,-100,0.8,1
trayectoria,12.65,0,400,300,0,0,2,1
trayectoria,12.65,1,405,300,-100,0,1,0
trayectoria,12.65,2,658.528,232.972,-50,100,0.8,1
trayectoria,12.65,3,141.472,367.028,50,-100,0.8,1
trayectoria,12.66,0,400,300,0,0,2,1
trayectoria,12.66,1,405,300,-100,0,1,0
trayectoria,12.66,2,658.028,233.972,-50,100,0.8,1
trayectoria,12.66,3,141.972,366.028,50,-100,0.8,1
trayectoria,12.67,0,400,300,0,0,2,1
trayectoria,12.67,1,405,300,-100,0,1,0
trayectoria,12.67,2,657.528,234.972,-50,100,0.8,1
trayectoria,12.67,3,142.472,365.028,50,-100,0.8,1
trayectoria,12.68,0,400,300,0,0,2,1
trayectoria,12.68,1,405,300,-100,0,1,0
trayectoria,12.68,2,657.028,235.972,-50,100,0.8,1
trayectoria,12.68,3,142.972,364.028,50,-100,0.8,1
trayectoria,12.69,0,400,300,0,0,2,1
trayectoria,12.69,1,405,300,-100,0,1,0
trayectoria,12.69,2,656.528,236.972,-50,100,0.8,1
trayectoria,12.69,3,143.472,363.028,50,-100,0.8,1
trayectoria,12.7,0,400,300,0,0,2,1
trayectoria,12.7,1,405,300,-100,0,1,0
trayectoria,12.7,2,656.028,237.972,-50,100,0.8,1
trayectoria,12.7,3,143.972,362.028,50,-100,0.8,1
trayectoria,12.71,0,400,300,0,0,2,1
trayectoria,12.71,1,405,300,-100,0,1,0
trayectoria,12.71,2,655.528,238.972,-50,100,0.8,1
trayectoria,12.71,3,144.472,361.028,50,-100,0.8,1
trayectoria,12.72,0,400,300,0,0,2,1
trayectoria,12.72,1,405,300,-100,0,1,0
trayectoria,12.72,2,655.028,239.972,-50,100,0.8,1
trayectoria,12.72,3,144.972,360.028,50,-100,0.8,1
trayectoria,12.73,0,400,300,0,0,2,1
trayectoria,12.73,1,405,300,-100,0,1,0
trayectoria,12.73,2,654.528,240.972,-50,100,0.8,1
trayectoria,12.73,3,145.472,359.028,50,-100,0.8,1
trayectoria,12.74,0,400,300,0,0,2,1
trayectoria,12.74,1,405,300,-100,0,1,0
trayectoria,12.74,2,654.028,241.972,-50,100,0.8,1
trayectoria,12.74,3,145.972,358.028,50,-100,0.8,1
trayectoria,12.75,0,400,300,0,0,2,1
trayectoria,12.75,1,405,300,-100,0,1,0
trayectoria,12.75,2,653.528,242.972,-50,100,0.8,1
trayectoria,12.75,3,146.472,357.028,50,-100,0.8,1
trayectoria,12.76,0,400,300,0,0,2,1
trayectoria,12.76,1,405,300,-100,0,1,0
trayectoria,12.76,2,653.028,243.972,-50,100,0.8,1
trayectoria,12.76,3,146.972,356.028,50,-100,0.8,1
trayectoria,12.77,0,400,300,0,0,2,1
trayectoria,12.77,1,405,300,-100,0,1,0
trayectoria,12.77,2,652.528,244.972,-50,100,0.8,1
trayectoria,12.77,3,147.472,355.028,50,-100,0.8,1
trayectoria,12.78,0,400,300,0,0,2,1
trayectoria,12.78,1,405,300,-100,0,1,0
trayectoria,12.78,2,652.028,245.972,-50,100,0.8,1
trayectoria,12.78,3,147.972,354.028,50,-100,0.8,1
trayectoria,12.79,0,400,300,0,0,2,1
trayectoria,12.79,1,405,300,-100,0,1,0
trayectoria,12.79,2,651.528,246.972,-50,100,0.8,1
trayectoria,12.79,3,148.472,353.028,50,-100,0.8,1
trayectoria,12.8,0,400,300,0,0,2,1
trayectoria,12.8,1,405,300,-100,0,1,0
trayectoria,12.8,2,651.028,247.972,-50,100,0.8,1
trayectoria,12.8,3,148.972,352.028,50,-100,0.8,1
trayectoria,12.81,0,400,300,0,0,2,1
trayectoria,12.81,1,405,300,-100,0,1,0
trayectoria,12.81,2,650.528,248.972,-50,100,0.8,1
trayectoria,12.81,3,149.472,351.028,50,-100,0.8,1
trayectoria,12.82,0,400,300,0,0,2,1
trayectoria,12.82,1,405,300,-100,0,1,0
trayectoria,12.82,2,650.028,249.972,-50,100,0.8,1
trayectoria,12.82,3,149.972,350.028,50,-100,0.8,1
trayectoria,12.83,0,400,300,0,0,2,1
trayectoria,12.83,1,405,300,-100,0,1,0
trayectoria,12.83,2,649.528,250.972,-50,100,0.8,1
trayectoria,12.83,3,150.472,349.028,50,-100,0.8,1
trayectoria,12.84,0,400,300,0,0,2,1
trayectoria,12.84,1,405,300,-100,0,1,0
trayectoria,12.84,2,649.028,251.972,-50,100,0.8,1
trayectoria,12.84,3,150.972,348.028,50,-100,0.8,1
trayectoria,12.85,0,400,300,0,0,2,1
trayectoria,12.85,1,405,300,-100,0,1,0
trayectoria,12.85,2,648.528,252.972,-50,100,0.8,1
trayectoria,12.85,3,151.472,347.028,50,-100,0.8,1
trayectoria,12.86,0,400,300,0,0,2,1
trayectoria,12.86,1,405,300,-100,0,1,0
trayectoria,12.86,2,648.028,253.972,-50,100,0.8,1
trayectoria,12.86,3,151.972,346.028,50,-100,0.8,1
trayectoria,12.87,0,400,300,0,0,2,1
trayectoria,12.87,1,405,300,-100,0,1,0
trayectoria,12.87,2,647.528,254.972,-50,100,0.8,1
trayectoria,12.87,3,152.472,345.028,50,-100,0.8,1
trayectoria,12.88,0,400,300,0,0,2,1
trayectoria,12.88,1,405,300,-100,0,1,0
trayectoria,12.88,2,647.028,255.972,-50,100,0.8,1
trayectoria,12.88,3,152.972,344.028,50,-100,0.8,1
trayectoria,12.89,0,400,300,0,0,2,1
trayectoria,12.89,1,405,300,-100,0,1,0
trayectoria,12.89,2,646.528,256.972,-50,100,0.8,1
trayectoria,12.89,3,153.472,343.028,50,-100,0.8,1
trayectoria,12.9,0,400,300,0,0,2,1
trayectoria,12.9,1,405,300,-100,0,1,0
trayectoria,12.9,2,646.028,257.972,-50,100,0.8,1
trayectoria,12.9,3,153.972,342.028,50,-100,0.8,1
trayectoria,12.91,0,400,300,0,0,2,1
trayectoria,12.91,1,405,300,-100,0,1,0
trayectoria,12.91,2,645.528,258.972,-50,100,0.8,1
trayectoria,12.91,3,154.472,341.028,50,-100,0.8,1
trayectoria,12.92,0,400,300,0,0,2,1
trayectoria,12.92,1,405,300,-100,0,1,0
trayectoria,12.92,2,645.028,259.972,-50,100,0.8,1
trayectoria,12.92,3,154.972,340.028,50,-100,0.8,1
trayectoria,12.93,0,400,300,0,0,2,1
trayectoria,12.93,1,405,300,-100,0,1,0
trayectoria,12.93,2,644.528,260.972,-50,100,0.8,1
trayectoria,12.93,3,155.472,339.028,50,-100,0.8,1
trayectoria,12.94,0,400,300,0,0,2,1
trayectoria,12.94,1,405,300,-100,0,1,0
trayectoria,12.94,2,644.028,261.972,-50,100,0.8,1
trayectoria,12.94,3,155.972,338.028,50,-100,0.8,1
trayectoria,12.95,0,400,300,0,0,2,1
trayectoria,12.95,1,405,300,-100,0,1,0
trayectoria,12.95,2,643.528,262.972,-50,100,0.8,1
trayectoria,12.95,3,156.472,337.028,50,-100,0.8,1
trayectoria,12.96,0,400,300,0,0,2,1
trayectoria,12.96,1,405,300,-100,0,1,0
trayectoria,12.96,2,643.028,263.972,-50,100,0.8,1
trayectoria,12.96,3,156.972,336.028,50,-100,0.8,1
trayectoria,12.97,0,400,300,0,0,2,1
trayectoria,12.97,1,405,300,-100,0,1,0
trayectoria,12.97,2,642.528,264.972,-50,100,0.8,1
trayectoria,12.97,3,157.472,335.028,50,-100,0.8,1
trayectoria,12.98,0,400,300,0,0,2,1
trayectoria,12.98,1,405,300,-100,0,1,0
trayectoria,12.98,2,642.028,265.972,-50,100,0.8,1
trayectoria,12.98,3,157.972,334.028,50,-100,0.8,1
trayectoria,12.99,0,400,300,0,0,2,1
trayectoria,12.99,1,405,300,-100,0,1,0
trayectoria,12.99,2,641.528,266.972,-50,100,0.8,1
trayectoria,12.99,3,158.472,333.028,50,-100,0.8,1
trayectoria,13,0,400,300,0,0,2,1
trayectoria,13,1,405,300,-100,0,1,0
trayectoria,13,2,641.028,267.972,-50,100,0.8,1
trayectoria,13,3,158.972,332.028,50,-100,0.8,1
trayectoria,13.01,0,400,300,0,0,2,1
trayectoria,13.01,1,405,300,-100,0,1,0
trayectoria,13.01,2,640.528,268.972,-50,100,0.8,1
trayectoria,13.01,3,159.472,331.028,50,-100,0.8,1
trayectoria,13.02,0,400,300,0,0,2,1
trayectoria,13.02,1,405,300,-100,0,1,0
trayectoria,13.02,2,640.028,269.972,-50,100,0.8,1
trayectoria,13.02,3,159.972,330.028,50,-100,0.8,1
trayectoria,13.03,0,400,300,0,0,2,1
trayectoria,13.03,1,405,300,-100,0,1,0
trayectoria,13.03,2,639.528,270.972,-50,100,0.8,1
trayectoria,13.03,3,160.472,329.028,50,-100,0.8,1
trayectoria,13.04,0,400,300,0,0,2,1
trayectoria,13.04,1,405,300,-100,0,1,0
trayectoria,13.04,2,639.028,271.972,-50,100,0.8,1
trayectoria,13.04,3,160.972,328.028,50,-100,0.8,1
trayectoria,13.05,0,400,300,0,0,2,1
trayectoria,13.05,1,405,300,-100,0,1,0
trayectoria,13.05,2,638.528,272.972,-50,100,0.8,1
trayectoria,13.05,3,161.472,327.028,50,-100,0.8,1
trayectoria,13.06,0,400,300,0,0,2,1
trayectoria,13.06,1,405,300,-100,0,1,0
trayectoria,13.06,2,638.028,273.972,-50,100,0.8,1
trayectoria,13.06,3,161.972,326.028,50,-100,0.8,1
trayectoria,13.07,0,400,300,0,0,2,1
trayectoria,13.07,1,405,300,-100,0,1,0
trayectoria,13.07,2,637.528,274.972,-50,100,0.8,1
trayectoria,13.07,3,162.472,325.028,50,-100,0.8,1
trayectoria,13.08,0,400,300,0,0,2,1
trayectoria,13.08,1,405,300,-100,0,1,0
trayectoria,13.08,2,637.028,275.972,-50,100,0.8,1
trayectoria,13.08,3,162.972,324.028,50,-100,0.8,1
trayectoria,13.09,0,400,300,0,0,2,1
trayectoria,13.09,1,405,300,-100,0,1,0
trayectoria,13.09,2,636.528,276.972,-50,100,0.8,1
trayectoria,13.09,3,163.472,323.028,50,-100,0.8,1
trayectoria,13.1,0,400,300,0,0,2,1
trayectoria,13.1,1,405,300,-100,0,1,0
trayectoria,13.1,2,636.028,277.972,-50,100,0.8,1
trayectoria,13.1,3,163.972,322.028,50,-100,0.8,1
trayectoria,13.11,0,400,300,0,0,2,1
trayectoria,13.11,1,405,300,-100,0,1,0
trayectoria,13.11,2,635.528,278.972,-50,100,0.8,1
trayectoria,13.11,3,164.472,321.028,50,-100,0.8,1
trayectoria,13.12,0,400,300,0,0,2,1
trayectoria,13.12,1,405,300,-100,0,1,0
trayectoria,13.12,2,635.028,279.972,-50,100,0.8,1
trayectoria,13.12,3,164.972,320.028,50,-100,0.8,1
trayectoria,13.13,0,400,300,0,0,2,1
trayectoria,13.13,1,405,300,-100,0,1,0
trayectoria,13.13,2,634.528,280.972,-50,100,0.8,1
trayectoria,13.13,3,165.472,319.028,50,-100,0.8,1
trayectoria,13.14,0,400,300,0,0,2,1
trayectoria,13.14,1,405,300,-100,0,1,0
trayectoria,13.14,2,634.028,281.972,-50,100,0.8,1
trayectoria,13.14,3,165.972,318.028,50,-100,0.8,1
trayectoria,13.15,0,400,300,0,0,2,1
trayectoria,13.15,1,405,300,-100,0,1,0
trayectoria,13.15,2,633.528,282.972,-50,100,0.8,1
trayectoria,13.15,3,166.472,317.028,50,-100,0.8,1
trayectoria,13.16,0,400,300,0,0,2,1
trayectoria,13.16,1,405,300,-100,0,1,0
trayectoria,13.16,2,633.028,283.972,-50,100,0.8,1
trayectoria,13.16,3,166.972,316.028,50,-100,0.8,1
trayectoria,13.17,0,400,300,0,0,2,1
trayectoria,13.17,1,405,300,-100,0,1,0
trayectoria,13.17,2,632.528,284.972,-50,100,0.8,1
trayectoria,13.17,3,167.472,315.028,50,-100,0.8,1
trayectoria,13.18,0,400,300,0,0,2,1
trayectoria,13.18,1,405,300,-100,0,1,0
trayectoria,13.18,2,632.028,285.972,-50,100,0.8,1
trayectoria,13.18,3,167.972,314.028,50,-100,0.8,1
trayectoria,13.19,0,400,300,0,0,2,1
trayectoria,13.19,1,405,300,-100,0,1,0
trayectoria,13.19,2,631.528,286.972,-50,100,0.8,1
trayectoria,13.19,3,168.472,313.028,50,-100,0.8,1
trayectoria,13.2,0,400,300,0,0,2,1
trayectoria,13.2,1,405,300,-100,0,1,0
trayectoria,13.2,2,631.028,287.972,-50,100,0.8,1
trayectoria,13.2,3,168.972,312.028,50,-100,0.8,1
trayectoria,13.21,0,400,300,0,0,2,1
trayectoria,13.21,1,405,300,-100,0,1,0
trayectoria,13.21,2,630.528,288.972,-50,100,0.8,1
trayectoria,13.21,3,169.472,311.028,50,-100,0.8,1
trayectoria,13.22,0,400,300,0,0,2,1
trayectoria,13.22,1,405,300,-100,0,1,0
trayectoria,13.22,2,630.028,289.972,-50,100,0.8,1
trayectoria,13.22,3,169.972,310.028,50,-100,0.8,1
trayectoria,13.23,0,400,300,0,0,2,1
trayectoria,13.23,1,405,300,-100,0,1,0
trayectoria,13.23,2,629.528,290.972,-50,100,0.8,1
trayectoria,13.23,3,170.472,309.028,50,-100,0.8,1
trayectoria,13.24,0,400,300,0,0,2,1
trayectoria,13.24,1,405,300,-100,0,1,0
trayectoria,13.24,2,629.028,291.972,-50,100,0.8,1
trayectoria,13.24,3,170.972,308.028,50,-100,0.8,1
trayectoria,13.25,0,400,300,0,0,2,1
trayectoria,13.25,1,405,300,-100,0,1,0
trayectoria,13.25,2,628.528,292.972,-50,100,0.8,1
trayectoria,13.25,3,171.472,307.028,50,-100,0.8,1
trayectoria,13.26,0,400,300,0,0,2,1
trayectoria,13.26,1,405,300,-100,0,1,0
trayectoria,13.26,2,628.028,293.972,-50,100,0.8,1
trayectoria,13.26,3,171.972,306.028,50,-100,0.8,1
trayectoria,13.27,0,400,300,0,0,2,1
trayectoria,13.27,1,405,300,-100,0,1,0
trayectoria,13.27,2,627.528,294.972,-50,100,0.8,1
trayectoria,13.27,3,172.472,305.028,50,-100,0.8,1
trayectoria,13.28,0,400,300,0,0,2,1
trayectoria,13.28,1,405,300,-100,0,1,0
trayectoria,13.28,2,627.028,295.972,-50,100,0.8,1
trayectoria,13.28,3,172.972,304.028,50,-100,0.8,1
trayectoria,13.29,0,400,300,0,0,2,1
trayectoria,13.29,1,405,300,-100,0,1,0
trayectoria,13.29,2,626.528,296.972,-50,100,0.8,1
trayectoria,13.29,3,173.472,303.028,50,-100,0.8,1
trayectoria,13.3,0,400,300,0,0,2,1
trayectoria,13.3,1,405,300,-100,0,1,0
trayectoria,13.3,2,626.028,297.972,-50,100,0.8,1
trayectoria,13.3,3,173.972,302.028,50,-100,0.8,1
trayectoria,13.31,0,400,300,0,0,2,1
trayectoria,13.31,1,405,300,-100,0,1,0
trayectoria,13.31,2,625.528,298.972,-50,100,0.8,1
trayectoria,13.31,3,174.472,301.028,50,-100,0.8,1
trayectoria,13.32,0,400,300,0,0,2,1
trayectoria,13.32,1,405,300,-100,0,1,0
trayectoria,13.32,2,625.028,299.972,-50,100,0.8,1
trayectoria,13.32,3,174.972,300.028,50,-100,0.8,1
trayectoria,13.33,0,400,300,0,0,2,1
trayectoria,13.33,1,405,300,-100,0,1,0
trayectoria,13.33,2,624.528,300.972,-50,100,0.8,1
trayectoria,13.33,3,175.472,299.028,50,-100,0.8,1
trayectoria,13.34,0,400,300,0,0,2,1
trayectoria,13.34,1,405,300,-100,0,1,0
trayectoria,13.34,2,624.028,301.972,-50,100,0.8,1
trayectoria,13.34,3,175.972,298.028,50,-100,0.8,1
trayectoria,13.35,0,400,300,0,0,2,1
trayectoria,13.35,1,405,300,-100,0,1,0
trayectoria,13.35,2,623.528,302.972,-50,100,0.8,1
trayectoria,13.35,3,176.472,297.028,50,-100,0.8,1
trayectoria,13.36,0,400,300,0,0,2,1
trayectoria,13.36,1,405,300,-100,0,1,0
trayectoria,13.36,2,623.028,303.972,-50,100,0.8,1
trayectoria,13.36,3,176.972,296.028,50,-100,0.8,1
trayectoria,13.37,0,400,300,0,0,2,1
trayectoria,13.37,1,405,300,-100,0,1,0
trayectoria,13.37,2,622.528,304.972,-50,100,0.8,1
trayectoria,13.37,3,177.472,295.028,50,-100,0.8,1
trayectoria,13.38,0,400,300,0,0,2,1
trayectoria,13.38,1,405,300,-100,0,1,0
trayectoria,13.38,2,622.028,305.972,-50,100,0.8,1
trayectoria,13.38,3,177.972,294.028,50,-100,0.8,1
trayectoria,13.39,0,400,300,0,0,2,1
trayectoria,13.39,1,405,300,-100,0,1,0
trayectoria,13.39,2,621.528,306.972,-50,100,0.8,1
trayectoria,13.39,3,178.472,293.028,50,-100,0.8,1
trayectoria,13.4,0,400,300,0,0,2,1
trayectoria,13.4,1,405,300,-100,0,1,0
trayectoria,13.4,2,621.028,307.972,-50,100,0.8,1
trayectoria,13.4,3,178.972,292.028,50,-100,0.8,1
trayectoria,13.41,0,400,300,0,0,2,1
trayectoria,13.41,1,405,300,-100,0,1,0
trayectoria,13.41,2,620.528,308.972,-50,100,0.8,1
trayectoria,13.41,3,179.472,291.028,50,-100,0.8,1
trayectoria,13.42,0,400,300,0,0,2,1
trayectoria,13.42,1,405,300,-100,0,1,0
trayectoria,13.42,2,620.028,309.972,-50,100,0.8,1
trayectoria,13.42,3,179.972,290.028,50,-100,0.8,1
trayectoria,13.43,0,400,300,0,0,2,1
trayectoria,13.43,1,405,300,-100,0,1,0
trayectoria,13.43,2,619.528,310.972,-50,100,0.8,1
trayectoria,13.43,3,180.472,289.028,50,-100,0.8,1
trayectoria,13.44,0,400,300,0,0,2,1
trayectoria,13.44,1,405,300,-100,0,1,0
trayectoria,13.44,2,619.028,311.972,-50,100,0.8,1
trayectoria,13.44,3,180.972,288.028,50,-100,0.8,1
trayectoria,13.45,0,400,300,0,0,2,1
trayectoria,13.45,1,405,300,-100,0,1,0
trayectoria,13.45,2,618.528,312.972,-50,100,0.8,1
trayectoria,13.45,3,181.472,287.028,50,-100,0.8,1
trayectoria,13.46,0,400,300,0,0,2,1
trayectoria,13.46,1,405,300,-100,0,1,0
trayectoria,13.46,2,618.028,313.972,-50,100,0.8,1
trayectoria,13.46,3,181.972,286.028,50,-100,0.8,1
trayectoria,13.47,0,400,300,0,0,2,1
trayectoria,13.47,1,405,300,-100,0,1,0
trayectoria,13.47,2,617.528,314.972,-50,100,0.8,1
trayectoria,13.47,3,182.472,285.028,50,-100,0.8,1
trayectoria,13.48,0,400,300,0,0,2,1
trayectoria,13.48,1,405,300,-100,0,1,0
trayectoria,13.48,2,617.028,315.972,-50,100,0.8,1
trayectoria,13.48,3,182.972,284.028,50,-100,0.8,1
trayectoria,13.49,0,400,300,0,0,2,1
trayectoria,13.49,1,405,300,-100,0,1,0
trayectoria,13.49,2,616.528,316.972,-50,100,0.8,1
trayectoria,13.49,3,183.472,283.028,50,-100,0.8,1
trayectoria,13.5,0,400,300,0,0,2,1
trayectoria,13.5,1,405,300,-100,0,1,0
trayectoria,13.5,2,616.028,317.972,-50,100,0.8,1
trayectoria,13.5,3,183.972,282.028,50,-100,0.8,1
trayectoria,13.51,0,400,300,0,0,2,1
trayectoria,13.51,1,405,300,-100,0,1,0
trayectoria,13.51,2,615.528,318.972,-50,100,0.8,1
trayectoria,13.51,3,184.472,281.028,50,-100,0.8,1
trayectoria,13.52,0,400,300,0,0,2,1
trayectoria,13.52,1,405,300,-100,0,1,0
trayectoria,13.52,2,615.028,319.972,-50,100,0.8,1
trayectoria,13.52,3,184.972,280.028,50,-100,0.8,1
trayectoria,13.53,0,400,300,0,0,2,1
trayectoria,13.53,1,405,300,-100,0,1,0
trayectoria,13.53,2,614.528,320.972,-50,100,0.8,1
trayectoria,13.53,3,185.472,279.028,50,-100,0.8,1
trayectoria,13.54,0,400,300,0,0,2,1
trayectoria,13.54,1,405,300,-100,0,1,0
trayectoria,13.54,2,614.028,321.972,-50,100,0.8,1
trayectoria,13.54,3,185.972,278.028,50,-100,0.8,1
trayectoria,13.55,0,400,300,0,0,2,1
trayectoria,13.55,1,405,300,-100,0,1,0
trayectoria,13.55,2,613.528,322.972,-50,100,0.8,1
trayectoria,13.55,3,186.472,277.028,50,-100,0.8,1
trayectoria,13.56,0,400,300,0,0,2,1
trayectoria,13.56,1,405,300,-100,0,1,0
trayectoria,13.56,2,613.028,323.972,-50,100,0.8,1
trayectoria,13.56,3,186.972,276.028,50,-100,0.8,1
trayectoria,13.57,0,400,300,0,0,2,1
trayectoria,13.57,1,405,300,-100,0,1,0
trayectoria,13.57,2,612.528,324.972,-50,100,0.8,1
trayectoria,13.57,3,187.472,275.028,50,-100,0.8,1
trayectoria,13.58,0,400,300,0,0,2,1
trayectoria,13.58,1,405,300,-100,0,1,0
trayectoria,13.58,2,612.028,325.972,-50,100,0.8,1
trayectoria,13.58,3,187.972,274.028,50,-100,0.8,1
trayectoria,13.59,0,400,300,0,0,2,1
trayectoria,13.59,1,405,300,-100,0,1,0
trayectoria,13.59,2,611.528,326.972,-50,100,0.8,1
trayectoria,13.59,3,188.472,273.028,50,-100,0.8,1
trayectoria,13.6,0,400,300,0,0,2,1
trayectoria,13.6,1,405,300,-100,0,1,0
trayectoria,13.6,2,611.028,327.972,-50,100,0.8,1
trayectoria,13.6,3,188.972,272.028,50,-100,0.8,1
trayectoria,13.61,0,400,300,0,0,2,1
trayectoria,13.61,1,405,300,-100,0,1,0
trayectoria,13.61,2,610.528,328.972,-50,100,0.8,1
trayectoria,13.61,3,189.472,271.028,50,-100,0.8,1
trayectoria,13.62,0,400,300,0,0,2,1
trayectoria,13.62,1,405,300,-100,0,1,0
trayectoria,13.62,2,610.028,329.972,-50,100,0.8,1
trayectoria,13.62,3,189.972,270.028,50,-100,0.8,1
trayectoria,13.63,0,400,300,0,0,2,1
trayectoria,13.63,1,405,300,-100,0,1,0
trayectoria,13.63,2,609.528,330.972,-50,100,0.8,1
trayectoria,13.63,3,190.472,269.028,50,-100,0.8,1
trayectoria,13.64,0,400,300,0,0,2,1
trayectoria,13.64,1,405,300,-100,0,1,0
trayectoria,13.64,2,609.028,331.972,-50,100,0.8,1
trayectoria,13.64,3,190.972,268.028,50,-100,0.8,1
trayectoria,13.65,0,400,300,0,0,2,1
trayectoria,13.65,1,405,300,-100,0,1,0
trayectoria,13.65,2,608.528,332.972,-50,100,0.8,1
trayectoria,13.65,3,191.472,267.028,50,-100,0.8,1
trayectoria,13.66,0,400,300,0,0,2,1
trayectoria,13.66,1,405,300,-100,0,1,0
trayectoria,13.66,2,608.028,333.972,-50,100,0.8,1
trayectoria,13.66,3,191.972,266.028,50,-100,0.8,1
trayectoria,13.67,0,400,300,0,0,2,1
trayectoria,13.67,1,405,300,-100,0,1,0
trayectoria,13.67,2,607.528,334.972,-50,100,0.8,1
trayectoria,13.67,3,192.472,265.028,50,-100,0.8,1
trayectoria,13.68,0,400,300,0,0,2,1
trayectoria,13.68,1,405,300,-100,0,1,0
trayectoria,13.68,2,607.028,335.972,-50,100,0.8,1
trayectoria,13.68,3,192.972,264.028,50,-100,0.8,1
trayectoria,13.69,0,400,300,0,0,2,1
trayectoria,13.69,1,405,300,-100,0,1,0
trayectoria,13.69,2,606.528,336.972,-50,100,0.8,1
trayectoria,13.69,3,193.472,263.028,50,-100,0.8,1
trayectoria,13.7,0,400,300,0,0,2,1
trayectoria,13.7,1,405,300,-100,0,1,0
trayectoria,13.7,2,606.028,337.972,-50,100,0.8,1
trayectoria,13.7,3,193.972,262.028,50,-100,0.8,1
trayectoria,13.71,0,400,300,0,0,2,1
trayectoria,13.71,1,405,300,-100,0,1,0
trayectoria,13.71,2,605.528,338.972,-50,100,0.8,1
trayectoria,13.71,3,194.472,261.028,50,-100,0.8,1
trayectoria,13.72,0,400,300,0,0,2,1
trayectoria,13.72,1,405,300,-100,0,1,0
trayectoria,13.72,2,605.028,339.972,-50,100,0.8,1
trayectoria,13.72,3,194.972,260.028,50,-100,0.8,1
trayectoria,13.73,0,400,300,0,0,2,1
trayectoria,13.73,1,405,300,-100,0,1,0
trayectoria,13.73,2,604.528,340.972,-50,100,0.8,1
trayectoria,13.73,3,195.472,259.028,50,-100,0.8,1
trayectoria,13.74,0,400,300,0,0,2,1
trayectoria,13.74,1,405,300,-100,0,1,0
trayectoria,13.74,2,604.028,341.972,-50,100,0.8,1
trayectoria,13.74,3,195.972,258.028,50,-100,0.8,1
trayectoria,13.75,0,400,300,0,0,2,1
trayectoria,13.75,1,405,300,-100,0,1,0
trayectoria,13.75,2,603.528,342.972,-50,100,0.8,1
trayectoria,13.75,3,196.472,257.028,50,-100,0.8,1
trayectoria,13.76,0,400,300,0,0,2,1
trayectoria,13.76,1,405,300,-100,0,1,0
trayectoria,13.76,2,603.028,343.972,-50,100,0.8,1
trayectoria,13.76,3,196.972,256.028,50,-100,0.8,1
trayectoria,13.77,0,400,300,0,0,2,1
trayectoria,13.77,1,405,300,-100,0,1,0
trayectoria,13.77,2,602.528,344.972,-50,100,0.8,1
trayectoria,13.77,3,197.472,255.028,50,-100,0.8,1
trayectoria,13.78,0,400,300,0,0,2,1
trayectoria,13.78,1,405,300,-100,0,1,0
trayectoria,13.78,2,602.028,345.972,-50,100,0.8,1
trayectoria,13.78,3,197.972,254.028,50,-100,0.8,1
trayectoria,13.79,0,400,300,0,0,2,1
trayectoria,13.79,1,405,300,-100,0,1,0
trayectoria,13.79,2,601.528,346.972,-50,100,0.8,1
trayectoria,13.79,3,198.472,253.028,50,-100,0.8,1
trayectoria,13.8,0,400,300,0,0,2,1
trayectoria,13.8,1,405,300,-100,0,1,0
trayectoria,13.8,2,601.028,347.972,-50,100,0.8,1
trayectoria,13.8,3,198.972,252.028,50,-100,0.8,1
trayectoria,13.81,0,400,300,0,0,2,1
trayectoria,13.81,1,405,300,-100,0,1,0
trayectoria,13.81,2,600.528,348.972,-50,100,0.8,1
trayectoria,13.81,3,199.472,251.028,50,-100,0.8,1
trayectoria,13.82,0,400,300,0,0,2,1
trayectoria,13.82,1,405,300,-100,0,1,0
trayectoria,13.82,2,600.028,349.972,-50,100,0.8,1
trayectoria,13.82,3,199.972,250.028,50,-100,0.8,1
trayectoria,13.83,0,400,300,0,0,2,1
trayectoria,13.83,1,405,300,-100,0,1,0
trayectoria,13.83,2,599.528,350.972,-50,100,0.8,1
trayectoria,13.83,3,200.472,249.028,50,-100,0.8,1
trayectoria,13.84,0,400,300,0,0,2,1
trayectoria,13.84,1,405,300,-100,0,1,0
trayectoria,13.84,2,599.028,351.972,-50,100,0.8,1
trayectoria,13.84,3,200.972,248.028,50,-100,0.8,1
trayectoria,13.85,0,400,300,0,0,2,1
trayectoria,13.85,1,405,300,-100,0,1,0
trayectoria,13.85,2,598.528,352.972,-50,100,0.8,1
trayectoria,13.85,3,201.472,247.028,50,-100,0.8,1
trayectoria,13.86,0,400,300,0,0,2,1
trayectoria,13.86,1,405,300,-100,0,1,0
trayectoria,13.86,2,598.028,353.972,-50,100,0.8,1
trayectoria,13.86,3,201.972,246.028,50,-100,0.8,1
trayectoria,13.87,0,400,300,0,0,2,1
trayectoria,13.87,1,405,300,-100,0,1,0
trayectoria,13.87,2,597.528,354.972,-50,100,0.8,1
trayectoria,13.87,3,202.472,245.028,50,-100,0.8,1
trayectoria,13.88,0,400,300,0,0,2,1
trayectoria,13.88,1,405,300,-100,0,1,0
trayectoria,13.88,2,597.028,355.972,-50,100,0.8,1
trayectoria,13.88,3,202.972,244.028,50,-100,0.8,1
trayectoria,13.89,0,400,300,0,0,2,1
trayectoria,13.89,1,405,300,-100,0,1,0
trayectoria,13.89,2,596.528,356.972,-50,100,0.8,1
trayectoria,13.89,3,203.472,243.028,50,-100,0.8,1
trayectoria,13.9,0,400,300,0,0,2,1
trayectoria,13.9,1,405,300,-100,0,1,0
trayectoria,13.9,2,596.028,357.972,-50,100,0.8,1
trayectoria,13.9,3,203.972,242.028,50,-100,0.8,1
trayectoria,13.91,0,400,300,0,0,2,1
trayectoria,13.91,1,405,300,-100,0,1,0
trayectoria,13.91,2,595.528,358.972,-50,100,0.8,1
trayectoria,13.91,3,204.472,241.028,50,-100,0.8,1
trayectoria,13.92,0,400,300,0,0,2,1
trayectoria,13.92,1,405,300,-100,0,1,0
trayectoria,13.92,2,595.028,359.972,-50,100,0.8,1
trayectoria,13.92,3,204.972,240.028,50,-100,0.8,1
trayectoria,13.93,0,400,300,0,0,2,1
trayectoria,13.93,1,405,300,-100,0,1,0
trayectoria,13.93,2,594.528,360.972,-50,100,0.8,1
trayectoria,13.93,3,205.472,239.028,50,-100,0.8,1
trayectoria,13.94,0,400,300,0,0,2,1
trayectoria,13.94,1,405,300,-100,0,1,0
trayectoria,13.94,2,594.028,361.972,-50,100,0.8,1
trayectoria,13.94,3,205.972,238.028,50,-100,0.8,1
trayectoria,13.95,0,400,300,0,0,2,1
trayectoria,13.95,1,405,300,-100,0,1,0
trayectoria,13.95,2,593.528,362.972,-50,100,0.8,1
trayectoria,13.95,3,206.472,237.028,50,-100,0.8,1
trayectoria,13.96,0,400,300,0,0,2,1
trayectoria,13.96,1,405,300,-100,0,1,0
trayectoria,13.96,2,593.028,363.972,-50,100,0.8,1
trayectoria,13.96,3,206.972,236.028,50,-100,0.8,1
trayectoria,13.97,0,400,300,0,0,2,1
trayectoria,13.97,1,405,300,-100,0,1,0
trayectoria,13.97,2,592.528,364.972,-50,100,0.8,1
trayectoria,13.97,3,207.472,235.028,50,-100,0.8,1
trayectoria,13.98,0,400,300,0,0,2,1
trayectoria,13.98,1,405,300,-100,0,1,0
trayectoria,13.98,2,592.028,365.972,-50,100,0.8,1
trayectoria,13.98,3,207.972,234.028,50,-100,0.8,1
trayectoria,13.99,0,400,300,0,0,2,1
trayectoria,13.99,1,405,300,-100,0,1,0
trayectoria,13.99,2,591.528,366.972,-50,100,0.8,1
trayectoria,13.99,3,208.472,233.028,50,-100,0.8,1
trayectoria,14,0,400,300,0,0,2,1
trayectoria,14,1,405,300,-100,0,1,0
trayectoria,14,2,591.028,367.972,-50,100,0.8,1
trayectoria,14,3,208.972,232.028,50,-100,0.8,1
trayectoria,14.01,0,400,300,0,0,2,1
trayectoria,14.01,1,405,300,-100,0,1,0
trayectoria,14.01,2,590.528,368.972,-50,100,0.8,1
trayectoria,14.01,3,209.472,231.028,50,-100,0.8,1
trayectoria,14.02,0,400,300,0,0,2,1
trayectoria,14.02,1,405,300,-100,0,1,0
trayectoria,14.02,2,590.028,369.972,-50,100,0.8,1
trayectoria,14.02,3,209.972,230.028,50,-100,0.8,1
trayectoria,14.03,0,400,300,0,0,2,1
trayectoria,14.03,1,405,300,-100,0,1,0
trayectoria,14.03,2,589.528,370.972,-50,100,0.8,1
trayectoria,14.03,3,210.472,229.028,50,-100,0.8,1
trayectoria,14.04,0,400,300,0,0,2,1
trayectoria,14.04,1,405,300,-100,0,1,0
trayectoria,14.04,2,589.028,371.972,-50,100,0.8,1
trayectoria,14.04,3,210.972,228.028,50,-100,0.8,1
trayectoria,14.05,0,400,300,0,0,2,1
trayectoria,14.05,1,405,300,-100,0,1,0
trayectoria,14.05,2,588.528,372.972,-50,100,0.8,1
trayectoria,14.05,3,211.472,227.028,50,-100,0.8,1
trayectoria,14.06,0,400,300,0,0,2,1
trayectoria,14.06,1,405,300,-100,0,1,0
trayectoria,14.06,2,588.028,373.972,-50,100,0.8,1
trayectoria,14.06,3,211.972,226.028,50,-100,0.8,1
trayectoria,14.07,0,400,300,0,0,2,1
trayectoria,14.07,1,405,300,-100,0,1,0
trayectoria,14.07,2,587.528,374.972,-50,100,0.8,1
trayectoria,14.07,3,212.472,225.028,50,-100,0.8,1
trayectoria,14.08,0,400,300,0,0,2,1
trayectoria,14.08,1,405,300,-100,0,1,0
trayectoria,14.08,2,587.028,375.972,-50,100,0.8,1
trayectoria,14.08,3,212.972,224.028,50,-100,0.8,1
trayectoria,14.09,0,400,300,0,0,2,1
trayectoria,14.09,1,405,300,-100,0,1,0
trayectoria,14.09,2,586.528,376.972,-50,100,0.8,1
trayectoria,14.09,3,213.472,223.028,50,-100,0.8,1
trayectoria,14.1,0,400,300,0,0,2,1
trayectoria,14.1,1,405,300,-100,0,1,0
trayectoria,14.1,2,586.028,377.972,-50,100,0.8,1
trayectoria,14.1,3,213.972,222.028,50,-100,0.8,1
trayectoria,14.11,0,400,300,0,0,2,1
trayectoria,14.11,1,405,300,-100,0,1,0
trayectoria,14.11,2,585.528,378.972,-50,100,0.8,1
trayectoria,14.11,3,214.472,221.028,50,-100,0.8,1
trayectoria,14.12,0,400,300,0,0,2,1
trayectoria,14.12,1,405,300,-100,0,1,0
trayectoria,14.12,2,585.028,379.972,-50,100,0.8,1
trayectoria,14.12,3,214.972,220.028,50,-100,0.8,1
trayectoria,14.13,0,400,300,0,0,2,1
trayectoria,14.13,1,405,300,-100,0,1,0
trayectoria,14.13,2,584.528,380.972,-50,100,0.8,1
trayectoria,14.13,3,215.472,219.028,50,-100,0.8,1
trayectoria,14.14,0,400,300,0,0,2,1
trayectoria,14.14,1,405,300,-100,0,1,0
trayectoria,14.14,2,584.028,381.972,-50,100,0.8,1
trayectoria,14.14,3,215.972,218.028,50,-100,0.8,1
trayectoria,14.15,0,400,300,0,0,2,1
trayectoria,14.15,1,405,300,-100,0,1,0
trayectoria,14.15,2,583.528,382.972,-50,100,0.8,1
trayectoria,14.15,3,216.472,217.028,50,-100,0.8,1
trayectoria,14.16,0,400,300,0,0,2,1
trayectoria,14.16,1,405,300,-100,0,1,0
trayectoria,14.16,2,583.028,383.972,-50,100,0.8,1
trayectoria,14.16,3,216.972,216.028,50,-100,0.8,1
trayectoria,14.17,0,400,300,0,0,2,1
trayectoria,14.17,1,405,300,-100,0,1,0
trayectoria,14.17,2,582.528,384.972,-50,100,0.8,1
trayectoria,14.17,3,217.472,215.028,50,-100,0.8,1
trayectoria,14.18,0,400,300,0,0,2,1
trayectoria,14.18,1,405,300,-100,0,1,0
trayectoria,14.18,2,582.028,385.972,-50,100,0.8,1
trayectoria,14.18,3,217.972,214.028,50,-100,0.8,1
trayectoria,14.19,0,400,300,0,0,2,1
trayectoria,14.19,1,405,300,-100,0,1,0
trayectoria,14.19,2,581.528,386.972,-50,100,0.8,1
trayectoria,14.19,3,218.472,213.028,50,-100,0.8,1
trayectoria,14.2,0,400,300,0,0,2,1
trayectoria,14.2,1,405,300,-100,0,1,0
trayectoria,14.2,2,581.028,387.972,-50,100,0.8,1
trayectoria,14.2,3,218.972,212.028,50,-100,0.8,1
trayectoria,14.21,0,400,300,0,0,2,1
trayectoria,14.21,1,405,300,-100,0,1,0
trayectoria,14.21,2,580.528,388.972,-50,100,0.8,1
trayectoria,14.21,3,219.472,211.028,50,-100,0.8,1
trayectoria,14.22,0,400,300,0,0,2,1
trayectoria,14.22,1,405,300,-100,0,1,0
trayectoria,14.22,2,580.028,389.972,-50,100,0.8,1
trayectoria,14.22,3,219.972,210.028,50,-100,0.8,1
trayectoria,14.23,0,400,300,0,0,2,1
trayectoria,14.23,1,405,300,-100,0,1,0
trayectoria,14.23,2,579.528,390.972,-50,100,0.8,1
trayectoria,14.23,3,220.472,209.028,50,-100,0.8,1
trayectoria,14.24,0,400,300,0,0,2,1
trayectoria,14.24,1,405,300,-100,0,1,0
trayectoria,14.24,2,579.028,391.972,-50,100,0.8,1
trayectoria,14.24,3,220.972,208.028,50,-100,0.8,1
trayectoria,14.25,0,400,300,0,0,2,1
trayectoria,14.25,1,405,300,-100,0,1,0
trayectoria,14.25,2,578.528,392.972,-50,100,0.8,1
trayectoria,14.25,3,221.472,207.028,50,-100,0.8,1
trayectoria,14.26,0,400,300,0,0,2,1
trayectoria,14.26,1,405,300,-100,0,1,0
trayectoria,14.26,2,578.028,393.972,-50,100,0.8,1
trayectoria,14.26,3,221.972,206.028,50,-100,0.8,1
trayectoria,14.27,0,400,300,0,0,2,1
trayectoria,14.27,1,405,300,-100,0,1,0
trayectoria,14.27,2,577.528,394.972,-50,100,0.8,1
trayectoria,14.27,3,222.472,205.028,50,-100,0.8,1
trayectoria,14.28,0,400,300,0,0,2,1
trayectoria,14.28,1,405,300,-100,0,1,0
trayectoria,14.28,2,577.028,395.972,-50,100,0.8,1
trayectoria,14.28,3,222.972,204.028,50,-100,0.8,1
trayectoria,14.29,0,400,300,0,0,2,1
trayectoria,14.29,1,405,300,-100,0,1,0
trayectoria,14.29,2,576.528,396.972,-50,100,0.8,1
trayectoria,14.29,3,223.472,203.028,50,-100,0.8,1
trayectoria,14.3,0,400,300,0,0,2,1
trayectoria,14.3,1,405,300,-100,0,1,0
trayectoria,14.3,2,576.028,397.972,-50,100,0.8,1
trayectoria,14.3,3,223.972,202.028,50,-100,0.8,1
trayectoria,14.31,0,400,300,0,0,2,1
trayectoria,14.31,1,405,300,-100,0,1,0
trayectoria,14.31,2,575.528,398.972,-50,100,0.8,1
trayectoria,14.31,3,224.472,201.028,50,-100,0.8,1
trayectoria,14.32,0,400,300,0,0,2,1
trayectoria,14.32,1,405,300,-100,0,1,0
trayectoria,14.32,2,575.028,399.972,-50,100,0.8,1
trayectoria,14.32,3,224.972,200.028,50,-100,0.8,1
trayectoria,14.33,0,400,300,0,0,2,1
trayectoria,14.33,1,405,300,-100,0,1,0
trayectoria,14.33,2,574.528,400.972,-50,100,0.8,1
trayectoria,14.33,3,225.472,199.028,50,-100,0.8,1
trayectoria,14.34,0,400,300,0,0,2,1
trayectoria,14.34,1,405,300,-100,0,1,0
trayectoria,14.34,2,574.028,401.972,-50,100,0.8,1
trayectoria,14.34,3,225.972,198.028,50,-100,0.8,1
trayectoria,14.35,0,400,300,0,0,2,1
trayectoria,14.35,1,405,300,-100,0,1,0
trayectoria,14.35,2,573.528,402.972,-50,100,0.8,1
trayectoria,14.35,3,226.472,197.028,50,-100,0.8,1
trayectoria,14.36,0,400,300,0,0,2,1
trayectoria,14.36,1,405,300,-100,0,1,0
trayectoria,14.36,2,573.028,403.972,-50,100,0.8,1
trayectoria,14.36,3,226.972,196.028,50,-100,0.8,1
trayectoria,14.37,0,400,300,0,0,2,1
trayectoria,14.37,1,405,300,-100,0,1,0
trayectoria,14.37,2,572.528,404.972,-50,100,0.8,1
trayectoria,14.37,3,227.472,195.028,50,-100,0.8,1
trayectoria,14.38,0,400,300,0,0,2,1
trayectoria,14.38,1,405,300,-100,0,1,0
trayectoria,14.38,2,572.028,405.972,-50,100,0.8,1
trayectoria,14.38,3,227.972,194.028,50,-100,0.8,1
trayectoria,14.39,0,400,300,0,0,2,1
trayectoria,14.39,1,405,300,-100,0,1,0
trayectoria,14.39,2,571.528,406.972,-50,100,0.8,1
trayectoria,14.39,3,228.472,193.028,50,-100,0.8,1
trayectoria,14.4,0,400,300,0,0,2,1
trayectoria,14.4,1,405,300,-100,0,1,0
trayectoria,14.4,2,571.028,407.972,-50,100,0.8,1
trayectoria,14.4,3,228.972,192.028,50,-100,0.8,1
trayectoria,14.41,0,400,300,0,0,2,1
trayectoria,14.41,1,405,300,-100,0,1,0
trayectoria,14.41,2,570.528,408.972,-50,100,0.8,1
trayectoria,14.41,3,229.472,191.028,50,-100,0.8,1
trayectoria,14.42,0,400,300,0,0,2,1
trayectoria,14.42,1,405,300,-100,0,1,0
trayectoria,14.42,2,570.028,409.972,-50,100,0.8,1
trayectoria,14.42,3,229.972,190.028,50,-100,0.8,1
trayectoria,14.43,0,400,300,0,0,2,1
trayectoria,14.43,1,405,300,-100,0,1,0
trayectoria,14.43,2,569.528,410.972,-50,100,0.8,1
trayectoria,14.43,3,230.472,189.028,50,-100,0.8,1
trayectoria,14.44,0,400,300,0,0,2,1
trayectoria,14.44,1,405,300,-100,0,1,0
trayectoria,14.44,2,569.028,411.972,-50,100,0.8,1
trayectoria,14.44,3,230.972,188.028,50,-100,0.8,1
trayectoria,14.45,0,400,300,0,0,2,1
trayectoria,14.45,1,405,300,-100,0,1,0
trayectoria,14.45,2,568.528,412.972,-50,100,0.8,1
trayectoria,14.45,3,231.472,187.028,50,-100,0.8,1
trayectoria,14.46,0,400,300,0,0,2,1
trayectoria,14.46,1,405,300,-100,0,1,0
trayectoria,14.46,2,568.028,413.972,-50,100,0.8,1
trayectoria,14.46,3,231.972,186.028,50,-100,0.8,1
trayectoria,14.47,0,400,300,0,0,2,1
trayectoria,14.47,1,405,300,-100,0,1,0
trayectoria,14.47,2,567.528,414.972,-50,100,0.8,1
trayectoria,14.47,3,232.472,185.028,50,-100,0.8,1
trayectoria,14.48,0,400,300,0,0,2,1
trayectoria,14.48,1,405,300,-100,0,1,0
trayectoria,14.48,2,567.028,415.972,-50,100,0.8,1
trayectoria,14.48,3,232.972,184.028,50,-100,0.8,1
trayectoria,14.49,0,400,300,0,0,2,1
trayectoria,14.49,1,405,300,-100,0,1,0
trayectoria,14.49,2,566.528,416.972,-50,100,0.8,1
trayectoria,14.49,3,233.472,183.028,50,-100,0.8,1
trayectoria,14.5,0,400,300,0,0,2,1
trayectoria,14.5,1,405,300,-100,0,1,0
trayectoria,14.5,2,566.028,417.972,-50,100,0.8,1
trayectoria,14.5,3,233.972,182.028,50,-100,0.8,1
trayectoria,14.51,0,400,300,0,0,2,1
trayectoria,14.51,1,405,300,-100,0,1,0
trayectoria,14.51,2,565.528,418.972,-50,100,0.8,1
trayectoria,14.51,3,234.472,181.028,50,-100,0.8,1
trayectoria,14.52,0,400,300,0,0,2,1
trayectoria,14.52,1,405,300,-100,0,1,0
trayectoria,14.52,2,565.028,419.972,-50,100,0.8,1
trayectoria,14.52,3,234.972,180.028,50,-100,0.8,1
trayectoria,14.53,0,400,300,0,0,2,1
trayectoria,14.53,1,405,300,-100,0,1,0
trayectoria,14.53,2,564.528,420.972,-50,100,0.8,1
trayectoria,14.53,3,235.472,179.028,50,-100,0.8,1
trayectoria,14.54,0,400,300,0,0,2,1
trayectoria,14.54,1,405,300,-100,0,1,0
trayectoria,14.54,2,564.028,421.972,-50,100,0.8,1
trayectoria,14.54,3,235.972,178.028,50,-100,0.8,1
trayectoria,14.55,0,400,300,0,0,2,1
trayectoria,14.55,1,405,300,-100,0,1,0
trayectoria,14.55,2,563.528,422.972,-50,100,0.8,1
trayectoria,14.55,3,236.472,177.028,50,-100,0.8,1
trayectoria,14.56,0,400,300,0,0,2,1
trayectoria,14.56,1,405,300,-100,0,1,0
trayectoria,14.56,2,563.028,423.972,-50,100,0.8,1
trayectoria,14.56,3,236.972,176.028,50,-100,0.8,1
trayectoria,14.57,0,400,300,0,0,2,1
trayectoria,14.57,1,405,300,-100,0,1,0
trayectoria,14.57,2,562.528,424.972,-50,100,0.8,1
trayectoria,14.57,3,237.472,175.028,50,-100,0.8,1
trayectoria,14.58,0,400,300,0,0,2,1
trayectoria,14.58,1,405,300,-100,0,1,0
trayectoria,14.58,2,562.028,425.972,-50,100,0.8,1
trayectoria,14.58,3,237.972,174.028,50,-100,0.8,1
trayectoria,14.59,0,400,300,0,0,2,1
trayectoria,14.59,1,405,300,-100,0,1,0
trayectoria,14.59,2,561.528,426.972,-50,100,0.8,1
trayectoria,14.59,3,238.472,173.028,50,-100,0.8,1
trayectoria,14.6,0,400,300,0,0,2,1
trayectoria,14.6,1,405,300,-100,0,1,0
trayectoria,14.6,2,561.028,427.972,-50,100,0.8,1
trayectoria,14.6,3,238.972,172.028,50,-100,0.8,1
trayectoria,14.61,0,400,300,0,0,2,1
trayectoria,14.61,1,405,300,-100,0,1,0
trayectoria,14.61,2,560.528,428.972,-50,100,0.8,1
trayectoria,14.61,3,239.472,171.028,50,-100,0.8,1
trayectoria,14.62,0,400,300,0,0,2,1
trayectoria,14.62,1,405,300,-100,0,1,0
trayectoria,14.62,2,560.028,429.972,-50,100,0.8,1
trayectoria,14.62,3,239.972,170.028,50,-100,0.8,1
trayectoria,14.63,0,400,300,0,0,2,1
trayectoria,14.63,1,405,300,-100,0,1,0
trayectoria,14.63,2,559.528,430.972,-50,100,0.8,1
trayectoria,14.63,3,240.472,169.028,50,-100,0.8,1
trayectoria,14.64,0,400,300,0,0,2,1
trayectoria,14.64,1,405,300,-100,0,1,0
trayectoria,14.64,2,559.028,431.972,-50,100,0.8,1
trayectoria,14.64,3,240.972,168.028,50,-100,0.8,1
trayectoria,14.65,0,400,300,0,0,2,1
trayectoria,14.65,1,405,300,-100,0,1,0
trayectoria,14.65,2,558.528,432.972,-50,100,0.8,1
trayectoria,14.65,3,241.472,167.028,50,-100,0.8,1
trayectoria,14.66,0,400,300,0,0,2,1
trayectoria,14.66,1,405,300,-100,0,1,0
trayectoria,14.66,2,558.028,433.972,-50,100,0.8,1
trayectoria,14.66,3,241.972,166.028,50,-100,0.8,1
trayectoria,14.67,0,400,300,0,0,2,1
trayectoria,14.67,1,405,300,-100,0,1,0
trayectoria,14.67,2,557.528,434.972,-50,100,0.8,1
trayectoria,14.67,3,242.472,165.028,50,-100,0.8,1
trayectoria,14.68,0,400,300,0,0,2,1
trayectoria,14.68,1,405,300,-100,0,1,0
trayectoria,14.68,2,557.028,435.972,-50,100,0.8,1
trayectoria,14.68,3,242.972,164.028,50,-100,0.8,1
trayectoria,14.69,0,400,300,0,0,2,1
trayectoria,14.69,1,405,300,-100,0,1,0
trayectoria,14.69,2,556.528,436.972,-50,100,0.8,1
trayectoria,14.69,3,243.472,163.028,50,-100,0.8,1
trayectoria,14.7,0,400,300,0,0,2,1
trayectoria,14.7,1,405,300,-100,0,1,0
trayectoria,14.7,2,556.028,437.972,-50,100,0.8,1
trayectoria,14.7,3,243.972,162.028,50,-100,0.8,1
trayectoria,14.71,0,400,300,0,0,2,1
trayectoria,14.71,1,405,300,-100,0,1,0
trayectoria,14.71,2,555.528,438.972,-50,100,0.8,1
trayectoria,14.71,3,244.472,161.028,50,-100,0.8,1
trayectoria,14.72,0,400,300,0,0,2,1
trayectoria,14.72,1,405,300,-100,0,1,0
trayectoria,14.72,2,555.028,439.972,-50,100,0.8,1
trayectoria,14.72,3,244.972,160.028,50,-100,0.8,1
trayectoria,14.73,0,400,300,0,0,2,1
trayectoria,14.73,1,405,300,-100,0,1,0
trayectoria,14.73,2,554.528,440.972,-50,100,0.8,1
trayectoria,14.73,3,245.472,159.028,50,-100,0.8,1
trayectoria,14.74,0,400,300,0,0,2,1
trayectoria,14.74,1,405,300,-100,0,1,0
trayectoria,14.74,2,554.028,441.972,-50,100,0.8,1
trayectoria,14.74,3,245.972,158.028,50,-100,0.8,1
trayectoria,14.75,0,400,300,0,0,2,1
trayectoria,14.75,1,405,300,-100,0,1,0
trayectoria,14.75,2,553.528,442.972,-50,100,0.8,1
trayectoria,14.75,3,246.472,157.028,50,-100,0.8,1
trayectoria,14.76,0,400,300,0,0,2,1
trayectoria,14.76,1,405,300,-100,0,1,0
trayectoria,14.76,2,553.028,443.972,-50,100,0.8,1
trayectoria,14.76,3,246.972,156.028,50,-100,0.8,1
trayectoria,14.77,0,400,300,0,0,2,1
trayectoria,14.77,1,405,300,-100,0,1,0
trayectoria,14.77,2,552.528,444.972,-50,100,0.8,1
trayectoria,14.77,3,247.472,155.028,50,-100,0.8,1
trayectoria,14.78,0,400,300,0,0,2,1
trayectoria,14.78,1,405,300,-100,0,1,0
trayectoria,14.78,2,552.028,445.972,-50,100,0.8,1
trayectoria,14.78,3,247.972,154.028,50,-100,0.8,1
trayectoria,14.79,0,400,300,0,0,2,1
trayectoria,14.79,1,405,300,-100,0,1,0
trayectoria,14.79,2,551.528,446.972,-50,100,0.8,1
trayectoria,14.79,3,248.472,153.028,50,-100,0.8,1
trayectoria,14.8,0,400,300,0,0,2,1
trayectoria,14.8,1,405,300,-100,0,1,0
trayectoria,14.8,2,551.028,447.972,-50,100,0.8,1
trayectoria,14.8,3,248.972,152.028,50,-100,0.8,1
trayectoria,14.81,0,400,300,0,0,2,1
trayectoria,14.81,1,405,300,-100,0,1,0
trayectoria,14.81,2,550.528,448.972,-50,100,0.8,1
trayectoria,14.81,3,249.472,151.028,50,-100,0.8,1
trayectoria,14.82,0,400,300,0,0,2,1
trayectoria,14.82,1,405,300,-100,0,1,0
trayectoria,14.82,2,550.028,449.972,-50,100,0.8,1
trayectoria,14.82,3,249.972,150.028,50,-100,0.8,1
trayectoria,14.83,0,400,300,0,0,2,1
trayectoria,14.83,1,405,300,-100,0,1,0
trayectoria,14.83,2,549.528,450.972,-50,100,0.8,1
trayectoria,14.83,3,250.472,149.028,50,-100,0.8,1
trayectoria,14.84,0,400,300,0,0,2,1
trayectoria,14.84,1,405,300,-100,0,1,0
trayectoria,14.84,2,549.028,451.972,-50,100,0.8,1
trayectoria,14.84,3,250.972,148.028,50,-100,0.8,1
trayectoria,14.85,0,400,300,0,0,2,1
trayectoria,14.85,1,405,300,-100,0,1,0
trayectoria,14.85,2,548.528,452.972,-50,100,0.8,1
trayectoria,14.85,3,251.472,147.028,50,-100,0.8,1
trayectoria,14.86,0,400,300,0,0,2,1
trayectoria,14.86,1,405,300,-100,0,1,0
trayectoria,14.86,2,548.028,453.972,-50,100,0.8,1
trayectoria,14.86,3,251.972,146.028,50,-100,0.8,1
trayectoria,14.87,0,400,300,0,0,2,1
trayectoria,14.87,1,405,300,-100,0,1,0
trayectoria,14.87,2,547.528,454.972,-50,100,0.8,1
trayectoria,14.87,3,252.472,145.028,50,-100,0.8,1
trayectoria,14.88,0,400,300,0,0,2,1
trayectoria,14.88,1,405,300,-100,0,1,0
trayectoria,14.88,2,547.028,455.972,-50,100,0.8,1
trayectoria,14.88,3,252.972,144.028,50,-100,0.8,1
trayectoria,14.89,0,400,300,0,0,2,1
trayectoria,14.89,1,405,300,-100,0,1,0
trayectoria,14.89,2,546.528,456.972,-50,100,0.8,1
trayectoria,14.89,3,253.472,143.028,50,-100,0.8,1
trayectoria,14.9,0,400,300,0,0,2,1
trayectoria,14.9,1,405,300,-100,0,1,0
trayectoria,14.9,2,546.028,457.972,-50,100,0.8,1
trayectoria,14.9,3,253.972,142.028,50,-100,0.8,1
trayectoria,14.91,0,400,300,0,0,2,1
trayectoria,14.91,1,405,300,-100,0,1,0
trayectoria,14.91,2,545.528,458.972,-50,100,0.8,1
trayectoria,14.91,3,254.472,141.028,50,-100,0.8,1
trayectoria,14.92,0,400,300,0,0,2,1
trayectoria,14.92,1,405,300,-100,0,1,0
trayectoria,14.92,2,545.028,459.972,-50,100,0.8,1
trayectoria,14.92,3,254.972,140.028,50,-100,0.8,1
trayectoria,14.93,0,400,300,0,0,2,1
trayectoria,14.93,1,405,300,-100,0,1,0
trayectoria,14.93,2,544.528,460.972,-50,100,0.8,1
trayectoria,14.93,3,255.472,139.028,50,-100,0.8,1
trayectoria,14.94,0,400,300,0,0,2,1
trayectoria,14.94,1,405,300,-100,0,1,0
trayectoria,14.94,2,544.028,461.972,-50,100,0.8,1
trayectoria,14.94,3,255.972,138.028,50,-100,0.8,1
trayectoria,14.95,0,400,300,0,0,2,1
trayectoria,14.95,1,405,300,-100,0,1,0
trayectoria,14.95,2,543.528,462.972,-50,100,0.8,1
trayectoria,14.95,3,256.472,137.028,50,-100,0.8,1
trayectoria,14.96,0,400,300,0,0,2,1
trayectoria,14.96,1,405,300,-100,0,1,0
trayectoria,14.96,2,543.028,463.972,-50,100,0.8,1
trayectoria,14.96,3,256.972,136.028,50,-100,0.8,1
trayectoria,14.97,0,400,300,0,0,2,1
trayectoria,14.97,1,405,300,-100,0,1,0
trayectoria,14.97,2,542.528,464.972,-50,100,0.8,1
trayectoria,14.97,3,257.472,135.028,50,-100,0.8,1
trayectoria,14.98,0,400,300,0,0,2,1
trayectoria,14.98,1,405,300,-100,0,1,0
trayectoria,14.98,2,542.028,465.972,-50,100,0.8,1
trayectoria,14.98,3,257.972,134.028,50,-100,0.8,1
trayectoria,14.99,0,400,300,0,0,2,1
trayectoria,14.99,1,405,300,-100,0,1,0
trayectoria,14.99,2,541.528,466.972,-50,100,0.8,1
trayectoria,14.99,3,258.472,133.028,50,-100,0.8,1
trayectoria,15,0,400,300,0,0,2,1
trayectoria,15,1,405,300,-100,0,1,0
trayectoria,15,2,541.028,467.972,-50,100,0.8,1
trayectoria,15,3,258.972,132.028,50,-100,0.8,1
trayectoria,15.01,0,400,300,0,0,2,1
trayectoria,15.01,1,405,300,-100,0,1,0
trayectoria,15.01,2,540.528,468.972,-50,100,0.8,1
trayectoria,15.01,3,259.472,131.028,50,-100,0.8,1
trayectoria,15.02,0,400,300,0,0,2,1
trayectoria,15.02,1,405,300,-100,0,1,0
trayectoria,15.02,2,540.028,469.972,-50,100,0.8,1
trayectoria,15.02,3,259.972,130.028,50,-100,0.8,1
trayectoria,15.03,0,400,300,0,0,2,1
trayectoria,15.03,1,405,300,-100,0,1,0
trayectoria,15.03,2,539.528,470.972,-50,100,0.8,1
trayectoria,15.03,3,260.472,129.028,50,-100,0.8,1
trayectoria,15.04,0,400,300,0,0,2,1
trayectoria,15.04,1,405,300,-100,0,1,0
trayectoria,15.04,2,539.028,471.972,-50,100,0.8,1
trayectoria,15.04,3,260.972,128.028,50,-100,0.8,1
trayectoria,15.05,0,400,300,0,0,2,1
trayectoria,15.05,1,405,300,-100,0,1,0
trayectoria,15.05,2,538.528,472.972,-50,100,0.8,1
trayectoria,15.05,3,261.472,127.028,50,-100,0.8,1
trayectoria,15.06,0,400,300,0,0,2,1
trayectoria,15.06,1,405,300,-100,0,1,0
trayectoria,15.06,2,538.028,473.972,-50,100,0.8,1
trayectoria,15.06,3,261.972,126.028,50,-100,0.8,1
trayectoria,15.07,0,400,300,0,0,2,1
trayectoria,15.07,1,405,300,-100,0,1,0
trayectoria,15.07,2,537.528,474.972,-50,100,0.8,1
trayectoria,15.07,3,262.472,125.028,50,-100,0.8,1
trayectoria,15.08,0,400,300,0,0,2,1
trayectoria,15.08,1,405,300,-100,0,1,0
trayectoria,15.08,2,537.028,475.972,-50,100,0.8,1
trayectoria,15.08,3,262.972,124.028,50,-100,0.8,1
trayectoria,15.09,0,400,300,0,0,2,1
trayectoria,15.09,1,405,300,-100,0,1,0
trayectoria,15.09,2,536.528,476.972,-50,100,0.8,1
trayectoria,15.09,3,263.472,123.028,50,-100,0.8,1
trayectoria,15.1,0,400,300,0,0,2,1
trayectoria,15.1,1,405,300,-100,0,1,0
trayectoria,15.1,2,536.028,477.972,-50,100,0.8,1
trayectoria,15.1,3,263.972,122.028,50,-100,0.8,1
trayectoria,15.11,0,400,300,0,0,2,1
trayectoria,15.11,1,405,300,-100,0,1,0
trayectoria,15.11,2,535.528,478.972,-50,100,0.8,1
trayectoria,15.11,3,264.472,121.028,50,-100,0.8,1
trayectoria,15.12,0,400,300,0,0,2,1
trayectoria,15.12,1,405,300,-100,0,1,0
trayectoria,15.12,2,535.028,479.972,-50,100,0.8,1
trayectoria,15.12,3,264.972,120.028,50,-100,0.8,1
trayectoria,15.13,0,400,300,0,0,2,1
trayectoria,15.13,1,405,300,-100,0,1,0
trayectoria,15.13,2,534.528,480.972,-50,100,0.8,1
trayectoria,15.13,3,265.472,119.028,50,-100,0.8,1
trayectoria,15.14,0,400,300,0,0,2,1
trayectoria,15.14,1,405,300,-100,0,1,0
trayectoria,15.14,2,534.028,481.972,-50,100,0.8,1
trayectoria,15.14,3,265.972,118.028,50,-100,0.8,1
trayectoria,15.15,0,400,300,0,0,2,1
trayectoria,15.15,1,405,300,-100,0,1,0
trayectoria,15.15,2,533.528,482.972,-50,100,0.8,1
trayectoria,15.15,3,266.472,117.028,50,-100,0.8,1
trayectoria,15.16,0,400,300,0,0,2,1
trayectoria,15.16,1,405,300,-100,0,1,0
trayectoria,15.16,2,533.028,483.972,-50,100,0.8,1
trayectoria,15.16,3,266.972,116.028,50,-100,0.8,1
trayectoria,15.17,0,400,300,0,0,2,1
trayectoria,15.17,1,405,300,-100,0,1,0
trayectoria,15.17,2,532.528,484.972,-50,100,0.8,1
trayectoria,15.17,3,267.472,115.028,50,-100,0.8,1
trayectoria,15.18,0,400,300,0,0,2,1
trayectoria,15.18,1,405,300,-100,0,1,0
trayectoria,15.18,2,532.028,485.972,-50,100,0.8,1
trayectoria,15.18,3,267.972,114.028,50,-100,0.8,1
trayectoria,15.19,0,400,300,0,0,2,1
trayectoria,15.19,1,405,300,-100,0,1,0
trayectoria,15.19,2,531.528,486.972,-50,100,0.8,1
trayectoria,15.19,3,268.472,113.028,50,-100,0.8,1
trayectoria,15.2,0,400,300,0,0,2,1
trayectoria,15.2,1,405,300,-100,0,1,0
trayectoria,15.2,2,531.028,487.972,-50,100,0.8,1
trayectoria,15.2,3,268.972,112.028,50,-100,0.8,1
trayectoria,15.21,0,400,300,0,0,2,1
trayectoria,15.21,1,405,300,-100,0,1,0
trayectoria,15.21,2,530.528,488.972,-50,100,0.8,1
trayectoria,15.21,3,269.472,111.028,50,-100,0.8,1
trayectoria,15.22,0,400,300,0,0,2,1
trayectoria,15.22,1,405,300,-100,0,1,0
trayectoria,15.22,2,530.028,489.972,-50,100,0.8,1
trayectoria,15.22,3,269.972,110.028,50,-100,0.8,1
trayectoria,15.23,0,400,300,0,0,2,1
trayectoria,15.23,1,405,300,-100,0,1,0
trayectoria,15.23,2,529.528,490.972,-50,100,0.8,1
trayectoria,15.23,3,270.472,109.028,50,-100,0.8,1
trayectoria,15.24,0,400,300,0,0,2,1
trayectoria,15.24,1,405,300,-100,0,1,0
trayectoria,15.24,2,529.028,491.972,-50,100,0.8,1
trayectoria,15.24,3,270.972,108.028,50,-100,0.8,1
trayectoria,15.25,0,400,300,0,0,2,1
trayectoria,15.25,1,405,300,-100,0,1,0
trayectoria,15.25,2,528.528,492.972,-50,100,0.8,1
trayectoria,15.25,3,271.472,107.028,50,-100,0.8,1
trayectoria,15.26,0,400,300,0,0,2,1
trayectoria,15.26,1,405,300,-100,0,1,0
trayectoria,15.26,2,528.028,493.972,-50,100,0.8,1
trayectoria,15.26,3,271.972,106.028,50,-100,0.8,1
trayectoria,15.27,0,400,300,0,0,2,1
trayectoria,15.27,1,405,300,-100,0,1,0
trayectoria,15.27,2,527.528,494.972,-50,100,0.8,1
trayectoria,15.27,3,272.472,105.028,50,-100,0.8,1
trayectoria,15.28,0,400,300,0,0,2,1
trayectoria,15.28,1,405,300,-100,0,1,0
trayectoria,15.28,2,527.028,495.972,-50,100,0.8,1
trayectoria,15.28,3,272.972,104.028,50,-100,0.8,1
trayectoria,15.29,0,400,300,0,0,2,1
trayectoria,15.29,1,405,300,-100,0,1,0
trayectoria,15.29,2,526.528,496.972,-50,100,0.8,1
trayectoria,15.29,3,273.472,103.028,50,-100,0.8,1
trayectoria,15.3,0,400,300,0,0,2,1
trayectoria,15.3,1,405,300,-100,0,1,0
trayectoria,15.3,2,526.028,497.972,-50,100,0.8,1
trayectoria,15.3,3,273.972,102.028,50,-100,0.8,1
trayectoria,15.31,0,400,300,0,0,2,1
trayectoria,15.31,1,405,300,-100,0,1,0
trayectoria,15.31,2,525.528,498.972,-50,100,0.8,1
trayectoria,15.31,3,274.472,101.028,50,-100,0.8,1
trayectoria,15.32,0,400,300,0,0,2,1
trayectoria,15.32,1,405,300,-100,0,1,0
trayectoria,15.32,2,525.028,499.972,-50,100,0.8,1
trayectoria,15.32,3,274.972,100.028,50,-100,0.8,1
trayectoria,15.33,0,400,300,0,0,2,1
trayectoria,15.33,1,405,300,-100,0,1,0
trayectoria,15.33,2,524.528,500.972,-50,100,0.8,1
trayectoria,15.33,3,275.472,99.0279,50,-100,0.8,1
trayectoria,15.34,0,400,300,0,0,2,1
trayectoria,15.34,1,405,300,-100,0,1,0
trayectoria,15.34,2,524.028,501.972,-50,100,0.8,1
trayectoria,15.34,3,275.972,98.0279,50,-100,0.8,1
trayectoria,15.35,0,400,300,0,0,2,1
trayectoria,15.35,1,405,300,-100,0,1,0
trayectoria,15.35,2,523.528,502.972,-50,100,0.8,1
trayectoria,15.35,3,276.472,97.0279,50,-100,0.8,1
trayectoria,15.36,0,400,300,0,0,2,1
trayectoria,15.36,1,405,300,-100,0,1,0
trayectoria,15.36,2,523.028,503.972,-50,100,0.8,1
trayectoria,15.36,3,276.972,96.0279,50,-100,0.8,1
trayectoria,15.37,0,400,300,0,0,2,1
trayectoria,15.37,1,405,300,-100,0,1,0
trayectoria,15.37,2,522.528,504.972,-50,100,0.8,1
trayectoria,15.37,3,277.472,95.0279,50,-100,0.8,1
trayectoria,15.38,0,400,300,0,0,2,1
trayectoria,15.38,1,405,300,-100,0,1,0
trayectoria,15.38,2,522.028,505.972,-50,100,0.8,1
trayectoria,15.38,3,277.972,94.0279,50,-100,0.8,1
trayectoria,15.39,0,400,300,0,0,2,1
trayectoria,15.39,1,405,300,-100,0,1,0
trayectoria,15.39,2,521.528,506.972,-50,100,0.8,1
trayectoria,15.39,3,278.472,93.0279,50,-100,0.8,1
trayectoria,15.4,0,400,300,0,0,2,1
trayectoria,15.4,1,405,300,-100,0,1,0
trayectoria,15.4,2,521.028,507.972,-50,100,0.8,1
trayectoria,15.4,3,278.972,92.0279,50,-100,0.8,1
trayectoria,15.41,0,400,300,0,0,2,1
trayectoria,15.41,1,405,300,-100,0,1,0
trayectoria,15.41,2,520.528,508.972,-50,100,0.8,1
trayectoria,15.41,3,279.472,91.0279,50,-100,0.8,1
trayectoria,15.42,0,400,300,0,0,2,1
trayectoria,15.42,1,405,300,-100,0,1,0
trayectoria,15.42,2,520.028,509.972,-50,100,0.8,1
trayectoria,15.42,3,279.972,90.0279,50,-100,0.8,1
trayectoria,15.43,0,400,300,0,0,2,1
trayectoria,15.43,1,405,300,-100,0,1,0
trayectoria,15.43,2,519.528,510.972,-50,100,0.8,1
trayectoria,15.43,3,280.472,89.0279,50,-100,0.8,1
trayectoria,15.44,0,400,300,0,0,2,1
trayectoria,15.44,1,405,300,-100,0,1,0
trayectoria,15.44,2,519.028,511.972,-50,100,0.8,1
trayectoria,15.44,3,280.972,88.0279,50,-100,0.8,1
trayectoria,15.45,0,400,300,0,0,2,1
trayectoria,15.45,1,405,300,-100,0,1,0
trayectoria,15.45,2,518.528,512.972,-50,100,0.8,1
trayectoria,15.45,3,281.472,87.0279,50,-100,0.8,1
trayectoria,15.46,0,400,300,0,0,2,1
trayectoria,15.46,1,405,300,-100,0,1,0
trayectoria,15.46,2,518.028,513.972,-50,100,0.8,1
trayectoria,15.46,3,281.972,86.0279,50,-100,0.8,1
trayectoria,15.47,0,400,300,0,0,2,1
trayectoria,15.47,1,405,300,-100,0,1,0
trayectoria,15.47,2,517.528,514.972,-50,100,0.8,1
trayectoria,15.47,3,282.472,85.0279,50,-100,0.8,1
trayectoria,15.48,0,400,300,0,0,2,1
trayectoria,15.48,1,405,300,-100,0,1,0
trayectoria,15.48,2,517.028,515.972,-50,100,0.8,1
trayectoria,15.48,3,282.972,84.0279,50,-100,0.8,1
trayectoria,15.49,0,400,300,0,0,2,1
trayectoria,15.49,1,405,300,-100,0,1,0
trayectoria,15.49,2,516.528,516.972,-50,100,0.8,1
trayectoria,15.49,3,283.472,83.0279,50,-100,0.8,1
trayectoria,15.5,0,400,300,0,0,2,1
trayectoria,15.5,1,405,300,-100,0,1,0
trayectoria,15.5,2,516.028,517.972,-50,100,0.8,1
trayectoria,15.5,3,283.972,82.0279,50,-100,0.8,1
trayectoria,15.51,0,400,300,0,0,2,1
trayectoria,15.51,1,405,300,-100,0,1,0
trayectoria,15.51,2,515.528,518.972,-50,100,0.8,1
trayectoria,15.51,3,284.472,81.0279,50,-100,0.8,1
trayectoria,15.52,0,400,300,0,0,2,1
trayectoria,15.52,1,405,300,-100,0,1,0
trayectoria,15.52,2,515.028,519.972,-50,100,0.8,1
trayectoria,15.52,3,284.972,80.0279,50,-100,0.8,1
trayectoria,15.53,0,400,300,0,0,2,1
trayectoria,15.53,1,405,300,-100,0,1,0
trayectoria,15.53,2,514.528,520.972,-50,100,0.8,1
trayectoria,15.53,3,285.472,79.0279,50,-100,0.8,1
trayectoria,15.54,0,400,300,0,0,2,1
trayectoria,15.54,1,405,300,-100,0,1,0
trayectoria,15.54,2,514.028,521.972,-50,100,0.8,1
trayectoria,15.54,3,285.972,78.0279,50,-100,0.8,1
trayectoria,15.55,0,400,300,0,0,2,1
trayectoria,15.55,1,405,300,-100,0,1,0
trayectoria,15.55,2,513.528,522.972,-50,100,0.8,1
trayectoria,15.55,3,286.472,77.0279,50,-100,0.8,1
trayectoria,15.56,0,400,300,0,0,2,1
trayectoria,15.56,1,405,300,-100,0,1,0
trayectoria,15.56,2,513.028,523.972,-50,100,0.8,1
trayectoria,15.56,3,286.972,76.0279,50,-100,0.8,1
trayectoria,15.57,0,400,300,0,0,2,1
trayectoria,15.57,1,405,300,-100,0,1,0
trayectoria,15.57,2,512.528,524.972,-50,100,0.8,1
trayectoria,15.57,3,287.472,75.0279,50,-100,0.8,1
trayectoria,15.58,0,400,300,0,0,2,1
trayectoria,15.58,1,405,300,-100,0,1,0
trayectoria,15.58,2,512.028,525.972,-50,100,0.8,1
trayectoria,15.58,3,287.972,74.0279,50,-100,0.8,1
trayectoria,15.59,0,400,300,0,0,2,1
trayectoria,15.59,1,405,300,-100,0,1,0
trayectoria,15.59,2,511.528,526.972,-50,100,0.8,1
trayectoria,15.59,3,288.472,73.0279,50,-100,0.8,1
trayectoria,15.6,0,400,300,0,0,2,1
trayectoria,15.6,1,405,300,-100,0,1,0
trayectoria,15.6,2,511.028,527.972,-50,100,0.8,1
trayectoria,15.6,3,288.972,72.0279,50,-100,0.8,1
trayectoria,15.61,0,400,300,0,0,2,1
trayectoria,15.61,1,405,300,-100,0,1,0
trayectoria,15.61,2,510.528,528.972,-50,100,0.8,1
trayectoria,15.61,3,289.472,71.0279,50,-100,0.8,1
trayectoria,15.62,0,400,300,0,0,2,1
trayectoria,15.62,1,405,300,-100,0,1,0
trayectoria,15.62,2,510.028,529.972,-50,100,0.8,1
trayectoria,15.62,3,289.972,70.0279,50,-100,0.8,1
trayectoria,15.63,0,400,300,0,0,2,1
trayectoria,15.63,1,405,300,-100,0,1,0
trayectoria,15.63,2,509.528,530.972,-50,100,0.8,1
trayectoria,15.63,3,290.472,69.0279,50,-100,0.8,1
trayectoria,15.64,0,400,300,0,0,2,1
trayectoria,15.64,1,405,300,-100,0,1,0
trayectoria,15.64,2,509.028,531.972,-50,100,0.8,1
trayectoria,15.64,3,290.972,68.0279,50,-100,0.8,1
trayectoria,15.65,0,400,300,0,0,2,1
trayectoria,15.65,1,405,300,-100,0,1,0
trayectoria,15.65,2,508.528,532.972,-50,100,0.8,1
trayectoria,15.65,3,291.472,67.0279,50,-100,0.8,1
trayectoria,15.66,0,400,300,0,0,2,1
trayectoria,15.66,1,405,300,-100,0,1,0
trayectoria,15.66,2,508.028,533.972,-50,100,0.8,1
trayectoria,15.66,3,291.972,66.0279,50,-100,0.8,1
trayectoria,15.67,0,400,300,0,0,2,1
trayectoria,15.67,1,405,300,-100,0,1,0
trayectoria,15.67,2,507.528,534.972,-50,100,0.8,1
trayectoria,15.67,3,292.472,65.0279,50,-100,0.8,1
trayectoria,15.68,0,400,300,0,0,2,1
trayectoria,15.68,1,405,300,-100,0,1,0
trayectoria,15.68,2,507.028,535.972,-50,100,0.8,1
trayectoria,15.68,3,292.972,64.0279,50,-100,0.8,1
trayectoria,15.69,0,400,300,0,0,2,1
trayectoria,15.69,1,405,300,-100,0,1,0
trayectoria,15.69,2,506.528,536.972,-50,100,0.8,1
trayectoria,15.69,3,293.472,63.0279,50,-100,0.8,1
trayectoria,15.7,0,400,300,0,0,2,1
trayectoria,15.7,1,405,300,-100,0,1,0
trayectoria,15.7,2,506.028,537.972,-50,100,0.8,1
trayectoria,15.7,3,293.972,62.0279,50,-100,0.8,1
trayectoria,15.71,0,400,300,0,0,2,1
trayectoria,15.71,1,405,300,-100,0,1,0
trayectoria,15.71,2,505.528,538.972,-50,100,0.8,1
trayectoria,15.71,3,294.472,61.0279,50,-100,0.8,1
trayectoria,15.72,0,400,300,0,0,2,1
trayectoria,15.72,1,405,300,-100,0,1,0
trayectoria,15.72,2,505.028,539.972,-50,100,0.8,1
trayectoria,15.72,3,294.972,60.0279,50,-100,0.8,1
trayectoria,15.73,0,400,300,0,0,2,1
trayectoria,15.73,1,405,300,-100,0,1,0
trayectoria,15.73,2,504.528,540.972,-50,100,0.8,1
trayectoria,15.73,3,295.472,59.0279,50,-100,0.8,1
trayectoria,15.74,0,400,300,0,0,2,1
trayectoria,15.74,1,405,300,-100,0,1,0
trayectoria,15.74,2,504.028,541.972,-50,100,0.8,1
trayectoria,15.74,3,295.972,58.0279,50,-100,0.8,1
trayectoria,15.75,0,400,300,0,0,2,1
trayectoria,15.75,1,405,300,-100,0,1,0
trayectoria,15.75,2,503.528,542.972,-50,100,0.8,1
trayectoria,15.75,3,296.472,57.0279,50,-100,0.8,1
trayectoria,15.76,0,400,300,0,0,2,1
trayectoria,15.76,1,405,300,-100,0,1,0
trayectoria,15.76,2,503.028,543.972,-50,100,0.8,1
trayectoria,15.76,3,296.972,56.0279,50,-100,0.8,1
trayectoria,15.77,0,400,300,0,0,2,1
trayectoria,15.77,1,405,300,-100,0,1,0
trayectoria,15.77,2,502.528,544.972,-50,100,0.8,1
trayectoria,15.77,3,297.472,55.0279,50,-100,0.8,1
trayectoria,15.78,0,400,300,0,0,2,1
trayectoria,15.78,1,405,300,-100,0,1,0
trayectoria,15.78,2,502.028,545.972,-50,100,0.8,1
trayectoria,15.78,3,297.972,54.0279,50,-100,0.8,1
trayectoria,15.79,0,400,300,0,0,2,1
trayectoria,15.79,1,405,300,-100,0,1,0
trayectoria,15.79,2,501.528,546.972,-50,100,0.8,1
trayectoria,15.79,3,298.472,53.0279,50,-100,0.8,1
trayectoria,15.8,0,400,300,0,0,2,1
trayectoria,15.8,1,405,300,-100,0,1,0
trayectoria,15.8,2,501.028,547.972,-50,100,0.8,1
trayectoria,15.8,3,298.972,52.0279,50,-100,0.8,1
trayectoria,15.81,0,400,300,0,0,2,1
trayectoria,15.81,1,405,300,-100,0,1,0
trayectoria,15.81,2,500.528,548.972,-50,100,0.8,1
trayectoria,15.81,3,299.472,51.0279,50,-100,0.8,1
trayectoria,15.82,0,400,300,0,0,2,1
trayectoria,15.82,1,405,300,-100,0,1,0
trayectoria,15.82,2,500.028,549.972,-50,100,0.8,1
trayectoria,15.82,3,299.972,50.0279,50,-100,0.8,1
trayectoria,15.83,0,400,300,0,0,2,1
trayectoria,15.83,1,405,300,-100,0,1,0
trayectoria,15.83,2,499.528,550.972,-50,100,0.8,1
trayectoria,15.83,3,300.472,49.0279,50,-100,0.8,1
trayectoria,15.84,0,400,300,0,0,2,1
trayectoria,15.84,1,405,300,-100,0,1,0
trayectoria,15.84,2,499.028,551.972,-50,100,0.8,1
trayectoria,15.84,3,300.972,48.0279,50,-100,0.8,1
trayectoria,15.85,0,400,300,0,0,2,1
trayectoria,15.85,1,405,300,-100,0,1,0
trayectoria,15.85,2,498.528,552.972,-50,100,0.8,1
trayectoria,15.85,3,301.472,47.0279,50,-100,0.8,1
trayectoria,15.86,0,400,300,0,0,2,1
trayectoria,15.86,1,405,300,-100,0,1,0
trayectoria,15.86,2,498.028,553.972,-50,100,0.8,1
trayectoria,15.86,3,301.972,46.0279,50,-100,0.8,1
trayectoria,15.87,0,400,300,0,0,2,1
trayectoria,15.87,1,405,300,-100,0,1,0
trayectoria,15.87,2,497.528,554.972,-50,100,0.8,1
trayectoria,15.87,3,302.472,45.0279,50,-100,0.8,1
trayectoria,15.88,0,400,300,0,0,2,1
trayectoria,15.88,1,405,300,-100,0,1,0
trayectoria,15.88,2,497.028,555.972,-50,100,0.8,1
trayectoria,15.88,3,302.972,44.0279,50,-100,0.8,1
trayectoria,15.89,0,400,300,0,0,2,1
trayectoria,15.89,1,405,300,-100,0,1,0
trayectoria,15.89,2,496.528,556.972,-50,100,0.8,1
trayectoria,15.89,3,303.472,43.0279,50,-100,0.8,1
trayectoria,15.9,0,400,300,0,0,2,1
trayectoria,15.9,1,405,300,-100,0,1,0
trayectoria,15.9,2,496.028,557.972,-50,100,0.8,1
trayectoria,15.9,3,303.972,42.0279,50,-100,0.8,1
trayectoria,15.91,0,400,300,0,0,2,1
trayectoria,15.91,1,405,300,-100,0,1,0
trayectoria,15.91,2,495.528,558.972,-50,100,0.8,1
trayectoria,15.91,3,304.472,41.0279,50,-100,0.8,1
trayectoria,15.92,0,400,300,0,0,2,1
trayectoria,15.92,1,405,300,-100,0,1,0
trayectoria,15.92,2,495.028,559.972,-50,100,0.8,1
trayectoria,15.92,3,304.972,40.0279,50,-100,0.8,1
trayectoria,15.93,0,400,300,0,0,2,1
trayectoria,15.93,1,405,300,-100,0,1,0
trayectoria,15.93,2,494.528,560.972,-50,100,0.8,1
trayectoria,15.93,3,305.472,39.0279,50,-100,0.8,1
trayectoria,15.94,0,400,300,0,0,2,1
trayectoria,15.94,1,405,300,-100,0,1,0
trayectoria,15.94,2,494.028,561.972,-50,100,0.8,1
trayectoria,15.94,3,305.972,38.0279,50,-100,0.8,1
trayectoria,15.95,0,400,300,0,0,2,1
trayectoria,15.95,1,405,300,-100,0,1,0
trayectoria,15.95,2,493.528,562.972,-50,100,0.8,1
trayectoria,15.95,3,306.472,37.0279,50,-100,0.8,1
trayectoria,15.96,0,400,300,0,0,2,1
trayectoria,15.96,1,405,300,-100,0,1,0
trayectoria,15.96,2,493.028,563.972,-50,100,0.8,1
trayectoria,15.96,3,306.972,36.0279,50,-100,0.8,1
trayectoria,15.97,0,400,300,0,0,2,1
trayectoria,15.97,1,405,300,-100,0,1,0
trayectoria,15.97,2,492.528,564.972,-50,100,0.8,1
trayectoria,15.97,3,307.472,35.0279,50,-100,0.8,1
trayectoria,15.98,0,400,300,0,0,2,1
trayectoria,15.98,1,405,300,-100,0,1,0
trayectoria,15.98,2,492.028,565.972,-50,100,0.8,1
trayectoria,15.98,3,307.972,34.0279,50,-100,0.8,1
trayectoria,15.99,0,400,300,0,0,2,1
trayectoria,15.99,1,405,300,-100,0,1,0
trayectoria,15.99,2,491.528,566.972,-50,100,0.8,1
trayectoria,15.99,3,308.472,33.0279,50,-100,0.8,1
trayectoria,16,0,400,300,0,0,2,1
trayectoria,16,1,405,300,-100,0,1,0
trayectoria,16,2,491.028,567.972,-50,100,0.8,1
trayectoria,16,3,308.972,32.0279,50,-100,0.8,1
trayectoria,16.01,0,400,300,0,0,2,1
trayectoria,16.01,1,405,300,-100,0,1,0
trayectoria,16.01,2,490.528,568.972,-50,100,0.8,1
trayectoria,16.01,3,309.472,31.0279,50,-100,0.8,1
trayectoria,16.02,0,400,300,0,0,2,1
trayectoria,16.02,1,405,300,-100,0,1,0
trayectoria,16.02,2,490.028,569.972,-50,100,0.8,1
trayectoria,16.02,3,309.972,30.0279,50,-100,0.8,1
trayectoria,16.03,0,400,300,0,0,2,1
trayectoria,16.03,1,405,300,-100,0,1,0
trayectoria,16.03,2,489.528,570.972,-50,100,0.8,1
trayectoria,16.03,3,310.472,29.0279,50,-100,0.8,1
trayectoria,16.04,0,400,300,0,0,2,1
trayectoria,16.04,1,405,300,-100,0,1,0
trayectoria,16.04,2,489.028,571.972,-50,100,0.8,1
trayectoria,16.04,3,310.972,28.0279,50,-100,0.8,1
trayectoria,16.05,0,400,300,0,0,2,1
trayectoria,16.05,1,405,300,-100,0,1,0
trayectoria,16.05,2,488.528,572.972,-50,100,0.8,1
trayectoria,16.05,3,311.472,27.0279,50,-100,0.8,1
trayectoria,16.06,0,400,300,0,0,2,1
trayectoria,16.06,1,405,300,-100,0,1,0
trayectoria,16.06,2,488.028,573.972,-50,100,0.8,1
trayectoria,16.06,3,311.972,26.0279,50,-100,0.8,1
trayectoria,16.07,0,400,300,0,0,2,1
trayectoria,16.07,1,405,300,-100,0,1,0
trayectoria,16.07,2,487.528,574.972,-50,100,0.8,1
trayectoria,16.07,3,312.472,25.0279,50,-100,0.8,1
trayectoria,16.08,0,400,300,0,0,2,1
trayectoria,16.08,1,405,300,-100,0,1,0
trayectoria,16.08,2,487.028,575.972,-50,100,0.8,1
trayectoria,16.08,3,312.972,24.0279,50,-100,0.8,1
trayectoria,16.09,0,400,300,0,0,2,1
trayectoria,16.09,1,405,300,-100,0,1,0
trayectoria,16.09,2,486.528,576.972,-50,100,0.8,1
trayectoria,16.09,3,313.472,23.0279,50,-100,0.8,1
trayectoria,16.1,0,400,300,0,0,2,1
trayectoria,16.1,1,405,300,-100,0,1,0
trayectoria,16.1,2,486.028,577.972,-50,100,0.8,1
trayectoria,16.1,3,313.972,22.0279,50,-100,0.8,1
trayectoria,16.11,0,400,300,0,0,2,1
trayectoria,16.11,1,405,300,-100,0,1,0
trayectoria,16.11,2,485.528,578.972,-50,100,0.8,1
trayectoria,16.11,3,314.472,21.0279,50,-100,0.8,1
trayectoria,16.12,0,400,300,0,0,2,1
trayectoria,16.12,1,405,300,-100,0,1,0
trayectoria,16.12,2,485.028,579.972,-50,100,0.8,1
trayectoria,16.12,3,314.972,20.0279,50,-100,0.8,1
trayectoria,16.13,0,400,300,0,0,2,1
trayectoria,16.13,1,405,300,-100,0,1,0
trayectoria,16.13,2,484.528,580.972,-50,100,0.8,1
trayectoria,16.13,3,315.472,19.0279,50,-100,0.8,1
trayectoria,16.14,0,400,300,0,0,2,1
trayectoria,16.14,1,405,300,-100,0,1,0
trayectoria,16.14,2,484.028,581.972,-50,100,0.8,1
trayectoria,16.14,3,315.972,18.0279,50,-100,0.8,1
trayectoria,16.15,0,400,300,0,0,2,1
trayectoria,16.15,1,405,300,-100,0,1,0
trayectoria,16.15,2,483.528,582.972,-50,100,0.8,1
trayectoria,16.15,3,316.472,17.0279,50,-100,0.8,1
trayectoria,16.16,0,400,300,0,0,2,1
trayectoria,16.16,1,405,300,-100,0,1,0
trayectoria,16.16,2,483.028,583.972,-50,100,0.8,1
trayectoria,16.16,3,316.972,16.0279,50,-100,0.8,1
trayectoria,16.17,0,400,300,0,0,2,1
trayectoria,16.17,1,405,300,-100,0,1,0
trayectoria,16.17,2,482.528,584.972,-50,100,0.8,1
trayectoria,16.17,3,317.472,15.0279,50,-100,0.8,1
trayectoria,16.18,0,400,300,0,0,2,1
trayectoria,16.18,1,405,300,-100,0,1,0
trayectoria,16.18,2,482.028,585.972,-50,100,0.8,1
trayectoria,16.18,3,317.972,14.0279,50,-100,0.8,1
trayectoria,16.19,0,400,300,0,0,2,1
trayectoria,16.19,1,405,300,-100,0,1,0
trayectoria,16.19,2,481.528,586.972,-50,100,0.8,1
trayectoria,16.19,3,318.472,13.0279,50,-100,0.8,1
trayectoria,16.2,0,400,300,0,0,2,1
trayectoria,16.2,1,405,300,-100,0,1,0
trayectoria,16.2,2,481.028,587.972,-50,100,0.8,1
trayectoria,16.2,3,318.972,12.0279,50,-100,0.8,1
trayectoria,16.21,0,400,300,0,0,2,1
trayectoria,16.21,1,405,300,-100,0,1,0
trayectoria,16.21,2,480.528,588.972,-50,100,0.8,1
trayectoria,16.21,3,319.472,11.0279,50,-100,0.8,1
trayectoria,16.22,0,400,300,0,0,2,1
trayectoria,16.22,1,405,300,-100,0,1,0
trayectoria,16.22,2,480.028,589.972,-50,100,0.8,1
trayectoria,16.22,3,319.972,10.0279,50,-100,0.8,1
trayectoria,16.23,0,400,300,0,0,2,1
trayectoria,16.23,1,405,300,-100,0,1,0
trayectoria,16.23,2,479.528,590.972,-50,100,0.8,1
trayectoria,16.23,3,320.472,9.02786,50,-100,0.8,1
trayectoria,16.24,0,400,300,0,0,2,1
trayectoria,16.24,1,405,300,-100,0,1,0
trayectoria,16.24,2,479.028,591.972,-50,100,0.8,1
trayectoria,16.24,3,320.972,8.02786,50,-100,0.8,1
trayectoria,16.25,0,400,300,0,0,2,1
trayectoria,16.25,1,405,300,-100,0,1,0
trayectoria,16.25,2,478.528,592.972,-50,100,0.8,1
trayectoria,16.25,3,321.472,7.02786,50,-100,0.8,1
trayectoria,16.26,0,400,300,0,0,2,1
trayectoria,16.26,1,405,300,-100,0,1,0
trayectoria,16.26,2,478.028,593.972,-50,100,0.8,1
trayectoria,16.26,3,321.972,6.02786,50,-100,0.8,1
trayectoria,16.27,0,400,300,0,0,2,1
trayectoria,16.27,1,405,300,-100,0,1,0
trayectoria,16.27,2,477.528,594.972,-50,100,0.8,1
trayectoria,16.27,3,322.472,5.02786,50,-100,0.8,1
trayectoria,16.28,0,400,300,0,0,2,1
trayectoria,16.28,1,405,300,-100,0,1,0
trayectoria,16.28,2,477.028,595.028,-50,-100,0.8,1
trayectoria,16.28,3,322.972,4.97214,50,100,0.8,1
trayectoria,16.29,0,400,300,0,0,2,1
trayectoria,16.29,1,405,300,-100,0,1,0
trayectoria,16.29,2,476.528,594.028,-50,-100,0.8,1
trayectoria,16.29,3,323.472,5.97214,50,100,0.8,1
trayectoria,16.3,0,400,300,0,0,2,1
trayectoria,16.3,1,405,300,-100,0,1,0
trayectoria,16.3,2,476.028,593.028,-50,-100,0.8,1
trayectoria,16.3,3,323.972,6.97214,50,100,0.8,1
trayectoria,16.31,0,400,300,0,0,2,1
trayectoria,16.31,1,405,300,-100,0,1,0
trayectoria,16.31,2,475.528,592.028,-50,-100,0.8,1
trayectoria,16.31,3,324.472,7.97214,50,100,0.8,1
trayectoria,16.32,0,400,300,0,0,2,1
trayectoria,16.32,1,405,300,-100,0,1,0
trayectoria,16.32,2,475.028,591.028,-50,-100,0.8,1
trayectoria,16.32,3,324.972,8.97214,50,100,0.8,1
trayectoria,16.33,0,400,300,0,0,2,1
trayectoria,16.33,1,405,300,-100,0,1,0
trayectoria,16.33,2,474.528,590.028,-50,-100,0.8,1
trayectoria,16.33,3,325.472,9.97214,50,100,0.8,1
trayectoria,16.34,0,400,300,0,0,2,1
trayectoria,16.34,1,405,300,-100,0,1,0
trayectoria,16.34,2,474.028,589.028,-50,-100,0.8,1
trayectoria,16.34,3,325.972,10.9721,50,100,0.8,1
trayectoria,16.35,0,400,300,0,0,2,1
trayectoria,16.35,1,405,300,-100,0,1,0
trayectoria,16.35,2,473.528,588.028,-50,-100,0.8,1
trayectoria,16.35,3,326.472,11.9721,50,100,0.8,1
trayectoria,16.36,0,400,300,0,0,2,1
trayectoria,16.36,1,405,300,-100,0,1,0
trayectoria,16.36,2,473.028,587.028,-50,-100,0.8,1
trayectoria,16.36,3,326.972,12.9721,50,100,0.8,1
trayectoria,16.37,0,400,300,0,0,2,1
trayectoria,16.37,1,405,300,-100,0,1,0
trayectoria,16.37,2,472.528,586.028,-50,-100,0.8,1
trayectoria,16.37,3,327.472,13.9721,50,100,0.8,1
trayectoria,16.38,0,400,300,0,0,2,1
trayectoria,16.38,1,405,300,-100,0,1,0
trayectoria,16.38,2,472.028,585.028,-50,-100,0.8,1
trayectoria,16.38,3,327.972,14.9721,50,100,0.8,1
trayectoria,16.39,0,400,300,0,0,2,1
trayectoria,16.39,1,405,300,-100,0,1,0
trayectoria,16.39,2,471.528,584.028,-50,-100,0.8,1
trayectoria,16.39,3,328.472,15.9721,50,100,0.8,1
trayectoria,16.4,0,400,300,0,0,2,1
trayectoria,16.4,1,405,300,-100,0,1,0
trayectoria,16.4,2,471.028,583.028,-50,-100,0.8,1
trayectoria,16.4,3,328.972,16.9721,50,100,0.8,1
trayectoria,16.41,0,400,300,0,0,2,1
trayectoria,16.41,1,405,300,-100,0,1,0
trayectoria,16.41,2,470.528,582.028,-50,-100,0.8,1
trayectoria,16.41,3,329.472,17.9721,50,100,0.8,1
trayectoria,16.42,0,400,300,0,0,2,1
trayectoria,16.42,1,405,300,-100,0,1,0
trayectoria,16.42,2,470.028,581.028,-50,-100,0.8,1
trayectoria,16.42,3,329.972,18.9721,50,100,0.8,1
trayectoria,16.43,0,400,300,0,0,2,1
trayectoria,16.43,1,405,300,-100,0,1,0
trayectoria,16.43,2,469.528,580.028,-50,-100,0.8,1
trayectoria,16.43,3,330.472,19.9721,50,100,0.8,1
trayectoria,16.44,0,400,300,0,0,2,1
trayectoria,16.44,1,405,300,-100,0,1,0
trayectoria,16.44,2,469.028,579.028,-50,-100,0.8,1
trayectoria,16.44,3,330.972,20.9721,50,100,0.8,1
trayectoria,16.45,0,400,300,0,0,2,1
trayectoria,16.45,1,405,300,-100,0,1,0
trayectoria,16.45,2,468.528,578.028,-50,-100,0.8,1
trayectoria,16.45,3,331.472,21.9721,50,100,0.8,1
trayectoria,16.46,0,400,300,0,0,2,1
trayectoria,16.46,1,405,300,-100,0,1,0
trayectoria,16.46,2,468.028,577.028,-50,-100,0.8,1
trayectoria,16.46,3,331.972,22.9721,50,100,0.8,1
trayectoria,16.47,0,400,300,0,0,2,1
trayectoria,16.47,1,405,300,-100,0,1,0
trayectoria,16.47,2,467.528,576.028,-50,-100,0.8,1
trayectoria,16.47,3,332.472,23.9721,50,100,0.8,1
trayectoria,16.48,0,400,300,0,0,2,1
trayectoria,16.48,1,405,300,-100,0,1,0
trayectoria,16.48,2,467.028,575.028,-50,-100,0.8,1
trayectoria,16.48,3,332.972,24.9721,50,100,0.8,1
trayectoria,16.49,0,400,300,0,0,2,1
trayectoria,16.49,1,405,300,-100,0,1,0
trayectoria,16.49,2,466.528,574.028,-50,-100,0.8,1
trayectoria,16.49,3,333.472,25.9721,50,100,0.8,1
trayectoria,16.5,0,400,300,0,0,2,1
trayectoria,16.5,1,405,300,-100,0,1,0
trayectoria,16.5,2,466.028,573.028,-50,-100,0.8,1
trayectoria,16.5,3,333.972,26.9721,50,100,0.8,1
trayectoria,16.51,0,400,300,0,0,2,1
trayectoria,16.51,1,405,300,-100,0,1,0
trayectoria,16.51,2,465.528,572.028,-50,-100,0.8,1
trayectoria,16.51,3,334.472,27.9721,50,100,0.8,1
trayectoria,16.52,0,400,300,0,0,2,1
trayectoria,16.52,1,405,300,-100,0,1,0
trayectoria,16.52,2,465.028,571.028,-50,-100,0.8,1
trayectoria,16.52,3,334.972,28.9721,50,100,0.8,1
trayectoria,16.53,0,400,300,0,0,2,1
trayectoria,16.53,1,405,300,-100,0,1,0
trayectoria,16.53,2,464.528,570.028,-50,-100,0.8,1
trayectoria,16.53,3,335.472,29.9721,50,100,0.8,1
trayectoria,16.54,0,400,300,0,0,2,1
trayectoria,16.54,1,405,300,-100,0,1,0
trayectoria,16.54,2,464.028,569.028,-50,-100,0.8,1
trayectoria,16.54,3,335.972,30.9721,50,100,0.8,1
trayectoria,16.55,0,400,300,0,0,2,1
trayectoria,16.55,1,405,300,-100,0,1,0
trayectoria,16.55,2,463.528,568.028,-50,-100,0.8,1
trayectoria,16.55,3,336.472,31.9721,50,100,0.8,1
trayectoria,16.56,0,400,300,0,0,2,1
trayectoria,16.56,1,405,300,-100,0,1,0
trayectoria,16.56,2,463.028,567.028,-50,-100,0.8,1
trayectoria,16.56,3,336.972,32.9721,50,100,0.8,1
trayectoria,16.57,0,400,300,0,0,2,1
trayectoria,16.57,1,405,300,-100,0,1,0
trayectoria,16.57,2,462.528,566.028,-50,-100,0.8,1
trayectoria,16.57,3,337.472,33.9721,50,100,0.8,1
trayectoria,16.58,0,400,300,0,0,2,1
trayectoria,16.58,1,405,300,-100,0,1,0
trayectoria,16.58,2,462.028,565.028,-50,-100,0.8,1
trayectoria,16.58,3,337.972,34.9721,50,100,0.8,1
trayectoria,16.59,0,400,300,0,0,2,1
trayectoria,16.59,1,405,300,-100,0,1,0
trayectoria,16.59,2,461.528,564.028,-50,-100,0.8,1
trayectoria,16.59,3,338.472,35.9721,50,100,0.8,1
trayectoria,16.6,0,400,300,0,0,2,1
trayectoria,16.6,1,405,300,-100,0,1,0
trayectoria,16.6,2,461.028,563.028,-50,-100,0.8,1
trayectoria,16.6,3,338.972,36.9721,50,100,0.8,1
trayectoria,16.61,0,400,300,0,0,2,1
trayectoria,16.61,1,405,300,-100,0,1,0
trayectoria,16.61,2,460.528,562.028,-50,-100,0.8,1
trayectoria,16.61,3,339.472,37.9721,50,100,0.8,1
trayectoria,16.62,0,400,300,0,0,2,1
trayectoria,16.62,1,405,300,-100,0,1,0
trayectoria,16.62,2,460.028,561.028,-50,-100,0.8,1
trayectoria,16.62,3,339.972,38.9721,50,100,0.8,1
trayectoria,16.63,0,400,300,0,0,2,1
trayectoria,16.63,1,405,300,-100,0,1,0
trayectoria,16.63,2,459.528,560.028,-50,-100,0.8,1
trayectoria,16.63,3,340.472,39.9721,50,100,0.8,1
trayectoria,16.64,0,400,300,0,0,2,1
trayectoria,16.64,1,405,300,-100,0,1,0
trayectoria,16.64,2,459.028,559.028,-50,-100,0.8,1
trayectoria,16.64,3,340.972,40.9721,50,100,0.8,1
trayectoria,16.65,0,400,300,0,0,2,1
trayectoria,16.65,1,405,300,-100,0,1,0
trayectoria,16.65,2,458.528,558.028,-50,-100,0.8,1
trayectoria,16.65,3,341.472,41.9721,50,100,0.8,1
trayectoria,16.66,0,400,300,0,0,2,1
trayectoria,16.66,1,405,300,-100,0,1,0
trayectoria,16.66,2,458.028,557.028,-50,-100,0.8,1
trayectoria,16.66,3,341.972,42.9721,50,100,0.8,1
trayectoria,16.67,0,400,300,0,0,2,1
trayectoria,16.67,1,405,300,-100,0,1,0
trayectoria,16.67,2,457.528,556.028,-50,-100,0.8,1
trayectoria,16.67,3,342.472,43.9721,50,100,0.8,1
trayectoria,16.68,0,400,300,0,0,2,1
trayectoria,16.68,1,405,300,-100,0,1,0
trayectoria,16.68,2,457.028,555.028,-50,-100,0.8,1
trayectoria,16.68,3,342.972,44.9721,50,100,0.8,1
trayectoria,16.69,0,400,300,0,0,2,1
trayectoria,16.69,1,405,300,-100,0,1,0
trayectoria,16.69,2,456.528,554.028,-50,-100,0.8,1
trayectoria,16.69,3,343.472,45.9721,50,100,0.8,1
trayectoria,16.7,0,400,300,0,0,2,1
trayectoria,16.7,1,405,300,-100,0,1,0
trayectoria,16.7,2,456.028,553.028,-50,-100,0.8,1
trayectoria,16.7,3,343.972,46.9721,50,100,0.8,1
trayectoria,16.71,0,400,300,0,0,2,1
trayectoria,16.71,1,405,300,-100,0,1,0
trayectoria,16.71,2,455.528,552.028,-50,-100,0.8,1
trayectoria,16.71,3,344.472,47.9721,50,100,0.8,1
trayectoria,16.72,0,400,300,0,0,2,1
trayectoria,16.72,1,405,300,-100,0,1,0
trayectoria,16.72,2,455.028,551.028,-50,-100,0.8,1
trayectoria,16.72,3,344.972,48.9721,50,100,0.8,1
trayectoria,16.73,0,400,300,0,0,2,1
trayectoria,16.73,1,405,300,-100,0,1,0
trayectoria,16.73,2,454.528,550.028,-50,-100,0.8,1
trayectoria,16.73,3,345.472,49.9721,50,100,0.8,1
trayectoria,16.74,0,400,300,0,0,2,1
trayectoria,16.74,1,405,300,-100,0,1,0
trayectoria,16.74,2,454.028,549.028,-50,-100,0.8,1
trayectoria,16.74,3,345.972,50.9721,50,100,0.8,1
trayectoria,16.75,0,400,300,0,0,2,1
trayectoria,16.75,1,405,300,-100,0,1,0
trayectoria,16.75,2,453.528,548.028,-50,-100,0.8,1
trayectoria,16.75,3,346.472,51.9721,50,100,0.8,1
trayectoria,16.76,0,400,300,0,0,2,1
trayectoria,16.76,1,405,300,-100,0,1,0
trayectoria,16.76,2,453.028,547.028,-50,-100,0.8,1
trayectoria,16.76,3,346.972,52.9721,50,100,0.8,1
trayectoria,16.77,0,400,300,0,0,2,1
trayectoria,16.77,1,405,300,-100,0,1,0
trayectoria,16.77,2,452.528,546.028,-50,-100,0.8,1
trayectoria,16.77,3,347.472,53.9721,50,100,0.8,1
trayectoria,16.78,0,400,300,0,0,2,1
trayectoria,16.78,1,405,300,-100,0,1,0
trayectoria,16.78,2,452.028,545.028,-50,-100,0.8,1
trayectoria,16.78,3,347.972,54.9721,50,100,0.8,1
trayectoria,16.79,0,400,300,0,0,2,1
trayectoria,16.79,1,405,300,-100,0,1,0
trayectoria,16.79,2,451.528,544.028,-50,-100,0.8,1
trayectoria,16.79,3,348.472,55.9721,50,100,0.8,1
trayectoria,16.8,0,400,300,0,0,2,1
trayectoria,16.8,1,405,300,-100,0,1,0
trayectoria,16.8,2,451.028,543.028,-50,-100,0.8,1
trayectoria,16.8,3,348.972,56.9721,50,100,0.8,1
trayectoria,16.81,0,400,300,0,0,2,1
trayectoria,16.81,1,405,300,-100,0,1,0
trayectoria,16.81,2,450.528,542.028,-50,-100,0.8,1
trayectoria,16.81,3,349.472,57.9721,50,100,0.8,1
trayectoria,16.82,0,400,300,0,0,2,1
trayectoria,16.82,1,405,300,-100,0,1,0
trayectoria,16.82,2,450.028,541.028,-50,-100,0.8,1
trayectoria,16.82,3,349.972,58.9721,50,100,0.8,1
trayectoria,16.83,0,400,300,0,0,2,1
trayectoria,16.83,1,405,300,-100,0,1,0
trayectoria,16.83,2,449.528,540.028,-50,-100,0.8,1
trayectoria,16.83,3,350.472,59.9721,50,100,0.8,1
trayectoria,16.84,0,400,300,0,0,2,1
trayectoria,16.84,1,405,300,-100,0,1,0
trayectoria,16.84,2,449.028,539.028,-50,-100,0.8,1
trayectoria,16.84,3,350.972,60.9721,50,100,0.8,1
trayectoria,16.85,0,400,300,0,0,2,1
trayectoria,16.85,1,405,300,-100,0,1,0
trayectoria,16.85,2,448.528,538.028,-50,-100,0.8,1
trayectoria,16.85,3,351.472,61.9721,50,100,0.8,1
trayectoria,16.86,0,400,300,0,0,2,1
trayectoria,16.86,1,405,300,-100,0,1,0
trayectoria,16.86,2,448.028,537.028,-50,-100,0.8,1
trayectoria,16.86,3,351.972,62.9721,50,100,0.8,1
trayectoria,16.87,0,400,300,0,0,2,1
trayectoria,16.87,1,405,300,-100,0,1,0
trayectoria,16.87,2,447.528,536.028,-50,-100,0.8,1
trayectoria,16.87,3,352.472,63.9721,50,100,0.8,1
trayectoria,16.88,0,400,300,0,0,2,1
trayectoria,16.88,1,405,300,-100,0,1,0
trayectoria,16.88,2,447.028,535.028,-50,-100,0.8,1
trayectoria,16.88,3,352.972,64.9721,50,100,0.8,1
trayectoria,16.89,0,400,300,0,0,2,1
trayectoria,16.89,1,405,300,-100,0,1,0
trayectoria,16.89,2,446.528,534.028,-50,-100,0.8,1
trayectoria,16.89,3,353.472,65.9721,50,100,0.8,1
trayectoria,16.9,0,400,300,0,0,2,1
trayectoria,16.9,1,405,300,-100,0,1,0
trayectoria,16.9,2,446.028,533.028,-50,-100,0.8,1
trayectoria,16.9,3,353.972,66.9721,50,100,0.8,1
trayectoria,16.91,0,400,300,0,0,2,1
trayectoria,16.91,1,405,300,-100,0,1,0
trayectoria,16.91,2,445.528,532.028,-50,-100,0.8,1
trayectoria,16.91,3,354.472,67.9721,50,100,0.8,1
trayectoria,16.92,0,400,300,0,0,2,1
trayectoria,16.92,1,405,300,-100,0,1,0
trayectoria,16.92,2,445.028,531.028,-50,-100,0.8,1
trayectoria,16.92,3,354.972,68.9721,50,100,0.8,1
trayectoria,16.93,0,400,300,0,0,2,1
trayectoria,16.93,1,405,300,-100,0,1,0
trayectoria,16.93,2,444.528,530.028,-50,-100,0.8,1
trayectoria,16.93,3,355.472,69.9721,50,100,0.8,1
trayectoria,16.94,0,400,300,0,0,2,1
trayectoria,16.94,1,405,300,-100,0,1,0
trayectoria,16.94,2,444.028,529.028,-50,-100,0.8,1
trayectoria,16.94,3,355.972,70.9721,50,100,0.8,1
trayectoria,16.95,0,400,300,0,0,2,1
trayectoria,16.95,1,405,300,-100,0,1,0
trayectoria,16.95,2,443.528,528.028,-50,-100,0.8,1
trayectoria,16.95,3,356.472,71.9721,50,100,0.8,1
trayectoria,16.96,0,400,300,0,0,2,1
trayectoria,16.96,1,405,300,-100,0,1,0
trayectoria,16.96,2,443.028,527.028,-50,-100,0.8,1
trayectoria,16.96,3,356.972,72.9721,50,100,0.8,1
trayectoria,16.97,0,400,300,0,0,2,1
trayectoria,16.97,1,405,300,-100,0,1,0
trayectoria,16.97,2,442.528,526.028,-50,-100,0.8,1
trayectoria,16.97,3,357.472,73.9721,50,100,0.8,1
trayectoria,16.98,0,400,300,0,0,2,1
trayectoria,16.98,1,405,300,-100,0,1,0
trayectoria,16.98,2,442.028,525.028,-50,-100,0.8,1
trayectoria,16.98,3,357.972,74.9721,50,100,0.8,1
trayectoria,16.99,0,400,300,0,0,2,1
trayectoria,16.99,1,405,300,-100,0,1,0
trayectoria,16.99,2,441.528,524.028,-50,-100,0.8,1
trayectoria,16.99,3,358.472,75.9721,50,100,0.8,1
trayectoria,17,0,400,300,0,0,2,1
trayectoria,17,1,405,300,-100,0,1,0
trayectoria,17,2,441.028,523.028,-50,-100,0.8,1
trayectoria,17,3,358.972,76.9721,50,100,0.8,1
trayectoria,17.01,0,400,300,0,0,2,1
trayectoria,17.01,1,405,300,-100,0,1,0
trayectoria,17.01,2,440.528,522.028,-50,-100,0.8,1
trayectoria,17.01,3,359.472,77.9721,50,100,0.8,1
trayectoria,17.02,0,400,300,0,0,2,1
trayectoria,17.02,1,405,300,-100,0,1,0
trayectoria,17.02,2,440.028,521.028,-50,-100,0.8,1
trayectoria,17.02,3,359.972,78.9721,50,100,0.8,1
trayectoria,17.03,0,400,300,0,0,2,1
trayectoria,17.03,1,405,300,-100,0,1,0
trayectoria,17.03,2,439.528,520.028,-50,-100,0.8,1
trayectoria,17.03,3,360.472,79.9721,50,100,0.8,1
trayectoria,17.04,0,400,300,0,0,2,1
trayectoria,17.04,1,405,300,-100,0,1,0
trayectoria,17.04,2,439.028,519.028,-50,-100,0.8,1
trayectoria,17.04,3,360.972,80.9721,50,100,0.8,1
trayectoria,17.05,0,400,300,0,0,2,1
trayectoria,17.05,1,405,300,-100,0,1,0
trayectoria,17.05,2,438.528,518.028,-50,-100,0.8,1
trayectoria,17.05,3,361.472,81.9721,50,100,0.8,1
trayectoria,17.06,0,400,300,0,0,2,1
trayectoria,17.06,1,405,300,-100,0,1,0
trayectoria,17.06,2,438.028,517.028,-50,-100,0.8,1
trayectoria,17.06,3,361.972,82.9721,50,100,0.8,1
trayectoria,17.07,0,400,300,0,0,2,1
trayectoria,17.07,1,405,300,-100,0,1,0
trayectoria,17.07,2,437.528,516.028,-50,-100,0.8,1
trayectoria,17.07,3,362.472,83.9721,50,100,0.8,1
trayectoria,17.08,0,400,300,0,0,2,1
trayectoria,17.08,1,405,300,-100,0,1,0
trayectoria,17.08,2,437.028,515.028,-50,-100,0.8,1
trayectoria,17.08,3,362.972,84.9721,50,100,0.8,1
trayectoria,17.09,0,400,300,0,0,2,1
trayectoria,17.09,1,405,300,-100,0,1,0
trayectoria,17.09,2,436.528,514.028,-50,-100,0.8,1
trayectoria,17.09,3,363.472,85.9721,50,100,0.8,1
trayectoria,17.1,0,400,300,0,0,2,1
trayectoria,17.1,1,405,300,-100,0,1,0
trayectoria,17.1,2,436.028,513.028,-50,-100,0.8,1
trayectoria,17.1,3,363.972,86.9721,50,100,0.8,1
trayectoria,17.11,0,400,300,0,0,2,1
trayectoria,17.11,1,405,300,-100,0,1,0
trayectoria,17.11,2,435.528,512.028,-50,-100,0.8,1
trayectoria,17.11,3,364.472,87.9721,50,100,0.8,1
trayectoria,17.12,0,400,300,0,0,2,1
trayectoria,17.12,1,405,300,-100,0,1,0
trayectoria,17.12,2,435.028,511.028,-50,-100,0.8,1
trayectoria,17.12,3,364.972,88.9721,50,100,0.8,1
trayectoria,17.13,0,400,300,0,0,2,1
trayectoria,17.13,1,405,300,-100,0,1,0
trayectoria,17.13,2,434.528,510.028,-50,-100,0.8,1
trayectoria,17.13,3,365.472,89.9721,50,100,0.8,1
trayectoria,17.14,0,400,300,0,0,2,1
trayectoria,17.14,1,405,300,-100,0,1,0
trayectoria,17.14,2,434.028,509.028,-50,-100,0.8,1
trayectoria,17.14,3,365.972,90.9721,50,100,0.8,1
trayectoria,17.15,0,400,300,0,0,2,1
trayectoria,17.15,1,405,300,-100,0,1,0
trayectoria,17.15,2,433.528,508.028,-50,-100,0.8,1
trayectoria,17.15,3,366.472,91.9721,50,100,0.8,1
trayectoria,17.16,0,400,300,0,0,2,1
trayectoria,17.16,1,405,300,-100,0,1,0
trayectoria,17.16,2,433.028,507.028,-50,-100,0.8,1
trayectoria,17.16,3,366.972,92.9721,50,100,0.8,1
trayectoria,17.17,0,400,300,0,0,2,1
trayectoria,17.17,1,405,300,-100,0,1,0
trayectoria,17.17,2,432.528,506.028,-50,-100,0.8,1
trayectoria,17.17,3,367.472,93.9721,50,100,0.8,1
trayectoria,17.18,0,400,300,0,0,2,1
trayectoria,17.18,1,405,300,-100,0,1,0
trayectoria,17.18,2,432.028,505.028,-50,-100,0.8,1
trayectoria,17.18,3,367.972,94.9721,50,100,0.8,1
trayectoria,17.19,0,400,300,0,0,2,1
trayectoria,17.19,1,405,300,-100,0,1,0
trayectoria,17.19,2,431.528,504.028,-50,-100,0.8,1
trayectoria,17.19,3,368.472,95.9721,50,100,0.8,1
trayectoria,17.2,0,400,300,0,0,2,1
trayectoria,17.2,1,405,300,-100,0,1,0
trayectoria,17.2,2,431.028,503.028,-50,-100,0.8,1
trayectoria,17.2,3,368.972,96.9721,50,100,0.8,1
trayectoria,17.21,0,400,300,0,0,2,1
trayectoria,17.21,1,405,300,-100,0,1,0
trayectoria,17.21,2,430.528,502.028,-50,-100,0.8,1
trayectoria,17.21,3,369.472,97.9721,50,100,0.8,1
trayectoria,17.22,0,400,300,0,0,2,1
trayectoria,17.22,1,405,300,-100,0,1,0
trayectoria,17.22,2,430.028,501.028,-50,-100,0.8,1
trayectoria,17.22,3,369.972,98.9721,50,100,0.8,1
trayectoria,17.23,0,400,300,0,0,2,1
trayectoria,17.23,1,405,300,-100,0,1,0
trayectoria,17.23,2,429.528,500.028,-50,-100,0.8,1
trayectoria,17.23,3,370.472,99.9721,50,100,0.8,1
trayectoria,17.24,0,400,300,0,0,2,1
trayectoria,17.24,1,405,300,-100,0,1,0
trayectoria,17.24,2,429.028,499.028,-50,-100,0.8,1
trayectoria,17.24,3,370.972,100.972,50,100,0.8,1
trayectoria,17.25,0,400,300,0,0,2,1
trayectoria,17.25,1,405,300,-100,0,1,0
trayectoria,17.25,2,428.528,498.028,-50,-100,0.8,1
trayectoria,17.25,3,371.472,101.972,50,100,0.8,1
trayectoria,17.26,0,400,300,0,0,2,1
trayectoria,17.26,1,405,300,-100,0,1,0
trayectoria,17.26,2,428.028,497.028,-50,-100,0.8,1
trayectoria,17.26,3,371.972,102.972,50,100,0.8,1
trayectoria,17.27,0,400,300,0,0,2,1
trayectoria,17.27,1,405,300,-100,0,1,0
trayectoria,17.27,2,427.528,496.028,-50,-100,0.8,1
trayectoria,17.27,3,372.472,103.972,50,100,0.8,1
trayectoria,17.28,0,400,300,0,0,2,1
trayectoria,17.28,1,405,300,-100,0,1,0
trayectoria,17.28,2,427.028,495.028,-50,-100,0.8,1
trayectoria,17.28,3,372.972,104.972,50,100,0.8,1
trayectoria,17.29,0,400,300,0,0,2,1
trayectoria,17.29,1,405,300,-100,0,1,0
trayectoria,17.29,2,426.528,494.028,-50,-100,0.8,1
trayectoria,17.29,3,373.472,105.972,50,100,0.8,1
trayectoria,17.3,0,400,300,0,0,2,1
trayectoria,17.3,1,405,300,-100,0,1,0
trayectoria,17.3,2,426.028,493.028,-50,-100,0.8,1
trayectoria,17.3,3,373.972,106.972,50,100,0.8,1
trayectoria,17.31,0,400,300,0,0,2,1
trayectoria,17.31,1,405,300,-100,0,1,0
trayectoria,17.31,2,425.528,492.028,-50,-100,0.8,1
trayectoria,17.31,3,374.472,107.972,50,100,0.8,1
trayectoria,17.32,0,400,300,0,0,2,1
trayectoria,17.32,1,405,300,-100,0,1,0
trayectoria,17.32,2,425.028,491.028,-50,-100,0.8,1
trayectoria,17.32,3,374.972,108.972,50,100,0.8,1
trayectoria,17.33,0,400,300,0,0,2,1
trayectoria,17.33,1,405,300,-100,0,1,0
trayectoria,17.33,2,424.528,490.028,-50,-100,0.8,1
trayectoria,17.33,3,375.472,109.972,50,100,0.8,1
trayectoria,17.34,0,400,300,0,0,2,1
trayectoria,17.34,1,405,300,-100,0,1,0
trayectoria,17.34,2,424.028,489.028,-50,-100,0.8,1
trayectoria,17.34,3,375.972,110.972,50,100,0.8,1
trayectoria,17.35,0,400,300,0,0,2,1
trayectoria,17.35,1,405,300,-100,0,1,0
trayectoria,17.35,2,423.528,488.028,-50,-100,0.8,1
trayectoria,17.35,3,376.472,111.972,50,100,0.8,1
trayectoria,17.36,0,400,300,0,0,2,1
trayectoria,17.36,1,405,300,-100,0,1,0
trayectoria,17.36,2,423.028,487.028,-50,-100,0.8,1
trayectoria,17.36,3,376.972,112.972,50,100,0.8,1
trayectoria,17.37,0,400,300,0,0,2,1
trayectoria,17.37,1,405,300,-100,0,1,0
trayectoria,17.37,2,422.528,486.028,-50,-100,0.8,1
trayectoria,17.37,3,377.472,113.972,50,100,0.8,1
trayectoria,17.38,0,400,300,0,0,2,1
trayectoria,17.38,1,405,300,-100,0,1,0
trayectoria,17.38,2,422.028,485.028,-50,-100,0.8,1
trayectoria,17.38,3,377.972,114.972,50,100,0.8,1
trayectoria,17.39,0,400,300,0,0,2,1
trayectoria,17.39,1,405,300,-100,0,1,0
trayectoria,17.39,2,421.528,484.028,-50,-100,0.8,1
trayectoria,17.39,3,378.472,115.972,50,100,0.8,1
trayectoria,17.4,0,400,300,0,0,2,1
trayectoria,17.4,1,405,300,-100,0,1,0
trayectoria,17.4,2,421.028,483.028,-50,-100,0.8,1
trayectoria,17.4,3,378.972,116.972,50,100,0.8,1
trayectoria,17.41,0,400,300,0,0,2,1
trayectoria,17.41,1,405,300,-100,0,1,0
trayectoria,17.41,2,420.528,482.028,-50,-100,0.8,1
trayectoria,17.41,3,379.472,117.972,50,100,0.8,1
trayectoria,17.42,0,400,300,0,0,2,1
trayectoria,17.42,1,405,300,-100,0,1,0
trayectoria,17.42,2,420.028,481.028,-50,-100,0.8,1
trayectoria,17.42,3,379.972,118.972,50,100,0.8,1
trayectoria,17.43,0,400,300,0,0,2,1
trayectoria,17.43,1,405,300,-100,0,1,0
trayectoria,17.43,2,419.528,480.028,-50,-100,0.8,1
trayectoria,17.43,3,380.472,119.972,50,100,0.8,1
trayectoria,17.44,0,400,300,0,0,2,1
trayectoria,17.44,1,405,300,-100,0,1,0
trayectoria,17.44,2,419.028,479.028,-50,-100,0.8,1
trayectoria,17.44,3,380.972,120.972,50,100,0.8,1
trayectoria,17.45,0,400,300,0,0,2,1
trayectoria,17.45,1,405,300,-100,0,1,0
trayectoria,17.45,2,418.528,478.028,-50,-100,0.8,1
trayectoria,17.45,3,381.472,121.972,50,100,0.8,1
trayectoria,17.46,0,400,300,0,0,2,1
trayectoria,17.46,1,405,300,-100,0,1,0
trayectoria,17.46,2,418.028,477.028,-50,-100,0.8,1
trayectoria,17.46,3,381.972,122.972,50,100,0.8,1
trayectoria,17.47,0,400,300,0,0,2,1
trayectoria,17.47,1,405,300,-100,0,1,0
trayectoria,17.47,2,417.528,476.028,-50,-100,0.8,1
trayectoria,17.47,3,382.472,123.972,50,100,0.8,1
trayectoria,17.48,0,400,300,0,0,2,1
trayectoria,17.48,1,405,300,-100,0,1,0
trayectoria,17.48,2,417.028,475.028,-50,-100,0.8,1
trayectoria,17.48,3,382.972,124.972,50,100,0.8,1
trayectoria,17.49,0,400,300,0,0,2,1
trayectoria,17.49,1,405,300,-100,0,1,0
trayectoria,17.49,2,416.528,474.028,-50,-100,0.8,1
trayectoria,17.49,3,383.472,125.972,50,100,0.8,1
trayectoria,17.5,0,400,300,0,0,2,1
trayectoria,17.5,1,405,300,-100,0,1,0
trayectoria,17.5,2,416.028,473.028,-50,-100,0.8,1
trayectoria,17.5,3,383.972,126.972,50,100,0.8,1
trayectoria,17.51,0,400,300,0,0,2,1
trayectoria,17.51,1,405,300,-100,0,1,0
trayectoria,17.51,2,415.528,472.028,-50,-100,0.8,1
trayectoria,17.51,3,384.472,127.972,50,100,0.8,1
trayectoria,17.52,0,400,300,0,0,2,1
trayectoria,17.52,1,405,300,-100,0,1,0
trayectoria,17.52,2,415.028,471.028,-50,-100,0.8,1
trayectoria,17.52,3,384.972,128.972,50,100,0.8,1
trayectoria,17.53,0,400,300,0,0,2,1
trayectoria,17.53,1,405,300,-100,0,1,0
trayectoria,17.53,2,414.528,470.028,-50,-100,0.8,1
trayectoria,17.53,3,385.472,129.972,50,100,0.8,1
trayectoria,17.54,0,400,300,0,0,2,1
trayectoria,17.54,1,405,300,-100,0,1,0
trayectoria,17.54,2,414.028,469.028,-50,-100,0.8,1
trayectoria,17.54,3,385.972,130.972,50,100,0.8,1
trayectoria,17.55,0,400,300,0,0,2,1
trayectoria,17.55,1,405,300,-100,0,1,0
trayectoria,17.55,2,413.528,468.028,-50,-100,0.8,1
trayectoria,17.55,3,386.472,131.972,50,100,0.8,1
trayectoria,17.56,0,400,300,0,0,2,1
trayectoria,17.56,1,405,300,-100,0,1,0
trayectoria,17.56,2,413.028,467.028,-50,-100,0.8,1
trayectoria,17.56,3,386.972,132.972,50,100,0.8,1
trayectoria,17.57,0,400,300,0,0,2,1
trayectoria,17.57,1,405,300,-100,0,1,0
trayectoria,17.57,2,412.528,466.028,-50,-100,0.8,1
trayectoria,17.57,3,387.472,133.972,50,100,0.8,1
trayectoria,17.58,0,400,300,0,0,2,1
trayectoria,17.58,1,405,300,-100,0,1,0
trayectoria,17.58,2,412.028,465.028,-50,-100,0.8,1
trayectoria,17.58,3,387.972,134.972,50,100,0.8,1
trayectoria,17.59,0,400,300,0,0,2,1
trayectoria,17.59,1,405,300,-100,0,1,0
trayectoria,17.59,2,411.528,464.028,-50,-100,0.8,1
trayectoria,17.59,3,388.472,135.972,50,100,0.8,1
trayectoria,17.6,0,400,300,0,0,2,1
trayectoria,17.6,1,405,300,-100,0,1,0
trayectoria,17.6,2,411.028,463.028,-50,-100,0.8,1
trayectoria,17.6,3,388.972,136.972,50,100,0.8,1
trayectoria,17.61,0,400,300,0,0,2,1
trayectoria,17.61,1,405,300,-100,0,1,0
trayectoria,17.61,2,410.528,462.028,-50,-100,0.8,1
trayectoria,17.61,3,389.472,137.972,50,100,0.8,1
trayectoria,17.62,0,400,300,0,0,2,1
trayectoria,17.62,1,405,300,-100,0,1,0
trayectoria,17.62,2,410.028,461.028,-50,-100,0.8,1
trayectoria,17.62,3,389.972,138.972,50,100,0.8,1
trayectoria,17.63,0,400,300,0,0,2,1
trayectoria,17.63,1,405,300,-100,0,1,0
trayectoria,17.63,2,409.528,460.028,-50,-100,0.8,1
trayectoria,17.63,3,390.472,139.972,50,100,0.8,1
trayectoria,17.64,0,400,300,0,0,2,1
trayectoria,17.64,1,405,300,-100,0,1,0
trayectoria,17.64,2,409.028,459.028,-50,-100,0.8,1
trayectoria,17.64,3,390.972,140.972,50,100,0.8,1
trayectoria,17.65,0,400,300,0,0,2,1
trayectoria,17.65,1,405,300,-100,0,1,0
trayectoria,17.65,2,408.528,458.028,-50,-100,0.8,1
trayectoria,17.65,3,391.472,141.972,50,100,0.8,1
trayectoria,17.66,0,400,300,0,0,2,1
trayectoria,17.66,1,405,300,-100,0,1,0
trayectoria,17.66,2,408.028,457.028,-50,-100,0.8,1
trayectoria,17.66,3,391.972,142.972,50,100,0.8,1
trayectoria,17.67,0,400,300,0,0,2,1
trayectoria,17.67,1,405,300,-100,0,1,0
trayectoria,17.67,2,407.528,456.028,-50,-100,0.8,1
trayectoria,17.67,3,392.472,143.972,50,100,0.8,1
trayectoria,17.68,0,400,300,0,0,2,1
trayectoria,17.68,1,405,300,-100,0,1,0
trayectoria,17.68,2,407.028,455.028,-50,-100,0.8,1
trayectoria,17.68,3,392.972,144.972,50,100,0.8,1
trayectoria,17.69,0,400,300,0,0,2,1
trayectoria,17.69,1,405,300,-100,0,1,0
trayectoria,17.69,2,406.528,454.028,-50,-100,0.8,1
trayectoria,17.69,3,393.472,145.972,50,100,0.8,1
trayectoria,17.7,0,400,300,0,0,2,1
trayectoria,17.7,1,405,300,-100,0,1,0
trayectoria,17.7,2,406.028,453.028,-50,-100,0.8,1
trayectoria,17.7,3,393.972,146.972,50,100,0.8,1
trayectoria,17.71,0,400,300,0,0,2,1
trayectoria,17.71,1,405,300,-100,0,1,0
trayectoria,17.71,2,405.528,452.028,-50,-100,0.8,1
trayectoria,17.71,3,394.472,147.972,50,100,0.8,1
trayectoria,17.72,0,400,300,0,0,2,1
trayectoria,17.72,1,405,300,-100,0,1,0
trayectoria,17.72,2,405.028,451.028,-50,-100,0.8,1
trayectoria,17.72,3,394.972,148.972,50,100,0.8,1
trayectoria,17.73,0,400,300,0,0,2,1
trayectoria,17.73,1,405,300,-100,0,1,0
trayectoria,17.73,2,404.528,450.028,-50,-100,0.8,1
trayectoria,17.73,3,395.472,149.972,50,100,0.8,1
trayectoria,17.74,0,400,300,0,0,2,1
trayectoria,17.74,1,405,300,-100,0,1,0
trayectoria,17.74,2,404.028,449.028,-50,-100,0.8,1
trayectoria,17.74,3,395.972,150.972,50,100,0.8,1
trayectoria,17.75,0,400,300,0,0,2,1
trayectoria,17.75,1,405,300,-100,0,1,0
trayectoria,17.75,2,403.528,448.028,-50,-100,0.8,1
trayectoria,17.75,3,396.472,151.972,50,100,0.8,1
trayectoria,17.76,0,400,300,0,0,2,1
trayectoria,17.76,1,405,300,-100,0,1,0
trayectoria,17.76,2,403.028,447.028,-50,-100,0.8,1
trayectoria,17.76,3,396.972,152.972,50,100,0.8,1
trayectoria,17.77,0,400,300,0,0,2,1
trayectoria,17.77,1,405,300,-100,0,1,0
trayectoria,17.77,2,402.528,446.028,-50,-100,0.8,1
trayectoria,17.77,3,397.472,153.972,50,100,0.8,1
trayectoria,17.78,0,400,300,0,0,2,1
trayectoria,17.78,1,405,300,-100,0,1,0
trayectoria,17.78,2,402.028,445.028,-50,-100,0.8,1
trayectoria,17.78,3,397.972,154.972,50,100,0.8,1
trayectoria,17.79,0,400,300,0,0,2,1
trayectoria,17.79,1,405,300,-100,0,1,0
trayectoria,17.79,2,401.528,444.028,-50,-100,0.8,1
trayectoria,17.79,3,398.472,155.972,50,100,0.8,1
trayectoria,17.8,0,400,300,0,0,2,1
trayectoria,17.8,1,405,300,-100,0,1,0
trayectoria,17.8,2,401.028,443.028,-50,-100,0.8,1
trayectoria,17.8,3,398.972,156.972,50,100,0.8,1
trayectoria,17.81,0,400,300,0,0,2,1
trayectoria,17.81,1,405,300,-100,0,1,0
trayectoria,17.81,2,400.528,442.028,-50,-100,0.8,1
trayectoria,17.81,3,399.472,157.972,50,100,0.8,1
trayectoria,17.82,0,400,300,0,0,2,1
trayectoria,17.82,1,405,300,-100,0,1,0
trayectoria,17.82,2,400.028,441.028,-50,-100,0.8,1
trayectoria,17.82,3,399.972,158.972,50,100,0.8,1
trayectoria,17.83,0,400,300,0,0,2,1
trayectoria,17.83,1,405,300,-100,0,1,0
trayectoria,17.83,2,399.528,440.028,-50,-100,0.8,1
trayectoria,17.83,3,400.472,159.972,50,100,0.8,1
trayectoria,17.84,0,400,300,0,0,2,1
trayectoria,17.84,1,405,300,-100,0,1,0
trayectoria,17.84,2,399.028,439.028,-50,-100,0.8,1
trayectoria,17.84,3,400.972,160.972,50,100,0.8,1
trayectoria,17.85,0,400,300,0,0,2,1
trayectoria,17.85,1,405,300,-100,0,1,0
trayectoria,17.85,2,398.528,438.028,-50,-100,0.8,1
trayectoria,17.85,3,401.472,161.972,50,100,0.8,1
trayectoria,17.86,0,400,300,0,0,2,1
trayectoria,17.86,1,405,300,-100,0,1,0
trayectoria,17.86,2,398.028,437.028,-50,-100,0.8,1
trayectoria,17.86,3,401.972,162.972,50,100,0.8,1
trayectoria,17.87,0,400,300,0,0,2,1
trayectoria,17.87,1,405,300,-100,0,1,0
trayectoria,17.87,2,397.528,436.028,-50,-100,0.8,1
trayectoria,17.87,3,402.472,163.972,50,100,0.8,1
trayectoria,17.88,0,400,300,0,0,2,1
trayectoria,17.88,1,405,300,-100,0,1,0
trayectoria,17.88,2,397.028,435.028,-50,-100,0.8,1
trayectoria,17.88,3,402.972,164.972,50,100,0.8,1
trayectoria,17.89,0,400,300,0,0,2,1
trayectoria,17.89,1,405,300,-100,0,1,0
trayectoria,17.89,2,396.528,434.028,-50,-100,0.8,1
trayectoria,17.89,3,403.472,165.972,50,100,0.8,1
trayectoria,17.9,0,400,300,0,0,2,1
trayectoria,17.9,1,405,300,-100,0,1,0
trayectoria,17.9,2,396.028,433.028,-50,-100,0.8,1
trayectoria,17.9,3,403.972,166.972,50,100,0.8,1
trayectoria,17.91,0,400,300,0,0,2,1
trayectoria,17.91,1,405,300,-100,0,1,0
trayectoria,17.91,2,395.528,432.028,-50,-100,0.8,1
trayectoria,17.91,3,404.472,167.972,50,100,0.8,1
trayectoria,17.92,0,400,300,0,0,2,1
trayectoria,17.92,1,405,300,-100,0,1,0
trayectoria,17.92,2,395.028,431.028,-50,-100,0.8,1
trayectoria,17.92,3,404.972,168.972,50,100,0.8,1
trayectoria,17.93,0,400,300,0,0,2,1
trayectoria,17.93,1,405,300,-100,0,1,0
trayectoria,17.93,2,394.528,430.028,-50,-100,0.8,1
trayectoria,17.93,3,405.472,169.972,50,100,0.8,1
trayectoria,17.94,0,400,300,0,0,2,1
trayectoria,17.94,1,405,300,-100,0,1,0
trayectoria,17.94,2,394.028,429.028,-50,-100,0.8,1
trayectoria,17.94,3,405.972,170.972,50,100,0.8,1
trayectoria,17.95,0,400,300,0,0,2,1
trayectoria,17.95,1,405,300,-100,0,1,0
trayectoria,17.95,2,393.528,428.028,-50,-100,0.8,1
trayectoria,17.95,3,406.472,171.972,50,100,0.8,1
trayectoria,17.96,0,400,300,0,0,2,1
trayectoria,17.96,1,405,300,-100,0,1,0
trayectoria,17.96,2,393.028,427.028,-50,-100,0.8,1
trayectoria,17.96,3,406.972,172.972,50,100,0.8,1
trayectoria,17.97,0,400,300,0,0,2,1
trayectoria,17.97,1,405,300,-100,0,1,0
trayectoria,17.97,2,392.528,426.028,-50,-100,0.8,1
trayectoria,17.97,3,407.472,173.972,50,100,0.8,1
trayectoria,17.98,0,400,300,0,0,2,1
trayectoria,17.98,1,405,300,-100,0,1,0
trayectoria,17.98,2,392.028,425.028,-50,-100,0.8,1
trayectoria,17.98,3,407.972,174.972,50,100,0.8,1
trayectoria,17.99,0,400,300,0,0,2,1
trayectoria,17.99,1,405,300,-100,0,1,0
trayectoria,17.99,2,391.528,424.028,-50,-100,0.8,1
trayectoria,17.99,3,408.472,175.972,50,100,0.8,1
trayectoria,18,0,400,300,0,0,2,1
trayectoria,18,1,405,300,-100,0,1,0
trayectoria,18,2,391.028,423.028,-50,-100,0.8,1
trayectoria,18,3,408.972,176.972,50,100,0.8,1
trayectoria,18.01,0,400,300,0,0,2,1
trayectoria,18.01,1,405,300,-100,0,1,0
trayectoria,18.01,2,390.528,422.028,-50,-100,0.8,1
trayectoria,18.01,3,409.472,177.972,50,100,0.8,1
trayectoria,18.02,0,400,300,0,0,2,1
trayectoria,18.02,1,405,300,-100,0,1,0
trayectoria,18.02,2,390.028,421.028,-50,-100,0.8,1
trayectoria,18.02,3,409.972,178.972,50,100,0.8,1
trayectoria,18.03,0,400,300,0,0,2,1
trayectoria,18.03,1,405,300,-100,0,1,0
trayectoria,18.03,2,389.528,420.028,-50,-100,0.8,1
trayectoria,18.03,3,410.472,179.972,50,100,0.8,1
trayectoria,18.04,0,400,300,0,0,2,1
trayectoria,18.04,1,405,300,-100,0,1,0
trayectoria,18.04,2,389.028,419.028,-50,-100,0.8,1
trayectoria,18.04,3,410.972,180.972,50,100,0.8,1
trayectoria,18.05,0,400,300,0,0,2,1
trayectoria,18.05,1,405,300,-100,0,1,0
trayectoria,18.05,2,388.528,418.028,-50,-100,0.8,1
trayectoria,18.05,3,411.472,181.972,50,100,0.8,1
trayectoria,18.06,0,400,300,0,0,2,1
trayectoria,18.06,1,405,300,-100,0,1,0
trayectoria,18.06,2,388.028,417.028,-50,-100,0.8,1
trayectoria,18.06,3,411.972,182.972,50,100,0.8,1
trayectoria,18.07,0,400,300,0,0,2,1
trayectoria,18.07,1,405,300,-100,0,1,0
trayectoria,18.07,2,387.528,416.028,-50,-100,0.8,1
trayectoria,18.07,3,412.472,183.972,50,100,0.8,1
trayectoria,18.08,0,400,300,0,0,2,1
trayectoria,18.08,1,405,300,-100,0,1,0
trayectoria,18.08,2,387.028,415.028,-50,-100,0.8,1
trayectoria,18.08,3,412.972,184.972,50,100,0.8,1
trayectoria,18.09,0,400,300,0,0,2,1
trayectoria,18.09,1,405,300,-100,0,1,0
trayectoria,18.09,2,386.528,414.028,-50,-100,0.8,1
trayectoria,18.09,3,413.472,185.972,50,100,0.8,1
trayectoria,18.1,0,400,300,0,0,2,1
trayectoria,18.1,1,405,300,-100,0,1,0
trayectoria,18.1,2,386.028,413.028,-50,-100,0.8,1
trayectoria,18.1,3,413.972,186.972,50,100,0.8,1
trayectoria,18.11,0,400,300,0,0,2,1
trayectoria,18.11,1,405,300,-100,0,1,0
trayectoria,18.11,2,385.528,412.028,-50,-100,0.8,1
trayectoria,18.11,3,414.472,187.972,50,100,0.8,1
trayectoria,18.12,0,400,300,0,0,2,1
trayectoria,18.12,1,405,300,-100,0,1,0
trayectoria,18.12,2,385.028,411.028,-50,-100,0.8,1
trayectoria,18.12,3,414.972,188.972,50,100,0.8,1
trayectoria,18.13,0,400,300,0,0,2,1
trayectoria,18.13,1,405,300,-100,0,1,0
trayectoria,18.13,2,384.528,410.028,-50,-100,0.8,1
trayectoria,18.13,3,415.472,189.972,50,100,0.8,1
trayectoria,18.14,0,400,300,0,0,2,1
trayectoria,18.14,1,405,300,-100,0,1,0
trayectoria,18.14,2,384.028,409.028,-50,-100,0.8,1
trayectoria,18.14,3,415.972,190.972,50,100,0.8,1
trayectoria,18.15,0,400,300,0,0,2,1
trayectoria,18.15,1,405,300,-100,0,1,0
trayectoria,18.15,2,383.528,408.028,-50,-100,0.8,1
trayectoria,18.15,3,416.472,191.972,50,100,0.8,1
trayectoria,18.16,0,400,300,0,0,2,1
trayectoria,18.16,1,405,300,-100,0,1,0
trayectoria,18.16,2,383.028,407.028,-50,-100,0.8,1
trayectoria,18.16,3,416.972,192.972,50,100,0.8,1
trayectoria,18.17,0,400,300,0,0,2,1
trayectoria,18.17,1,405,300,-100,0,1,0
trayectoria,18.17,2,382.528,406.028,-50,-100,0.8,1
trayectoria,18.17,3,417.472,193.972,50,100,0.8,1
trayectoria,18.18,0,400,300,0,0,2,1
trayectoria,18.18,1,405,300,-100,0,1,0
trayectoria,18.18,2,382.028,405.028,-50,-100,0.8,1
trayectoria,18.18,3,417.972,194.972,50,100,0.8,1
trayectoria,18.19,0,400,300,0,0,2,1
trayectoria,18.19,1,405,300,-100,0,1,0
trayectoria,18.19,2,381.528,404.028,-50,-100,0.8,1
trayectoria,18.19,3,418.472,195.972,50,100,0.8,1
trayectoria,18.2,0,400,300,0,0,2,1
trayectoria,18.2,1,405,300,-100,0,1,0
trayectoria,18.2,2,381.028,403.028,-50,-100,0.8,1
trayectoria,18.2,3,418.972,196.972,50,100,0.8,1
trayectoria,18.21,0,400,300,0,0,2,1
trayectoria,18.21,1,405,300,-100,0,1,0
trayectoria,18.21,2,380.528,402.028,-50,-100,0.8,1
trayectoria,18.21,3,419.472,197.972,50,100,0.8,1
trayectoria,18.22,0,400,300,0,0,2,1
trayectoria,18.22,1,405,300,-100,0,1,0
trayectoria,18.22,2,380.028,401.028,-50,-100,0.8,1
trayectoria,18.22,3,419.972,198.972,50,100,0.8,1
trayectoria,18.23,0,400,300,0,0,2,1
trayectoria,18.23,1,405,300,-100,0,1,0
trayectoria,18.23,2,379.528,400.028,-50,-100,0.8,1
trayectoria,18.23,3,420.472,199.972,50,100,0.8,1
trayectoria,18.24,0,400,300,0,0,2,1
trayectoria,18.24,1,405,300,-100,0,1,0
trayectoria,18.24,2,379.028,399.028,-50,-100,0.8,1
trayectoria,18.24,3,420.972,200.972,50,100,0.8,1
trayectoria,18.25,0,400,300,0,0,2,1
trayectoria,18.25,1,405,300,-100,0,1,0
trayectoria,18.25,2,378.528,398.028,-50,-100,0.8,1
trayectoria,18.25,3,421.472,201.972,50,100,0.8,1
trayectoria,18.26,0,400,300,0,0,2,1
trayectoria,18.26,1,405,300,-100,0,1,0
trayectoria,18.26,2,378.028,397.028,-50,-100,0.8,1
trayectoria,18.26,3,421.972,202.972,50,100,0.8,1
trayectoria,18.27,0,400,300,0,0,2,1
trayectoria,18.27,1,405,300,-100,0,1,0
trayectoria,18.27,2,377.528,396.028,-50,-100,0.8,1
trayectoria,18.27,3,422.472,203.972,50,100,0.8,1
trayectoria,18.28,0,400,300,0,0,2,1
trayectoria,18.28,1,405,300,-100,0,1,0
trayectoria,18.28,2,377.028,395.028,-50,-100,0.8,1
trayectoria,18.28,3,422.972,204.972,50,100,0.8,1
trayectoria,18.29,0,400,300,0,0,2,1
trayectoria,18.29,1,405,300,-100,0,1,0
trayectoria,18.29,2,376.528,394.028,-50,-100,0.8,1
trayectoria,18.29,3,423.472,205.972,50,100,0.8,1
trayectoria,18.3,0,400,300,0,0,2,1
trayectoria,18.3,1,405,300,-100,0,1,0
trayectoria,18.3,2,376.028,393.028,-50,-100,0.8,1
trayectoria,18.3,3,423.972,206.972,50,100,0.8,1
trayectoria,18.31,0,400,300,0,0,2,1
trayectoria,18.31,1,405,300,-100,0,1,0
trayectoria,18.31,2,375.528,392.028,-50,-100,0.8,1
trayectoria,18.31,3,424.472,207.972,50,100,0.8,1
trayectoria,18.32,0,400,300,0,0,2,1
trayectoria,18.32,1,405,300,-100,0,1,0
trayectoria,18.32,2,375.028,391.028,-50,-100,0.8,1
trayectoria,18.32,3,424.972,208.972,50,100,0.8,1
trayectoria,18.33,0,400,300,0,0,2,1
trayectoria,18.33,1,405,300,-100,0,1,0
trayectoria,18.33,2,374.528,390.028,-50,-100,0.8,1
trayectoria,18.33,3,425.472,209.972,50,100,0.8,1
trayectoria,18.34,0,400,300,0,0,2,1
trayectoria,18.34,1,405,300,-100,0,1,0
trayectoria,18.34,2,374.028,389.028,-50,-100,0.8,1
trayectoria,18.34,3,425.972,210.972,50,100,0.8,1
trayectoria,18.35,0,400,300,0,0,2,1
trayectoria,18.35,1,405,300,-100,0,1,0
trayectoria,18.35,2,373.528,388.028,-50,-100,0.8,1
trayectoria,18.35,3,426.472,211.972,50,100,0.8,1
trayectoria,18.36,0,400,300,0,0,2,1
trayectoria,18.36,1,405,300,-100,0,1,0
trayectoria,18.36,2,373.028,387.028,-50,-100,0.8,1
trayectoria,18.36,3,426.972,212.972,50,100,0.8,1
trayectoria,18.37,0,400,300,0,0,2,1
trayectoria,18.37,1,405,300,-100,0,1,0
trayectoria,18.37,2,372.528,386.028,-50,-100,0.8,1
trayectoria,18.37,3,427.472,213.972,50,100,0.8,1
trayectoria,18.38,0,400,300,0,0,2,1
trayectoria,18.38,1,405,300,-100,0,1,0
trayectoria,18.38,2,372.028,385.028,-50,-100,0.8,1
trayectoria,18.38,3,427.972,214.972,50,100,0.8,1
trayectoria,18.39,0,400,300,0,0,2,1
trayectoria,18.39,1,405,300,-100,0,1,0
trayectoria,18.39,2,371.528,384.028,-50,-100,0.8,1
trayectoria,18.39,3,428.472,215.972,50,100,0.8,1
trayectoria,18.4,0,400,300,0,0,2,1
trayectoria,18.4,1,405,300,-100,0,1,0
trayectoria,18.4,2,371.028,383.028,-50,-100,0.8,1
trayectoria,18.4,3,428.972,216.972,50,100,0.8,1
trayectoria,18.41,0,400,300,0,0,2,1
trayectoria,18.41,1,405,300,-100,0,1,0
trayectoria,18.41,2,370.528,382.028,-50,-100,0.8,1
trayectoria,18.41,3,429.472,217.972,50,100,0.8,1
trayectoria,18.42,0,400,300,0,0,2,1
trayectoria,18.42,1,405,300,-100,0,1,0
trayectoria,18.42,2,370.028,381.028,-50,-100,0.8,1
trayectoria,18.42,3,429.972,218.972,50,100,0.8,1
trayectoria,18.43,0,400,300,0,0,2,1
trayectoria,18.43,1,405,300,-100,0,1,0
trayectoria,18.43,2,369.528,380.028,-50,-100,0.8,1
trayectoria,18.43,3,430.472,219.972,50,100,0.8,1
trayectoria,18.44,0,400,300,0,0,2,1
trayectoria,18.44,1,405,300,-100,0,1,0
trayectoria,18.44,2,369.028,379.028,-50,-100,0.8,1
trayectoria,18.44,3,430.972,220.972,50,100,0.8,1
trayectoria,18.45,0,400,300,0,0,2,1
trayectoria,18.45,1,405,300,-100,0,1,0
trayectoria,18.45,2,368.528,378.028,-50,-100,0.8,1
trayectoria,18.45,3,431.472,221.972,50,100,0.8,1
trayectoria,18.46,0,400,300,0,0,2,1
trayectoria,18.46,1,405,300,-100,0,1,0
trayectoria,18.46,2,368.028,377.028,-50,-100,0.8,1
trayectoria,18.46,3,431.972,222.972,50,100,0.8,1
trayectoria,18.47,0,400,300,0,0,2,1
trayectoria,18.47,1,405,300,-100,0,1,0
trayectoria,18.47,2,367.528,376.028,-50,-100,0.8,1
trayectoria,18.47,3,432.472,223.972,50,100,0.8,1
trayectoria,18.48,0,400,300,0,0,2,1
trayectoria,18.48,1,405,300,-100,0,1,0
trayectoria,18.48,2,367.028,375.028,-50,-100,0.8,1
trayectoria,18.48,3,432.972,224.972,50,100,0.8,1
trayectoria,18.49,0,400,300,0,0,2,1
trayectoria,18.49,1,405,300,-100,0,1,0
trayectoria,18.49,2,366.528,374.028,-50,-100,0.8,1
trayectoria,18.49,3,433.472,225.972,50,100,0.8,1
trayectoria,18.5,0,400,300,0,0,2,1
trayectoria,18.5,1,405,300,-100,0,1,0
trayectoria,18.5,2,366.028,373.028,-50,-100,0.8,1
trayectoria,18.5,3,433.972,226.972,50,100,0.8,1
trayectoria,18.51,0,400,300,0,0,2,1
trayectoria,18.51,1,405,300,-100,0,1,0
trayectoria,18.51,2,365.528,372.028,-50,-100,0.8,1
trayectoria,18.51,3,434.472,227.972,50,100,0.8,1
trayectoria,18.52,0,400,300,0,0,2,1
trayectoria,18.52,1,405,300,-100,0,1,0
trayectoria,18.52,2,365.028,371.028,-50,-100,0.8,1
trayectoria,18.52,3,434.972,228.972,50,100,0.8,1
trayectoria,18.53,0,400,300,0,0,2,1
trayectoria,18.53,1,405,300,-100,0,1,0
trayectoria,18.53,2,364.528,370.028,-50,-100,0.8,1
trayectoria,18.53,3,435.472,229.972,50,100,0.8,1
trayectoria,18.54,0,400,300,0,0,2,1
trayectoria,18.54,1,405,300,-100,0,1,0
trayectoria,18.54,2,364.028,369.028,-50,-100,0.8,1
trayectoria,18.54,3,435.972,230.972,50,100,0.8,1
trayectoria,18.55,0,400,300,0,0,2,1
trayectoria,18.55,1,405,300,-100,0,1,0
trayectoria,18.55,2,363.528,368.028,-50,-100,0.8,1
trayectoria,18.55,3,436.472,231.972,50,100,0.8,1
trayectoria,18.56,0,400,300,0,0,2,1
trayectoria,18.56,1,405,300,-100,0,1,0
trayectoria,18.56,2,363.028,367.028,-50,-100,0.8,1
trayectoria,18.56,3,436.972,232.972,50,100,0.8,1
trayectoria,18.57,0,400,300,0,0,2,1
trayectoria,18.57,1,405,300,-100,0,1,0
trayectoria,18.57,2,362.528,366.028,-50,-100,0.8,1
trayectoria,18.57,3,437.472,233.972,50,100,0.8,1
trayectoria,18.58,0,400,300,0,0,2,1
trayectoria,18.58,1,405,300,-100,0,1,0
trayectoria,18.58,2,362.028,365.028,-50,-100,0.8,1
trayectoria,18.58,3,437.972,234.972,50,100,0.8,1
trayectoria,18.59,0,400,300,0,0,2,1
trayectoria,18.59,1,405,300,-100,0,1,0
trayectoria,18.59,2,361.528,364.028,-50,-100,0.8,1
trayectoria,18.59,3,438.472,235.972,50,100,0.8,1
trayectoria,18.6,0,400,300,0,0,2,1
trayectoria,18.6,1,405,300,-100,0,1,0
trayectoria,18.6,2,361.028,363.028,-50,-100,0.8,1
trayectoria,18.6,3,438.972,236.972,50,100,0.8,1
trayectoria,18.61,0,400,300,0,0,2,1
trayectoria,18.61,1,405,300,-100,0,1,0
trayectoria,18.61,2,360.528,362.028,-50,-100,0.8,1
trayectoria,18.61,3,439.472,237.972,50,100,0.8,1
trayectoria,18.62,0,400,300,0,0,2,1
trayectoria,18.62,1,405,300,-100,0,1,0
trayectoria,18.62,2,360.028,361.028,-50,-100,0.8,1
trayectoria,18.62,3,439.972,238.972,50,100,0.8,1
trayectoria,18.63,0,400,300,0,0,2,1
trayectoria,18.63,1,405,300,-100,0,1,0
trayectoria,18.63,2,359.528,360.028,-50,-100,0.8,1
trayectoria,18.63,3,440.472,239.972,50,100,0.8,1
trayectoria,18.64,0,400,300,0,0,2,1
trayectoria,18.64,1,405,300,-100,0,1,0
trayectoria,18.64,2,359.028,359.028,-50,-100,0.8,1
trayectoria,18.64,3,440.972,240.972,50,100,0.8,1
trayectoria,18.65,0,400,300,0,0,2,1
trayectoria,18.65,1,405,300,-100,0,1,0
trayectoria,18.65,2,358.528,358.028,-50,-100,0.8,1
trayectoria,18.65,3,441.472,241.972,50,100,0.8,1
trayectoria,18.66,0,400,300,0,0,2,1
trayectoria,18.66,1,405,300,-100,0,1,0
trayectoria,18.66,2,358.028,357.028,-50,-100,0.8,1
trayectoria,18.66,3,441.972,242.972,50,100,0.8,1
trayectoria,18.67,0,400,300,0,0,2,1
trayectoria,18.67,1,405,300,-100,0,1,0
trayectoria,18.67,2,357.528,356.028,-50,-100,0.8,1
trayectoria,18.67,3,442.472,243.972,50,100,0.8,1
trayectoria,18.68,0,400,300,0,0,2,1
trayectoria,18.68,1,405,300,-100,0,1,0
trayectoria,18.68,2,357.028,355.028,-50,-100,0.8,1
trayectoria,18.68,3,442.972,244.972,50,100,0.8,1
trayectoria,18.69,0,400,300,0,0,2,1
trayectoria,18.69,1,405,300,-100,0,1,0
trayectoria,18.69,2,356.528,354.028,-50,-100,0.8,1
trayectoria,18.69,3,443.472,245.972,50,100,0.8,1
trayectoria,18.7,0,400,300,0,0,2,1
trayectoria,18.7,1,405,300,-100,0,1,0
trayectoria,18.7,2,356.028,353.028,-50,-100,0.8,1
trayectoria,18.7,3,443.972,246.972,50,100,0.8,1
trayectoria,18.71,0,400,300,0,0,2,1
trayectoria,18.71,1,405,300,-100,0,1,0
trayectoria,18.71,2,355.528,352.028,-50,-100,0.8,1
trayectoria,18.71,3,444.472,247.972,50,100,0.8,1
trayectoria,18.72,0,400,300,0,0,2,1
trayectoria,18.72,1,405,300,-100,0,1,0
trayectoria,18.72,2,355.028,351.028,-50,-100,0.8,1
trayectoria,18.72,3,444.972,248.972,50,100,0.8,1
trayectoria,18.73,0,400,300,0,0,2,1
trayectoria,18.73,1,405,300,-100,0,1,0
trayectoria,18.73,2,354.528,350.028,-50,-100,0.8,1
trayectoria,18.73,3,445.472,249.972,50,100,0.8,1
trayectoria,18.74,0,400,300,0,0,2,1
trayectoria,18.74,1,405,300,-100,0,1,0
trayectoria,18.74,2,354.028,349.028,-50,-100,0.8,1
trayectoria,18.74,3,445.972,250.972,50,100,0.8,1
trayectoria,18.75,0,400,300,0,0,2,1
trayectoria,18.75,1,405,300,-100,0,1,0
trayectoria,18.75,2,353.528,348.028,-50,-100,0.8,1
trayectoria,18.75,3,446.472,251.972,50,100,0.8,1
trayectoria,18.76,0,400,300,0,0,2,1
trayectoria,18.76,1,405,300,-100,0,1,0
trayectoria,18.76,2,353.028,347.028,-50,-100,0.8,1
trayectoria,18.76,3,446.972,252.972,50,100,0.8,1
trayectoria,18.77,0,400,300,0,0,2,1
trayectoria,18.77,1,405,300,-100,0,1,0
trayectoria,18.77,2,352.528,346.028,-50,-100,0.8,1
trayectoria,18.77,3,447.472,253.972,50,100,0.8,1
trayectoria,18.78,0,400,300,0,0,2,1
trayectoria,18.78,1,405,300,-100,0,1,0
trayectoria,18.78,2,352.028,345.028,-50,-100,0.8,1
trayectoria,18.78,3,447.972,254.972,50,100,0.8,1
trayectoria,18.79,0,400,300,0,0,2,1
trayectoria,18.79,1,405,300,-100,0,1,0
trayectoria,18.79,2,351.528,344.028,-50,-100,0.8,1
trayectoria,18.79,3,448.472,255.972,50,100,0.8,1
trayectoria,18.8,0,400,300,0,0,2,1
trayectoria,18.8,1,405,300,-100,0,1,0
trayectoria,18.8,2,351.028,343.028,-50,-100,0.8,1
trayectoria,18.8,3,448.972,256.972,50,100,0.8,1
trayectoria,18.81,0,400,300,0,0,2,1
trayectoria,18.81,1,405,300,-100,0,1,0
trayectoria,18.81,2,350.528,342.028,-50,-100,0.8,1
trayectoria,18.81,3,449.472,257.972,50,100,0.8,1
trayectoria,18.82,0,400,300,0,0,2,1
trayectoria,18.82,1,405,300,-100,0,1,0
trayectoria,18.82,2,350.028,341.028,-50,-100,0.8,1
trayectoria,18.82,3,449.972,258.972,50,100,0.8,1
trayectoria,18.83,0,400,300,0,0,2,1
trayectoria,18.83,1,405,300,-100,0,1,0
trayectoria,18.83,2,349.528,340.028,-50,-100,0.8,1
trayectoria,18.83,3,450.472,259.972,50,100,0.8,1
trayectoria,18.84,0,400,300,0,0,2,1
trayectoria,18.84,1,405,300,-100,0,1,0
trayectoria,18.84,2,349.028,339.028,-50,-100,0.8,1
trayectoria,18.84,3,450.972,260.972,50,100,0.8,1
trayectoria,18.85,0,400,300,0,0,2,1
trayectoria,18.85,1,405,300,-100,0,1,0
trayectoria,18.85,2,348.528,338.028,-50,-100,0.8,1
trayectoria,18.85,3,451.472,261.972,50,100,0.8,1
trayectoria,18.86,0,400,300,0,0,2,1
trayectoria,18.86,1,405,300,-100,0,1,0
trayectoria,18.86,2,348.028,337.028,-50,-100,0.8,1
trayectoria,18.86,3,451.972,262.972,50,100,0.8,1
trayectoria,18.87,0,400,300,0,0,2,1
trayectoria,18.87,1,405,300,-100,0,1,0
trayectoria,18.87,2,347.528,336.028,-50,-100,0.8,1
trayectoria,18.87,3,452.472,263.972,50,100,0.8,1
trayectoria,18.88,0,400,300,0,0,2,1
trayectoria,18.88,1,405,300,-100,0,1,0
trayectoria,18.88,2,347.028,335.028,-50,-100,0.8,1
trayectoria,18.88,3,452.972,264.972,50,100,0.8,1
trayectoria,18.89,0,400,300,0,0,2,1
trayectoria,18.89,1,405,300,-100,0,1,0
trayectoria,18.89,2,346.528,334.028,-50,-100,0.8,1
trayectoria,18.89,3,453.472,265.972,50,100,0.8,1
trayectoria,18.9,0,400,300,0,0,2,1
trayectoria,18.9,1,405,300,-100,0,1,0
trayectoria,18.9,2,346.028,333.028,-50,-100,0.8,1
trayectoria,18.9,3,453.972,266.972,50,100,0.8,1
trayectoria,18.91,0,400,300,0,0,2,1
trayectoria,18.91,1,405,300,-100,0,1,0
trayectoria,18.91,2,345.528,332.028,-50,-100,0.8,1
trayectoria,18.91,3,454.472,267.972,50,100,0.8,1
trayectoria,18.92,0,400,300,0,0,2,1
trayectoria,18.92,1,405,300,-100,0,1,0
trayectoria,18.92,2,345.028,331.028,-50,-100,0.8,1
trayectoria,18.92,3,454.972,268.972,50,100,0.8,1
trayectoria,18.93,0,400,300,0,0,2,1
trayectoria,18.93,1,405,300,-100,0,1,0
trayectoria,18.93,2,344.528,330.028,-50,-100,0.8,1
trayectoria,18.93,3,455.472,269.972,50,100,0.8,1
trayectoria,18.94,0,400,300,0,0,2,1
trayectoria,18.94,1,405,300,-100,0,1,0
trayectoria,18.94,2,344.028,329.028,-50,-100,0.8,1
trayectoria,18.94,3,455.972,270.972,50,100,0.8,1
trayectoria,18.95,0,400,300,0,0,2,1
trayectoria,18.95,1,405,300,-100,0,1,0
trayectoria,18.95,2,343.528,328.028,-50,-100,0.8,1
trayectoria,18.95,3,456.472,271.972,50,100,0.8,1
trayectoria,18.96,0,400,300,0,0,2,1
trayectoria,18.96,1,405,300,-100,0,1,0
trayectoria,18.96,2,343.028,327.028,-50,-100,0.8,1
trayectoria,18.96,3,456.972,272.972,50,100,0.8,1
trayectoria,18.97,0,400,300,0,0,2,1
trayectoria,18.97,1,405,300,-100,0,1,0
trayectoria,18.97,2,342.528,326.028,-50,-100,0.8,1
trayectoria,18.97,3,457.472,273.972,50,100,0.8,1
trayectoria,18.98,0,400,300,0,0,2,1
trayectoria,18.98,1,405,300,-100,0,1,0
trayectoria,18.98,2,342.028,325.028,-50,-100,0.8,1
trayectoria,18.98,3,457.972,274.972,50,100,0.8,1
trayectoria,18.99,0,400,300,0,0,2,1
trayectoria,18.99,1,405,300,-100,0,1,0
trayectoria,18.99,2,341.528,324.028,-50,-100,0.8,1
trayectoria,18.99,3,458.472,275.972,50,100,0.8,1
trayectoria,19,0,400,300,0,0,2,1
trayectoria,19,1,405,300,-100,0,1,0
trayectoria,19,2,341.028,323.028,-50,-100,0.8,1
trayectoria,19,3,458.972,276.972,50,100,0.8,1
trayectoria,19.01,0,400,300,0,0,2,1
trayectoria,19.01,1,405,300,-100,0,1,0
trayectoria,19.01,2,340.528,322.028,-50,-100,0.8,1
trayectoria,19.01,3,459.472,277.972,50,100,0.8,1
trayectoria,19.02,0,400,300,0,0,2,1
trayectoria,19.02,1,405,300,-100,0,1,0
trayectoria,19.02,2,340.028,321.028,-50,-100,0.8,1
trayectoria,19.02,3,459.972,278.972,50,100,0.8,1
trayectoria,19.03,0,400,300,0,0,2,1
trayectoria,19.03,1,405,300,-100,0,1,0
trayectoria,19.03,2,339.528,320.028,-50,-100,0.8,1
trayectoria,19.03,3,460.472,279.972,50,100,0.8,1
trayectoria,19.04,0,400,300,0,0,2,1
trayectoria,19.04,1,405,300,-100,0,1,0
trayectoria,19.04,2,339.028,319.028,-50,-100,0.8,1
trayectoria,19.04,3,460.972,280.972,50,100,0.8,1
trayectoria,19.05,0,400,300,0,0,2,1
trayectoria,19.05,1,405,300,-100,0,1,0
trayectoria,19.05,2,338.528,318.028,-50,-100,0.8,1
trayectoria,19.05,3,461.472,281.972,50,100,0.8,1
trayectoria,19.06,0,400,300,0,0,2,1
trayectoria,19.06,1,405,300,-100,0,1,0
trayectoria,19.06,2,338.028,317.028,-50,-100,0.8,1
trayectoria,19.06,3,461.972,282.972,50,100,0.8,1
trayectoria,19.07,0,400,300,0,0,2,1
trayectoria,19.07,1,405,300,-100,0,1,0
trayectoria,19.07,2,337.528,316.028,-50,-100,0.8,1
trayectoria,19.07,3,462.472,283.972,50,100,0.8,1
trayectoria,19.08,0,400,300,0,0,2,1
trayectoria,19.08,1,405,300,-100,0,1,0
trayectoria,19.08,2,337.028,315.028,-50,-100,0.8,1
trayectoria,19.08,3,462.972,284.972,50,100,0.8,1
trayectoria,19.09,0,400,300,0,0,2,1
trayectoria,19.09,1,405,300,-100,0,1,0
trayectoria,19.09,2,336.528,314.028,-50,-100,0.8,1
trayectoria,19.09,3,463.472,285.972,50,100,0.8,1
trayectoria,19.1,0,400,300,0,0,2,1
trayectoria,19.1,1,405,300,-100,0,1,0
trayectoria,19.1,2,336.028,313.028,-50,-100,0.8,1
trayectoria,19.1,3,463.972,286.972,50,100,0.8,1
trayectoria,19.11,0,400,300,0,0,2,1
trayectoria,19.11,1,405,300,-100,0,1,0
trayectoria,19.11,2,335.528,312.028,-50,-100,0.8,1
trayectoria,19.11,3,464.472,287.972,50,100,0.8,1
trayectoria,19.12,0,400,300,0,0,2,1
trayectoria,19.12,1,405,300,-100,0,1,0
trayectoria,19.12,2,335.028,311.028,-50,-100,0.8,1
trayectoria,19.12,3,464.972,288.972,50,100,0.8,1
trayectoria,19.13,0,400,300,0,0,2,1
trayectoria,19.13,1,405,300,-100,0,1,0
trayectoria,19.13,2,334.528,310.028,-50,-100,0.8,1
trayectoria,19.13,3,465.472,289.972,50,100,0.8,1
trayectoria,19.14,0,400,300,0,0,2,1
trayectoria,19.14,1,405,300,-100,0,1,0
trayectoria,19.14,2,334.028,309.028,-50,-100,0.8,1
trayectoria,19.14,3,465.972,290.972,50,100,0.8,1
trayectoria,19.15,0,400,300,0,0,2,1
trayectoria,19.15,1,405,300,-100,0,1,0
trayectoria,19.15,2,333.528,308.028,-50,-100,0.8,1
trayectoria,19.15,3,466.472,291.972,50,100,0.8,1
trayectoria,19.16,0,400,300,0,0,2,1
trayectoria,19.16,1,405,300,-100,0,1,0
trayectoria,19.16,2,333.028,307.028,-50,-100,0.8,1
trayectoria,19.16,3,466.972,292.972,50,100,0.8,1
trayectoria,19.17,0,400,300,0,0,2,1
trayectoria,19.17,1,405,300,-100,0,1,0
trayectoria,19.17,2,332.528,306.028,-50,-100,0.8,1
trayectoria,19.17,3,467.472,293.972,50,100,0.8,1
trayectoria,19.18,0,400,300,0,0,2,1
trayectoria,19.18,1,405,300,-100,0,1,0
trayectoria,19.18,2,332.028,305.028,-50,-100,0.8,1
trayectoria,19.18,3,467.972,294.972,50,100,0.8,1
trayectoria,19.19,0,400,300,0,0,2,1
trayectoria,19.19,1,405,300,-100,0,1,0
trayectoria,19.19,2,331.528,304.028,-50,-100,0.8,1
trayectoria,19.19,3,468.472,295.972,50,100,0.8,1
trayectoria,19.2,0,400,300,0,0,2,1
trayectoria,19.2,1,405,300,-100,0,1,0
trayectoria,19.2,2,331.028,303.028,-50,-100,0.8,1
trayectoria,19.2,3,468.972,296.972,50,100,0.8,1
trayectoria,19.21,0,400,300,0,0,2,1
trayectoria,19.21,1,405,300,-100,0,1,0
trayectoria,19.21,2,330.528,302.028,-50,-100,0.8,1
trayectoria,19.21,3,469.472,297.972,50,100,0.8,1
trayectoria,19.22,0,400,300,0,0,2,1
trayectoria,19.22,1,405,300,-100,0,1,0
trayectoria,19.22,2,330.028,301.028,-50,-100,0.8,1
trayectoria,19.22,3,469.972,298.972,50,100,0.8,1
trayectoria,19.23,0,400,300,0,0,2,1
trayectoria,19.23,1,405,300,-100,0,1,0
trayectoria,19.23,2,329.528,300.028,-50,-100,0.8,1
trayectoria,19.23,3,470.472,299.972,50,100,0.8,1
trayectoria,19.24,0,400,300,0,0,2,1
trayectoria,19.24,1,405,300,-100,0,1,0
trayectoria,19.24,2,329.028,299.028,-50,-100,0.8,1
trayectoria,19.24,3,470.972,300.972,50,100,0.8,1
trayectoria,19.25,0,400,300,0,0,2,1
trayectoria,19.25,1,405,300,-100,0,1,0
trayectoria,19.25,2,328.528,298.028,-50,-100,0.8,1
trayectoria,19.25,3,471.472,301.972,50,100,0.8,1
trayectoria,19.26,0,400,300,0,0,2,1
trayectoria,19.26,1,405,300,-100,0,1,0
trayectoria,19.26,2,328.028,297.028,-50,-100,0.8,1
trayectoria,19.26,3,471.972,302.972,50,100,0.8,1
trayectoria,19.27,0,400,300,0,0,2,1
trayectoria,19.27,1,405,300,-100,0,1,0
trayectoria,19.27,2,327.528,296.028,-50,-100,0.8,1
trayectoria,19.27,3,472.472,303.972,50,100,0.8,1
trayectoria,19.28,0,400,300,0,0,2,1
trayectoria,19.28,1,405,300,-100,0,1,0
trayectoria,19.28,2,327.028,295.028,-50,-100,0.8,1
trayectoria,19.28,3,472.972,304.972,50,100,0.8,1
trayectoria,19.29,0,400,300,0,0,2,1
trayectoria,19.29,1,405,300,-100,0,1,0
trayectoria,19.29,2,326.528,294.028,-50,-100,0.8,1
trayectoria,19.29,3,473.472,305.972,50,100,0.8,1
trayectoria,19.3,0,400,300,0,0,2,1
trayectoria,19.3,1,405,300,-100,0,1,0
trayectoria,19.3,2,326.028,293.028,-50,-100,0.8,1
trayectoria,19.3,3,473.972,306.972,50,100,0.8,1
trayectoria,19.31,0,400,300,0,0,2,1
trayectoria,19.31,1,405,300,-100,0,1,0
trayectoria,19.31,2,325.528,292.028,-50,-100,0.8,1
trayectoria,19.31,3,474.472,307.972,50,100,0.8,1
trayectoria,19.32,0,400,300,0,0,2,1
trayectoria,19.32,1,405,300,-100,0,1,0
trayectoria,19.32,2,325.028,291.028,-50,-100,0.8,1
trayectoria,19.32,3,474.972,308.972,50,100,0.8,1
trayectoria,19.33,0,400,300,0,0,2,1
trayectoria,19.33,1,405,300,-100,0,1,0
trayectoria,19.33,2,324.528,290.028,-50,-100,0.8,1
trayectoria,19.33,3,475.472,309.972,50,100,0.8,1
trayectoria,19.34,0,400,300,0,0,2,1
trayectoria,19.34,1,405,300,-100,0,1,0
trayectoria,19.34,2,324.028,289.028,-50,-100,0.8,1
trayectoria,19.34,3,475.972,310.972,50,100,0.8,1
trayectoria,19.35,0,400,300,0,0,2,1
trayectoria,19.35,1,405,300,-100,0,1,0
trayectoria,19.35,2,323.528,288.028,-50,-100,0.8,1
trayectoria,19.35,3,476.472,311.972,50,100,0.8,1
trayectoria,19.36,0,400,300,0,0,2,1
trayectoria,19.36,1,405,300,-100,0,1,0
trayectoria,19.36,2,323.028,287.028,-50,-100,0.8,1
trayectoria,19.36,3,476.972,312.972,50,100,0.8,1
trayectoria,19.37,0,400,300,0,0,2,1
trayectoria,19.37,1,405,300,-100,0,1,0
trayectoria,19.37,2,322.528,286.028,-50,-100,0.8,1
trayectoria,19.37,3,477.472,313.972,50,100,0.8,1
trayectoria,19.38,0,400,300,0,0,2,1
trayectoria,19.38,1,405,300,-100,0,1,0
trayectoria,19.38,2,322.028,285.028,-50,-100,0.8,1
trayectoria,19.38,3,477.972,314.972,50,100,0.8,1
trayectoria,19.39,0,400,300,0,0,2,1
trayectoria,19.39,1,405,300,-100,0,1,0
trayectoria,19.39,2,321.528,284.028,-50,-100,0.8,1
trayectoria,19.39,3,478.472,315.972,50,100,0.8,1
trayectoria,19.4,0,400,300,0,0,2,1
trayectoria,19.4,1,405,300,-100,0,1,0
trayectoria,19.4,2,321.028,283.028,-50,-100,0.8,1
trayectoria,19.4,3,478.972,316.972,50,100,0.8,1
trayectoria,19.41,0,400,300,0,0,2,1
trayectoria,19.41,1,405,300,-100,0,1,0
trayectoria,19.41,2,320.528,282.028,-50,-100,0.8,1
trayectoria,19.41,3,479.472,317.972,50,100,0.8,1
trayectoria,19.42,0,400,300,0,0,2,1
trayectoria,19.42,1,405,300,-100,0,1,0
trayectoria,19.42,2,320.028,281.028,-50,-100,0.8,1
trayectoria,19.42,3,479.972,318.972,50,100,0.8,1
trayectoria,19.43,0,400,300,0,0,2,1
trayectoria,19.43,1,405,300,-100,0,1,0
trayectoria,19.43,2,319.528,280.028,-50,-100,0.8,1
trayectoria,19.43,3,480.472,319.972,50,100,0.8,1
trayectoria,19.44,0,400,300,0,0,2,1
trayectoria,19.44,1,405,300,-100,0,1,0
trayectoria,19.44,2,319.028,279.028,-50,-100,0.8,1
trayectoria,19.44,3,480.972,320.972,50,100,0.8,1
trayectoria,19.45,0,400,300,0,0,2,1
trayectoria,19.45,1,405,300,-100,0,1,0
trayectoria,19.45,2,318.528,278.028,-50,-100,0.8,1
trayectoria,19.45,3,481.472,321.972,50,100,0.8,1
trayectoria,19.46,0,400,300,0,0,2,1
trayectoria,19.46,1,405,300,-100,0,1,0
trayectoria,19.46,2,318.028,277.028,-50,-100,0.8,1
trayectoria,19.46,3,481.972,322.972,50,100,0.8,1
trayectoria,19.47,0,400,300,0,0,2,1
trayectoria,19.47,1,405,300,-100,0,1,0
trayectoria,19.47,2,317.528,276.028,-50,-100,0.8,1
trayectoria,19.47,3,482.472,323.972,50,100,0.8,1
trayectoria,19.48,0,400,300,0,0,2,1
trayectoria,19.48,1,405,300,-100,0,1,0
trayectoria,19.48,2,317.028,275.028,-50,-100,0.8,1
trayectoria,19.48,3,482.972,324.972,50,100,0.8,1
trayectoria,19.49,0,400,300,0,0,2,1
trayectoria,19.49,1,405,300,-100,0,1,0
trayectoria,19.49,2,316.528,274.028,-50,-100,0.8,1
trayectoria,19.49,3,483.472,325.972,50,100,0.8,1
trayectoria,19.5,0,400,300,0,0,2,1
trayectoria,19.5,1,405,300,-100,0,1,0
trayectoria,19.5,2,316.028,273.028,-50,-100,0.8,1
trayectoria,19.5,3,483.972,326.972,50,100,0.8,1
trayectoria,19.51,0,400,300,0,0,2,1
trayectoria,19.51,1,405,300,-100,0,1,0
trayectoria,19.51,2,315.528,272.028,-50,-100,0.8,1
trayectoria,19.51,3,484.472,327.972,50,100,0.8,1
trayectoria,19.52,0,400,300,0,0,2,1
trayectoria,19.52,1,405,300,-100,0,1,0
trayectoria,19.52,2,315.028,271.028,-50,-100,0.8,1
trayectoria,19.52,3,484.972,328.972,50,100,0.8,1
trayectoria,19.53,0,400,300,0,0,2,1
trayectoria,19.53,1,405,300,-100,0,1,0
trayectoria,19.53,2,314.528,270.028,-50,-100,0.8,1
trayectoria,19.53,3,485.472,329.972,50,100,0.8,1
trayectoria,19.54,0,400,300,0,0,2,1
trayectoria,19.54,1,405,300,-100,0,1,0
trayectoria,19.54,2,314.028,269.028,-50,-100,0.8,1
trayectoria,19.54,3,485.972,330.972,50,100,0.8,1
trayectoria,19.55,0,400,300,0,0,2,1
trayectoria,19.55,1,405,300,-100,0,1,0
trayectoria,19.55,2,313.528,268.028,-50,-100,0.8,1
trayectoria,19.55,3,486.472,331.972,50,100,0.8,1
trayectoria,19.56,0,400,300,0,0,2,1
trayectoria,19.56,1,405,300,-100,0,1,0
trayectoria,19.56,2,313.028,267.028,-50,-100,0.8,1
trayectoria,19.56,3,486.972,332.972,50,100,0.8,1
trayectoria,19.57,0,400,300,0,0,2,1
trayectoria,19.57,1,405,300,-100,0,1,0
trayectoria,19.57,2,312.528,266.028,-50,-100,0.8,1
trayectoria,19.57,3,487.472,333.972,50,100,0.8,1
trayectoria,19.58,0,400,300,0,0,2,1
trayectoria,19.58,1,405,300,-100,0,1,0
trayectoria,19.58,2,312.028,265.028,-50,-100,0.8,1
trayectoria,19.58,3,487.972,334.972,50,100,0.8,1
trayectoria,19.59,0,400,300,0,0,2,1
trayectoria,19.59,1,405,300,-100,0,1,0
trayectoria,19.59,2,311.528,264.028,-50,-100,0.8,1
trayectoria,19.59,3,488.472,335.972,50,100,0.8,1
trayectoria,19.6,0,400,300,0,0,2,1
trayectoria,19.6,1,405,300,-100,0,1,0
trayectoria,19.6,2,311.028,263.028,-50,-100,0.8,1
trayectoria,19.6,3,488.972,336.972,50,100,0.8,1
trayectoria,19.61,0,400,300,0,0,2,1
trayectoria,19.61,1,405,300,-100,0,1,0
trayectoria,19.61,2,310.528,262.028,-50,-100,0.8,1
trayectoria,19.61,3,489.472,337.972,50,100,0.8,1
trayectoria,19.62,0,400,300,0,0,2,1
trayectoria,19.62,1,405,300,-100,0,1,0
trayectoria,19.62,2,310.028,261.028,-50,-100,0.8,1
trayectoria,19.62,3,489.972,338.972,50,100,0.8,1
trayectoria,19.63,0,400,300,0,0,2,1
trayectoria,19.63,1,405,300,-100,0,1,0
trayectoria,19.63,2,309.528,260.028,-50,-100,0.8,1
trayectoria,19.63,3,490.472,339.972,50,100,0.8,1
trayectoria,19.64,0,400,300,0,0,2,1
trayectoria,19.64,1,405,300,-100,0,1,0
trayectoria,19.64,2,309.028,259.028,-50,-100,0.8,1
trayectoria,19.64,3,490.972,340.972,50,100,0.8,1
trayectoria,19.65,0,400,300,0,0,2,1
trayectoria,19.65,1,405,300,-100,0,1,0
trayectoria,19.65,2,308.528,258.028,-50,-100,0.8,1
trayectoria,19.65,3,491.472,341.972,50,100,0.8,1
trayectoria,19.66,0,400,300,0,0,2,1
trayectoria,19.66,1,405,300,-100,0,1,0
trayectoria,19.66,2,308.028,257.028,-50,-100,0.8,1
trayectoria,19.66,3,491.972,342.972,50,100,0.8,1
trayectoria,19.67,0,400,300,0,0,2,1
trayectoria,19.67,1,405,300,-100,0,1,0
trayectoria,19.67,2,307.528,256.028,-50,-100,0.8,1
trayectoria,19.67,3,492.472,343.972,50,100,0.8,1
trayectoria,19.68,0,400,300,0,0,2,1
trayectoria,19.68,1,405,300,-100,0,1,0
trayectoria,19.68,2,307.028,255.028,-50,-100,0.8,1
trayectoria,19.68,3,492.972,344.972,50,100,0.8,1
trayectoria,19.69,0,400,300,0,0,2,1
trayectoria,19.69,1,405,300,-100,0,1,0
trayectoria,19.69,2,306.528,254.028,-50,-100,0.8,1
trayectoria,19.69,3,493.472,345.972,50,100,0.8,1
trayectoria,19.7,0,400,300,0,0,2,1
trayectoria,19.7,1,405,300,-100,0,1,0
trayectoria,19.7,2,306.028,253.028,-50,-100,0.8,1
trayectoria,19.7,3,493.972,346.972,50,100,0.8,1
trayectoria,19.71,0,400,300,0,0,2,1
trayectoria,19.71,1,405,300,-100,0,1,0
trayectoria,19.71,2,305.528,252.028,-50,-100,0.8,1
trayectoria,19.71,3,494.472,347.972,50,100,0.8,1
trayectoria,19.72,0,400,300,0,0,2,1
trayectoria,19.72,1,405,300,-100,0,1,0
trayectoria,19.72,2,305.028,251.028,-50,-100,0.8,1
trayectoria,19.72,3,494.972,348.972,50,100,0.8,1
trayectoria,19.73,0,400,300,0,0,2,1
trayectoria,19.73,1,405,300,-100,0,1,0
trayectoria,19.73,2,304.528,250.028,-50,-100,0.8,1
trayectoria,19.73,3,495.472,349.972,50,100,0.8,1
trayectoria,19.74,0,400,300,0,0,2,1
trayectoria,19.74,1,405,300,-100,0,1,0
trayectoria,19.74,2,304.028,249.028,-50,-100,0.8,1
trayectoria,19.74,3,495.972,350.972,50,100,0.8,1
trayectoria,19.75,0,400,300,0,0,2,1
trayectoria,19.75,1,405,300,-100,0,1,0
trayectoria,19.75,2,303.528,248.028,-50,-100,0.8,1
trayectoria,19.75,3,496.472,351.972,50,100,0.8,1
trayectoria,19.76,0,400,300,0,0,2,1
trayectoria,19.76,1,405,300,-100,0,1,0
trayectoria,19.76,2,303.028,247.028,-50,-100,0.8,1
trayectoria,19.76,3,496.972,352.972,50,100,0.8,1
trayectoria,19.77,0,400,300,0,0,2,1
trayectoria,19.77,1,405,300,-100,0,1,0
trayectoria,19.77,2,302.528,246.028,-50,-100,0.8,1
trayectoria,19.77,3,497.472,353.972,50,100,0.8,1
trayectoria,19.78,0,400,300,0,0,2,1
trayectoria,19.78,1,405,300,-100,0,1,0
trayectoria,19.78,2,302.028,245.028,-50,-100,0.8,1
trayectoria,19.78,3,497.972,354.972,50,100,0.8,1
trayectoria,19.79,0,400,300,0,0,2,1
trayectoria,19.79,1,405,300,-100,0,1,0
trayectoria,19.79,2,301.528,244.028,-50,-100,0.8,1
trayectoria,19.79,3,498.472,355.972,50,100,0.8,1
trayectoria,19.8,0,400,300,0,0,2,1
trayectoria,19.8,1,405,300,-100,0,1,0
trayectoria,19.8,2,301.028,243.028,-50,-100,0.8,1
trayectoria,19.8,3,498.972,356.972,50,100,0.8,1
trayectoria,19.81,0,400,300,0,0,2,1
trayectoria,19.81,1,405,300,-100,0,1,0
trayectoria,19.81,2,300.528,242.028,-50,-100,0.8,1
trayectoria,19.81,3,499.472,357.972,50,100,0.8,1
trayectoria,19.82,0,400,300,0,0,2,1
trayectoria,19.82,1,405,300,-100,0,1,0
trayectoria,19.82,2,300.028,241.028,-50,-100,0.8,1
trayectoria,19.82,3,499.972,358.972,50,100,0.8,1
trayectoria,19.83,0,400,300,0,0,2,1
trayectoria,19.83,1,405,300,-100,0,1,0
trayectoria,19.83,2,299.528,240.028,-50,-100,0.8,1
trayectoria,19.83,3,500.472,359.972,50,100,0.8,1
trayectoria,19.84,0,400,300,0,0,2,1
trayectoria,19.84,1,405,300,-100,0,1,0
trayectoria,19.84,2,299.028,239.028,-50,-100,0.8,1
trayectoria,19.84,3,500.972,360.972,50,100,0.8,1
trayectoria,19.85,0,400,300,0,0,2,1
trayectoria,19.85,1,405,300,-100,0,1,0
trayectoria,19.85,2,298.528,238.028,-50,-100,0.8,1
trayectoria,19.85,3,501.472,361.972,50,100,0.8,1
trayectoria,19.86,0,400,300,0,0,2,1
trayectoria,19.86,1,405,300,-100,0,1,0
trayectoria,19.86,2,298.028,237.028,-50,-100,0.8,1
trayectoria,19.86,3,501.972,362.972,50,100,0.8,1
trayectoria,19.87,0,400,300,0,0,2,1
trayectoria,19.87,1,405,300,-100,0,1,0
trayectoria,19.87,2,297.528,236.028,-50,-100,0.8,1
trayectoria,19.87,3,502.472,363.972,50,100,0.8,1
trayectoria,19.88,0,400,300,0,0,2,1
trayectoria,19.88,1,405,300,-100,0,1,0
trayectoria,19.88,2,297.028,235.028,-50,-100,0.8,1
trayectoria,19.88,3,502.972,364.972,50,100,0.8,1
trayectoria,19.89,0,400,300,0,0,2,1
trayectoria,19.89,1,405,300,-100,0,1,0
trayectoria,19.89,2,296.528,234.028,-50,-100,0.8,1
trayectoria,19.89,3,503.472,365.972,50,100,0.8,1
trayectoria,19.9,0,400,300,0,0,2,1
trayectoria,19.9,1,405,300,-100,0,1,0
trayectoria,19.9,2,296.028,233.028,-50,-100,0.8,1
trayectoria,19.9,3,503.972,366.972,50,100,0.8,1
trayectoria,19.91,0,400,300,0,0,2,1
trayectoria,19.91,1,405,300,-100,0,1,0
trayectoria,19.91,2,295.528,232.028,-50,-100,0.8,1
trayectoria,19.91,3,504.472,367.972,50,100,0.8,1
trayectoria,19.92,0,400,300,0,0,2,1
trayectoria,19.92,1,405,300,-100,0,1,0
trayectoria,19.92,2,295.028,231.028,-50,-100,0.8,1
trayectoria,19.92,3,504.972,368.972,50,100,0.8,1
trayectoria,19.93,0,400,300,0,0,2,1
trayectoria,19.93,1,405,300,-100,0,1,0
trayectoria,19.93,2,294.528,230.028,-50,-100,0.8,1
trayectoria,19.93,3,505.472,369.972,50,100,0.8,1
trayectoria,19.94,0,400,300,0,0,2,1
trayectoria,19.94,1,405,300,-100,0,1,0
trayectoria,19.94,2,294.028,229.028,-50,-100,0.8,1
trayectoria,19.94,3,505.972,370.972,50,100,0.8,1
trayectoria,19.95,0,400,300,0,0,2,1
trayectoria,19.95,1,405,300,-100,0,1,0
trayectoria,19.95,2,293.528,228.028,-50,-100,0.8,1
trayectoria,19.95,3,506.472,371.972,50,100,0.8,1
trayectoria,19.96,0,400,300,0,0,2,1
trayectoria,19.96,1,405,300,-100,0,1,0
trayectoria,19.96,2,293.028,227.028,-50,-100,0.8,1
trayectoria,19.96,3,506.972,372.972,50,100,0.8,1
trayectoria,19.97,0,400,300,0,0,2,1
trayectoria,19.97,1,405,300,-100,0,1,0
trayectoria,19.97,2,292.528,226.028,-50,-100,0.8,1
trayectoria,19.97,3,507.472,373.972,50,100,0.8,1
trayectoria,19.98,0,400,300,0,0,2,1
trayectoria,19.98,1,405,300,-100,0,1,0
trayectoria,19.98,2,292.028,225.028,-50,-100,0.8,1
trayectoria,19.98,3,507.972,374.972,50,100,0.8,1
trayectoria,19.99,0,400,300,0,0,2,1
trayectoria,19.99,1,405,300,-100,0,1,0
trayectoria,19.99,2,291.528,224.028,-50,-100,0.8,1
trayectoria,19.99,3,508.472,375.972,50,100,0.8,1
trayectoria,20,0,400,300,0,0,2,1
trayectoria,20,1,405,300,-100,0,1,0
trayectoria,20,2,291.028,223.028,-50,-100,0.8,1
trayectoria,20,3,508.972,376.972,50,100,0.8,1
trayectoria,20.01,0,400,300,0,0,2,1
trayectoria,20.01,1,405,300,-100,0,1,0
trayectoria,20.01,2,290.528,222.028,-50,-100,0.8,1
trayectoria,20.01,3,509.472,377.972,50,100,0.8,1
trayectoria,20.02,0,400,300,0,0,2,1
trayectoria,20.02,1,405,300,-100,0,1,0
trayectoria,20.02,2,290.028,221.028,-50,-100,0.8,1
trayectoria,20.02,3,509.972,378.972,50,100,0.8,1
trayectoria,20.03,0,400,300,0,0,2,1
trayectoria,20.03,1,405,300,-100,0,1,0
trayectoria,20.03,2,289.528,220.028,-50,-100,0.8,1
trayectoria,20.03,3,510.472,379.972,50,100,0.8,1
trayectoria,20.04,0,400,300,0,0,2,1
trayectoria,20.04,1,405,300,-100,0,1,0
trayectoria,20.04,2,289.028,219.028,-50,-100,0.8,1
trayectoria,20.04,3,510.972,380.972,50,100,0.8,1
trayectoria,20.05,0,400,300,0,0,2,1
trayectoria,20.05,1,405,300,-100,0,1,0
trayectoria,20.05,2,288.528,218.028,-50,-100,0.8,1
trayectoria,20.05,3,511.472,381.972,50,100,0.8,1
trayectoria,20.06,0,400,300,0,0,2,1
trayectoria,20.06,1,405,300,-100,0,1,0
trayectoria,20.06,2,288.028,217.028,-50,-100,0.8,1
trayectoria,20.06,3,511.972,382.972,50,100,0.8,1
trayectoria,20.07,0,400,300,0,0,2,1
trayectoria,20.07,1,405,300,-100,0,1,0
trayectoria,20.07,2,287.528,216.028,-50,-100,0.8,1
trayectoria,20.07,3,512.472,383.972,50,100,0.8,1
trayectoria,20.08,0,400,300,0,0,2,1
trayectoria,20.08,1,405,300,-100,0,1,0
trayectoria,20.08,2,287.028,215.028,-50,-100,0.8,1
trayectoria,20.08,3,512.972,384.972,50,100,0.8,1
trayectoria,20.09,0,400,300,0,0,2,1
trayectoria,20.09,1,405,300,-100,0,1,0
trayectoria,20.09,2,286.528,214.028,-50,-100,0.8,1
trayectoria,20.09,3,513.472,385.972,50,100,0.8,1
trayectoria,20.1,0,400,300,0,0,2,1
trayectoria,20.1,1,405,300,-100,0,1,0
trayectoria,20.1,2,286.028,213.028,-50,-100,0.8,1
trayectoria,20.1,3,513.972,386.972,50,100,0.8,1
trayectoria,20.11,0,400,300,0,0,2,1
trayectoria,20.11,1,405,300,-100,0,1,0
trayectoria,20.11,2,285.528,212.028,-50,-100,0.8,1
trayectoria,20.11,3,514.472,387.972,50,100,0.8,1
trayectoria,20.12,0,400,300,0,0,2,1
trayectoria,20.12,1,405,300,-100,0,1,0
trayectoria,20.12,2,285.028,211.028,-50,-100,0.8,1
trayectoria,20.12,3,514.972,388.972,50,100,0.8,1
trayectoria,20.13,0,400,300,0,0,2,1
trayectoria,20.13,1,405,300,-100,0,1,0
trayectoria,20.13,2,284.528,210.028,-50,-100,0.8,1
trayectoria,20.13,3,515.472,389.972,50,100,0.8,1
trayectoria,20.14,0,400,300,0,0,2,1
trayectoria,20.14,1,405,300,-100,0,1,0
trayectoria,20.14,2,284.028,209.028,-50,-100,0.8,1
trayectoria,20.14,3,515.972,390.972,50,100,0.8,1
trayectoria,20.15,0,400,300,0,0,2,1
trayectoria,20.15,1,405,300,-100,0,1,0
trayectoria,20.15,2,283.528,208.028,-50,-100,0.8,1
trayectoria,20.15,3,516.472,391.972,50,100,0.8,1
trayectoria,20.16,0,400,300,0,0,2,1
trayectoria,20.16,1,405,300,-100,0,1,0
trayectoria,20.16,2,283.028,207.028,-50,-100,0.8,1
trayectoria,20.16,3,516.972,392.972,50,100,0.8,1
trayectoria,20.17,0,400,300,0,0,2,1
trayectoria,20.17,1,405,300,-100,0,1,0
trayectoria,20.17,2,282.528,206.028,-50,-100,0.8,1
trayectoria,20.17,3,517.472,393.972,50,100,0.8,1
trayectoria,20.18,0,400,300,0,0,2,1
trayectoria,20.18,1,405,300,-100,0,1,0
trayectoria,20.18,2,282.028,205.028,-50,-100,0.8,1
trayectoria,20.18,3,517.972,394.972,50,100,0.8,1
trayectoria,20.19,0,400,300,0,0,2,1
trayectoria,20.19,1,405,300,-100,0,1,0
trayectoria,20.19,2,281.528,204.028,-50,-100,0.8,1
trayectoria,20.19,3,518.472,395.972,50,100,0.8,1
trayectoria,20.2,0,400,300,0,0,2,1
trayectoria,20.2,1,405,300,-100,0,1,0
trayectoria,20.2,2,281.028,203.028,-50,-100,0.8,1
trayectoria,20.2,3,518.972,396.972,50,100,0.8,1
trayectoria,20.21,0,400,300,0,0,2,1
trayectoria,20.21,1,405,300,-100,0,1,0
trayectoria,20.21,2,280.528,202.028,-50,-100,0.8,1
trayectoria,20.21,3,519.472,397.972,50,100,0.8,1
trayectoria,20.22,0,400,300,0,0,2,1
trayectoria,20.22,1,405,300,-100,0,1,0
trayectoria,20.22,2,280.028,201.028,-50,-100,0.8,1
trayectoria,20.22,3,519.972,398.972,50,100,0.8,1
trayectoria,20.23,0,400,300,0,0,2,1
trayectoria,20.23,1,405,300,-100,0,1,0
trayectoria,20.23,2,279.528,200.028,-50,-100,0.8,1
trayectoria,20.23,3,520.472,399.972,50,100,0.8,1
trayectoria,20.24,0,400,300,0,0,2,1
trayectoria,20.24,1,405,300,-100,0,1,0
trayectoria,20.24,2,279.028,199.028,-50,-100,0.8,1
trayectoria,20.24,3,520.972,400.972,50,100,0.8,1
trayectoria,20.25,0,400,300,0,0,2,1
trayectoria,20.25,1,405,300,-100,0,1,0
trayectoria,20.25,2,278.528,198.028,-50,-100,0.8,1
trayectoria,20.25,3,521.472,401.972,50,100,0.8,1
trayectoria,20.26,0,400,300,0,0,2,1
trayectoria,20.26,1,405,300,-100,0,1,0
trayectoria,20.26,2,278.028,197.028,-50,-100,0.8,1
trayectoria,20.26,3,521.972,402.972,50,100,0.8,1
trayectoria,20.27,0,400,300,0,0,2,1
trayectoria,20.27,1,405,300,-100,0,1,0
trayectoria,20.27,2,277.528,196.028,-50,-100,0.8,1
trayectoria,20.27,3,522.472,403.972,50,100,0.8,1
trayectoria,20.28,0,400,300,0,0,2,1
trayectoria,20.28,1,405,300,-100,0,1,0
trayectoria,20.28,2,277.028,195.028,-50,-100,0.8,1
trayectoria,20.28,3,522.972,404.972,50,100,0.8,1
trayectoria,20.29,0,400,300,0,0,2,1
trayectoria,20.29,1,405,300,-100,0,1,0
trayectoria,20.29,2,276.528,194.028,-50,-100,0.8,1
trayectoria,20.29,3,523.472,405.972,50,100,0.8,1
trayectoria,20.3,0,400,300,0,0,2,1
trayectoria,20.3,1,405,300,-100,0,1,0
trayectoria,20.3,2,276.028,193.028,-50,-100,0.8,1
trayectoria,20.3,3,523.972,406.972,50,100,0.8,1
trayectoria,20.31,0,400,300,0,0,2,1
trayectoria,20.31,1,405,300,-100,0,1,0
trayectoria,20.31,2,275.528,192.028,-50,-100,0.8,1
trayectoria,20.31,3,524.472,407.972,50,100,0.8,1
trayectoria,20.32,0,400,300,0,0,2,1
trayectoria,20.32,1,405,300,-100,0,1,0
trayectoria,20.32,2,275.028,191.028,-50,-100,0.8,1
trayectoria,20.32,3,524.972,408.972,50,100,0.8,1
trayectoria,20.33,0,400,300,0,0,2,1
trayectoria,20.33,1,405,300,-100,0,1,0
trayectoria,20.33,2,274.528,190.028,-50,-100,0.8,1
trayectoria,20.33,3,525.472,409.972,50,100,0.8,1
trayectoria,20.34,0,400,300,0,0,2,1
trayectoria,20.34,1,405,300,-100,0,1,0
trayectoria,20.34,2,274.028,189.028,-50,-100,0.8,1
trayectoria,20.34,3,525.972,410.972,50,100,0.8,1
trayectoria,20.35,0,400,300,0,0,2,1
trayectoria,20.35,1,405,300,-100,0,1,0
trayectoria,20.35,2,273.528,188.028,-50,-100,0.8,1
trayectoria,20.35,3,526.472,411.972,50,100,0.8,1
trayectoria,20.36,0,400,300,0,0,2,1
trayectoria,20.36,1,405,300,-100,0,1,0
trayectoria,20.36,2,273.028,187.028,-50,-100,0.8,1
trayectoria,20.36,3,526.972,412.972,50,100,0.8,1
trayectoria,20.37,0,400,300,0,0,2,1
trayectoria,20.37,1,405,300,-100,0,1,0
trayectoria,20.37,2,272.528,186.028,-50,-100,0.8,1
trayectoria,20.37,3,527.472,413.972,50,100,0.8,1
trayectoria,20.38,0,400,300,0,0,2,1
trayectoria,20.38,1,405,300,-100,0,1,0
trayectoria,20.38,2,272.028,185.028,-50,-100,0.8,1
trayectoria,20.38,3,527.972,414.972,50,100,0.8,1
trayectoria,20.39,0,400,300,0,0,2,1
trayectoria,20.39,1,405,300,-100,0,1,0
trayectoria,20.39,2,271.528,184.028,-50,-100,0.8,1
trayectoria,20.39,3,528.472,415.972,50,100,0.8,1
trayectoria,20.4,0,400,300,0,0,2,1
trayectoria,20.4,1,405,300,-100,0,1,0
trayectoria,20.4,2,271.028,183.028,-50,-100,0.8,1
trayectoria,20.4,3,528.972,416.972,50,100,0.8,1
trayectoria,20.41,0,400,300,0,0,2,1
trayectoria,20.41,1,405,300,-100,0,1,0
trayectoria,20.41,2,270.528,182.028,-50,-100,0.8,1
trayectoria,20.41,3,529.472,417.972,50,100,0.8,1
trayectoria,20.42,0,400,300,0,0,2,1
trayectoria,20.42,1,405,300,-100,0,1,0
trayectoria,20.42,2,270.028,181.028,-50,-100,0.8,1
trayectoria,20.42,3,529.972,418.972,50,100,0.8,1
trayectoria,20.43,0,400,300,0,0,2,1
trayectoria,20.43,1,405,300,-100,0,1,0
trayectoria,20.43,2,269.528,180.028,-50,-100,0.8,1
trayectoria,20.43,3,530.472,419.972,50,100,0.8,1
trayectoria,20.44,0,400,300,0,0,2,1
trayectoria,20.44,1,405,300,-100,0,1,0
trayectoria,20.44,2,269.028,179.028,-50,-100,0.8,1
trayectoria,20.44,3,530.972,420.972,50,100,0.8,1
trayectoria,20.45,0,400,300,0,0,2,1
trayectoria,20.45,1,405,300,-100,0,1,0
trayectoria,20.45,2,268.528,178.028,-50,-100,0.8,1
trayectoria,20.45,3,531.472,421.972,50,100,0.8,1
trayectoria,20.46,0,400,300,0,0,2,1
trayectoria,20.46,1,405,300,-100,0,1,0
trayectoria,20.46,2,268.028,177.028,-50,-100,0.8,1
trayectoria,20.46,3,531.972,422.972,50,100,0.8,1
trayectoria,20.47,0,400,300,0,0,2,1
trayectoria,20.47,1,405,300,-100,0,1,0
trayectoria,20.47,2,267.528,176.028,-50,-100,0.8,1
trayectoria,20.47,3,532.472,423.972,50,100,0.8,1
trayectoria,20.48,0,400,300,0,0,2,1
trayectoria,20.48,1,405,300,-100,0,1,0
trayectoria,20.48,2,267.028,175.028,-50,-100,0.8,1
trayectoria,20.48,3,532.972,424.972,50,100,0.8,1
trayectoria,20.49,0,400,300,0,0,2,1
trayectoria,20.49,1,405,300,-100,0,1,0
trayectoria,20.49,2,266.528,174.028,-50,-100,0.8,1
trayectoria,20.49,3,533.472,425.972,50,100,0.8,1
trayectoria,20.5,0,400,300,0,0,2,1
trayectoria,20.5,1,405,300,-100,0,1,0
trayectoria,20.5,2,266.028,173.028,-50,-100,0.8,1
trayectoria,20.5,3,533.972,426.972,50,100,0.8,1
trayectoria,20.51,0,400,300,0,0,2,1
trayectoria,20.51,1,405,300,-100,0,1,0
trayectoria,20.51,2,265.528,172.028,-50,-100,0.8,1
trayectoria,20.51,3,534.472,427.972,50,100,0.8,1
trayectoria,20.52,0,400,300,0,0,2,1
trayectoria,20.52,1,405,300,-100,0,1,0
trayectoria,20.52,2,265.028,171.028,-50,-100,0.8,1
trayectoria,20.52,3,534.972,428.972,50,100,0.8,1
trayectoria,20.53,0,400,300,0,0,2,1
trayectoria,20.53,1,405,300,-100,0,1,0
trayectoria,20.53,2,264.528,170.028,-50,-100,0.8,1
trayectoria,20.53,3,535.472,429.972,50,100,0.8,1
trayectoria,20.54,0,400,300,0,0,2,1
trayectoria,20.54,1,405,300,-100,0,1,0
trayectoria,20.54,2,264.028,169.028,-50,-100,0.8,1
trayectoria,20.54,3,535.972,430.972,50,100,0.8,1
trayectoria,20.55,0,400,300,0,0,2,1
trayectoria,20.55,1,405,300,-100,0,1,0
trayectoria,20.55,2,263.528,168.028,-50,-100,0.8,1
trayectoria,20.55,3,536.472,431.972,50,100,0.8,1
trayectoria,20.56,0,400,300,0,0,2,1
trayectoria,20.56,1,405,300,-100,0,1,0
trayectoria,20.56,2,263.028,167.028,-50,-100,0.8,1
trayectoria,20.56,3,536.972,432.972,50,100,0.8,1
trayectoria,20.57,0,400,300,0,0,2,1
trayectoria,20.57,1,405,300,-100,0,1,0
trayectoria,20.57,2,262.528,166.028,-50,-100,0.8,1
trayectoria,20.57,3,537.472,433.972,50,100,0.8,1
trayectoria,20.58,0,400,300,0,0,2,1
trayectoria,20.58,1,405,300,-100,0,1,0
trayectoria,20.58,2,262.028,165.028,-50,-100,0.8,1
trayectoria,20.58,3,537.972,434.972,50,100,0.8,1
trayectoria,20.59,0,400,300,0,0,2,1
trayectoria,20.59,1,405,300,-100,0,1,0
trayectoria,20.59,2,261.528,164.028,-50,-100,0.8,1
trayectoria,20.59,3,538.472,435.972,50,100,0.8,1
trayectoria,20.6,0,400,300,0,0,2,1
trayectoria,20.6,1,405,300,-100,0,1,0
trayectoria,20.6,2,261.028,163.028,-50,-100,0.8,1
trayectoria,20.6,3,538.972,436.972,50,100,0.8,1
trayectoria,20.61,0,400,300,0,0,2,1
trayectoria,20.61,1,405,300,-100,0,1,0
trayectoria,20.61,2,260.528,162.028,-50,-100,0.8,1
trayectoria,20.61,3,539.472,437.972,50,100,0.8,1
trayectoria,20.62,0,400,300,0,0,2,1
trayectoria,20.62,1,405,300,-100,0,1,0
trayectoria,20.62,2,260.028,161.028,-50,-100,0.8,1
trayectoria,20.62,3,539.972,438.972,50,100,0.8,1
trayectoria,20.63,0,400,300,0,0,2,1
trayectoria,20.63,1,405,300,-100,0,1,0
trayectoria,20.63,2,259.528,160.028,-50,-100,0.8,1
trayectoria,20.63,3,540.472,439.972,50,100,0.8,1
trayectoria,20.64,0,400,300,0,0,2,1
trayectoria,20.64,1,405,300,-100,0,1,0
trayectoria,20.64,2,259.028,159.028,-50,-100,0.8,1
trayectoria,20.64,3,540.972,440.972,50,100,0.8,1
trayectoria,20.65,0,400,300,0,0,2,1
trayectoria,20.65,1,405,300,-100,0,1,0
trayectoria,20.65,2,258.528,158.028,-50,-100,0.8,1
trayectoria,20.65,3,541.472,441.972,50,100,0.8,1
trayectoria,20.66,0,400,300,0,0,2,1
trayectoria,20.66,1,405,300,-100,0,1,0
trayectoria,20.66,2,258.028,157.028,-50,-100,0.8,1
trayectoria,20.66,3,541.972,442.972,50,100,0.8,1
trayectoria,20.67,0,400,300,0,0,2,1
trayectoria,20.67,1,405,300,-100,0,1,0
trayectoria,20.67,2,257.528,156.028,-50,-100,0.8,1
trayectoria,20.67,3,542.472,443.972,50,100,0.8,1
trayectoria,20.68,0,400,300,0,0,2,1
trayectoria,20.68,1,405,300,-100,0,1,0
trayectoria,20.68,2,257.028,155.028,-50,-100,0.8,1
trayectoria,20.68,3,542.972,444.972,50,100,0.8,1
trayectoria,20.69,0,400,300,0,0,2,1
trayectoria,20.69,1,405,300,-100,0,1,0
trayectoria,20.69,2,256.528,154.028,-50,-100,0.8,1
trayectoria,20.69,3,543.472,445.972,50,100,0.8,1
trayectoria,20.7,0,400,300,0,0,2,1
trayectoria,20.7,1,405,300,-100,0,1,0
trayectoria,20.7,2,256.028,153.028,-50,-100,0.8,1
trayectoria,20.7,3,543.972,446.972,50,100,0.8,1
trayectoria,20.71,0,400,300,0,0,2,1
trayectoria,20.71,1,405,300,-100,0,1,0
trayectoria,20.71,2,255.528,152.028,-50,-100,0.8,1
trayectoria,20.71,3,544.472,447.972,50,100,0.8,1
trayectoria,20.72,0,400,300,0,0,2,1
trayectoria,20.72,1,405,300,-100,0,1,0
trayectoria,20.72,2,255.028,151.028,-50,-100,0.8,1
trayectoria,20.72,3,544.972,448.972,50,100,0.8,1
trayectoria,20.73,0,400,300,0,0,2,1
trayectoria,20.73,1,405,300,-100,0,1,0
trayectoria,20.73,2,254.528,150.028,-50,-100,0.8,1
trayectoria,20.73,3,545.472,449.972,50,100,0.8,1
trayectoria,20.74,0,400,300,0,0,2,1
trayectoria,20.74,1,405,300,-100,0,1,0
trayectoria,20.74,2,254.028,149.028,-50,-100,0.8,1
trayectoria,20.74,3,545.972,450.972,50,100,0.8,1
trayectoria,20.75,0,400,300,0,0,2,1
trayectoria,20.75,1,405,300,-100,0,1,0
trayectoria,20.75,2,253.528,148.028,-50,-100,0.8,1
trayectoria,20.75,3,546.472,451.972,50,100,0.8,1
trayectoria,20.76,0,400,300,0,0,2,1
trayectoria,20.76,1,405,300,-100,0,1,0
trayectoria,20.76,2,253.028,147.028,-50,-100,0.8,1
trayectoria,20.76,3,546.972,452.972,50,100,0.8,1
trayectoria,20.77,0,400,300,0,0,2,1
trayectoria,20.77,1,405,300,-100,0,1,0
trayectoria,20.77,2,252.528,146.028,-50,-100,0.8,1
trayectoria,20.77,3,547.472,453.972,50,100,0.8,1
trayectoria,20.78,0,400,300,0,0,2,1
trayectoria,20.78,1,405,300,-100,0,1,0
trayectoria,20.78,2,252.028,145.028,-50,-100,0.8,1
trayectoria,20.78,3,547.972,454.972,50,100,0.8,1
trayectoria,20.79,0,400,300,0,0,2,1
trayectoria,20.79,1,405,300,-100,0,1,0
trayectoria,20.79,2,251.528,144.028,-50,-100,0.8,1
trayectoria,20.79,3,548.472,455.972,50,100,0.8,1
trayectoria,20.8,0,400,300,0,0,2,1
trayectoria,20.8,1,405,300,-100,0,1,0
trayectoria,20.8,2,251.028,143.028,-50,-100,0.8,1
trayectoria,20.8,3,548.972,456.972,50,100,0.8,1
trayectoria,20.81,0,400,300,0,0,2,1
trayectoria,20.81,1,405,300,-100,0,1,0
trayectoria,20.81,2,250.528,142.028,-50,-100,0.8,1
trayectoria,20.81,3,549.472,457.972,50,100,0.8,1
trayectoria,20.82,0,400,300,0,0,2,1
trayectoria,20.82,1,405,300,-100,0,1,0
trayectoria,20.82,2,250.028,141.028,-50,-100,0.8,1
trayectoria,20.82,3,549.972,458.972,50,100,0.8,1
trayectoria,20.83,0,400,300,0,0,2,1
trayectoria,20.83,1,405,300,-100,0,1,0
trayectoria,20.83,2,249.528,140.028,-50,-100,0.8,1
trayectoria,20.83,3,550.472,459.972,50,100,0.8,1
trayectoria,20.84,0,400,300,0,0,2,1
trayectoria,20.84,1,405,300,-100,0,1,0
trayectoria,20.84,2,249.028,139.028,-50,-100,0.8,1
trayectoria,20.84,3,550.972,460.972,50,100,0.8,1
trayectoria,20.85,0,400,300,0,0,2,1
trayectoria,20.85,1,405,300,-100,0,1,0
trayectoria,20.85,2,248.528,138.028,-50,-100,0.8,1
trayectoria,20.85,3,551.472,461.972,50,100,0.8,1
trayectoria,20.86,0,400,300,0,0,2,1
trayectoria,20.86,1,405,300,-100,0,1,0
trayectoria,20.86,2,248.028,137.028,-50,-100,0.8,1
trayectoria,20.86,3,551.972,462.972,50,100,0.8,1
trayectoria,20.87,0,400,300,0,0,2,1
trayectoria,20.87,1,405,300,-100,0,1,0
trayectoria,20.87,2,247.528,136.028,-50,-100,0.8,1
trayectoria,20.87,3,552.472,463.972,50,100,0.8,1
trayectoria,20.88,0,400,300,0,0,2,1
trayectoria,20.88,1,405,300,-100,0,1,0
trayectoria,20.88,2,247.028,135.028,-50,-100,0.8,1
trayectoria,20.88,3,552.972,464.972,50,100,0.8,1
trayectoria,20.89,0,400,300,0,0,2,1
trayectoria,20.89,1,405,300,-100,0,1,0
trayectoria,20.89,2,246.528,134.028,-50,-100,0.8,1
trayectoria,20.89,3,553.472,465.972,50,100,0.8,1
trayectoria,20.9,0,400,300,0,0,2,1
trayectoria,20.9,1,405,300,-100,0,1,0
trayectoria,20.9,2,246.028,133.028,-50,-100,0.8,1
trayectoria,20.9,3,553.972,466.972,50,100,0.8,1
trayectoria,20.91,0,400,300,0,0,2,1
trayectoria,20.91,1,405,300,-100,0,1,0
trayectoria,20.91,2,245.528,132.028,-50,-100,0.8,1
trayectoria,20.91,3,554.472,467.972,50,100,0.8,1
trayectoria,20.92,0,400,300,0,0,2,1
trayectoria,20.92,1,405,300,-100,0,1,0
trayectoria,20.92,2,245.028,131.028,-50,-100,0.8,1
trayectoria,20.92,3,554.972,468.972,50,100,0.8,1
trayectoria,20.93,0,400,300,0,0,2,1
trayectoria,20.93,1,405,300,-100,0,1,0
trayectoria,20.93,2,244.528,130.028,-50,-100,0.8,1
trayectoria,20.93,3,555.472,469.972,50,100,0.8,1
trayectoria,20.94,0,400,300,0,0,2,1
trayectoria,20.94,1,405,300,-100,0,1,0
trayectoria,20.94,2,244.028,129.028,-50,-100,0.8,1
trayectoria,20.94,3,555.972,470.972,50,100,0.8,1
trayectoria,20.95,0,400,300,0,0,2,1
trayectoria,20.95,1,405,300,-100,0,1,0
trayectoria,20.95,2,243.528,128.028,-50,-100,0.8,1
trayectoria,20.95,3,556.472,471.972,50,100,0.8,1
trayectoria,20.96,0,400,300,0,0,2,1
trayectoria,20.96,1,405,300,-100,0,1,0
trayectoria,20.96,2,243.028,127.028,-50,-100,0.8,1
trayectoria,20.96,3,556.972,472.972,50,100,0.8,1
trayectoria,20.97,0,400,300,0,0,2,1
trayectoria,20.97,1,405,300,-100,0,1,0
trayectoria,20.97,2,242.528,126.028,-50,-100,0.8,1
trayectoria,20.97,3,557.472,473.972,50,100,0.8,1
trayectoria,20.98,0,400,300,0,0,2,1
trayectoria,20.98,1,405,300,-100,0,1,0
trayectoria,20.98,2,242.028,125.028,-50,-100,0.8,1
trayectoria,20.98,3,557.972,474.972,50,100,0.8,1
trayectoria,20.99,0,400,300,0,0,2,1
trayectoria,20.99,1,405,300,-100,0,1,0
trayectoria,20.99,2,241.528,124.028,-50,-100,0.8,1
trayectoria,20.99,3,558.472,475.972,50,100,0.8,1
trayectoria,21,0,400,300,0,0,2,1
trayectoria,21,1,405,300,-100,0,1,0
trayectoria,21,2,241.028,123.028,-50,-100,0.8,1
trayectoria,21,3,558.972,476.972,50,100,0.8,1
trayectoria,21.01,0,400,300,0,0,2,1
trayectoria,21.01,1,405,300,-100,0,1,0
trayectoria,21.01,2,240.528,122.028,-50,-100,0.8,1
trayectoria,21.01,3,559.472,477.972,50,100,0.8,1
trayectoria,21.02,0,400,300,0,0,2,1
trayectoria,21.02,1,405,300,-100,0,1,0
trayectoria,21.02,2,240.028,121.028,-50,-100,0.8,1
trayectoria,21.02,3,559.972,478.972,50,100,0.8,1
trayectoria,21.03,0,400,300,0,0,2,1
trayectoria,21.03,1,405,300,-100,0,1,0
trayectoria,21.03,2,239.528,120.028,-50,-100,0.8,1
trayectoria,21.03,3,560.472,479.972,50,100,0.8,1
trayectoria,21.04,0,400,300,0,0,2,1
trayectoria,21.04,1,405,300,-100,0,1,0
trayectoria,21.04,2,239.028,119.028,-50,-100,0.8,1
trayectoria,21.04,3,560.972,480.972,50,100,0.8,1
trayectoria,21.05,0,400,300,0,0,2,1
trayectoria,21.05,1,405,300,-100,0,1,0
trayectoria,21.05,2,238.528,118.028,-50,-100,0.8,1
trayectoria,21.05,3,561.472,481.972,50,100,0.8,1
trayectoria,21.06,0,400,300,0,0,2,1
trayectoria,21.06,1,405,300,-100,0,1,0
trayectoria,21.06,2,238.028,117.028,-50,-100,0.8,1
trayectoria,21.06,3,561.972,482.972,50,100,0.8,1
trayectoria,21.07,0,400,300,0,0,2,1
trayectoria,21.07,1,405,300,-100,0,1,0
trayectoria,21.07,2,237.528,116.028,-50,-100,0.8,1
trayectoria,21.07,3,562.472,483.972,50,100,0.8,1
trayectoria,21.08,0,400,300,0,0,2,1
trayectoria,21.08,1,405,300,-100,0,1,0
trayectoria,21.08,2,237.028,115.028,-50,-100,0.8,1
trayectoria,21.08,3,562.972,484.972,50,100,0.8,1
trayectoria,21.09,0,400,300,0,0,2,1
trayectoria,21.09,1,405,300,-100,0,1,0
trayectoria,21.09,2,236.528,114.028,-50,-100,0.8,1
trayectoria,21.09,3,563.472,485.972,50,100,0.8,1
trayectoria,21.1,0,400,300,0,0,2,1
trayectoria,21.1,1,405,300,-100,0,1,0
trayectoria,21.1,2,236.028,113.028,-50,-100,0.8,1
trayectoria,21.1,3,563.972,486.972,50,100,0.8,1
trayectoria,21.11,0,400,300,0,0,2,1
trayectoria,21.11,1,405,300,-100,0,1,0
trayectoria,21.11,2,235.528,112.028,-50,-100,0.8,1
trayectoria,21.11,3,564.472,487.972,50,100,0.8,1
trayectoria,21.12,0,400,300,0,0,2,1
trayectoria,21.12,1,405,300,-100,0,1,0
trayectoria,21.12,2,235.028,111.028,-50,-100,0.8,1
trayectoria,21.12,3,564.972,488.972,50,100,0.8,1
trayectoria,21.13,0,400,300,0,0,2,1
trayectoria,21.13,1,405,300,-100,0,1,0
trayectoria,21.13,2,234.528,110.028,-50,-100,0.8,1
trayectoria,21.13,3,565.472,489.972,50,100,0.8,1
trayectoria,21.14,0,400,300,0,0,2,1
trayectoria,21.14,1,405,300,-100,0,1,0
trayectoria,21.14,2,234.028,109.028,-50,-100,0.8,1
trayectoria,21.14,3,565.972,490.972,50,100,0.8,1
trayectoria,21.15,0,400,300,0,0,2,1
trayectoria,21.15,1,405,300,-100,0,1,0
trayectoria,21.15,2,233.528,108.028,-50,-100,0.8,1
trayectoria,21.15,3,566.472,491.972,50,100,0.8,1
trayectoria,21.16,0,400,300,0,0,2,1
trayectoria,21.16,1,405,300,-100,0,1,0
trayectoria,21.16,2,233.028,107.028,-50,-100,0.8,1
trayectoria,21.16,3,566.972,492.972,50,100,0.8,1
trayectoria,21.17,0,400,300,0,0,2,1
trayectoria,21.17,1,405,300,-100,0,1,0
trayectoria,21.17,2,232.528,106.028,-50,-100,0.8,1
trayectoria,21.17,3,567.472,493.972,50,100,0.8,1
trayectoria,21.18,0,400,300,0,0,2,1
trayectoria,21.18,1,405,300,-100,0,1,0
trayectoria,21.18,2,232.028,105.028,-50,-100,0.8,1
trayectoria,21.18,3,567.972,494.972,50,100,0.8,1
trayectoria,21.19,0,400,300,0,0,2,1
trayectoria,21.19,1,405,300,-100,0,1,0
trayectoria,21.19,2,231.528,104.028,-50,-100,0.8,1
trayectoria,21.19,3,568.472,495.972,50,100,0.8,1
trayectoria,21.2,0,400,300,0,0,2,1
trayectoria,21.2,1,405,300,-100,0,1,0
trayectoria,21.2,2,231.028,103.028,-50,-100,0.8,1
trayectoria,21.2,3,568.972,496.972,50,100,0.8,1
trayectoria,21.21,0,400,300,0,0,2,1
trayectoria,21.21,1,405,300,-100,0,1,0
trayectoria,21.21,2,230.528,102.028,-50,-100,0.8,1
trayectoria,21.21,3,569.472,497.972,50,100,0.8,1
trayectoria,21.22,0,400,300,0,0,2,1
trayectoria,21.22,1,405,300,-100,0,1,0
trayectoria,21.22,2,230.028,101.028,-50,-100,0.8,1
trayectoria,21.22,3,569.972,498.972,50,100,0.8,1
trayectoria,21.23,0,400,300,0,0,2,1
trayectoria,21.23,1,405,300,-100,0,1,0
trayectoria,21.23,2,229.528,100.028,-50,-100,0.8,1
trayectoria,21.23,3,570.472,499.972,50,100,0.8,1
trayectoria,21.24,0,400,300,0,0,2,1
trayectoria,21.24,1,405,300,-100,0,1,0
trayectoria,21.24,2,229.028,99.0279,-50,-100,0.8,1
trayectoria,21.24,3,570.972,500.972,50,100,0.8,1
trayectoria,21.25,0,400,300,0,0,2,1
trayectoria,21.25,1,405,300,-100,0,1,0
trayectoria,21.25,2,228.528,98.0279,-50,-100,0.8,1
trayectoria,21.25,3,571.472,501.972,50,100,0.8,1
trayectoria,21.26,0,400,300,0,0,2,1
trayectoria,21.26,1,405,300,-100,0,1,0
trayectoria,21.26,2,228.028,97.0279,-50,-100,0.8,1
trayectoria,21.26,3,571.972,502.972,50,100,0.8,1
trayectoria,21.27,0,400,300,0,0,2,1
trayectoria,21.27,1,405,300,-100,0,1,0
trayectoria,21.27,2,227.528,96.0279,-50,-100,0.8,1
trayectoria,21.27,3,572.472,503.972,50,100,0.8,1
trayectoria,21.28,0,400,300,0,0,2,1
trayectoria,21.28,1,405,300,-100,0,1,0
trayectoria,21.28,2,227.028,95.0279,-50,-100,0.8,1
trayectoria,21.28,3,572.972,504.972,50,100,0.8,1
trayectoria,21.29,0,400,300,0,0,2,1
trayectoria,21.29,1,405,300,-100,0,1,0
trayectoria,21.29,2,226.528,94.0279,-50,-100,0.8,1
trayectoria,21.29,3,573.472,505.972,50,100,0.8,1
trayectoria,21.3,0,400,300,0,0,2,1
trayectoria,21.3,1,405,300,-100,0,1,0
trayectoria,21.3,2,226.028,93.0279,-50,-100,0.8,1
trayectoria,21.3,3,573.972,506.972,50,100,0.8,1
trayectoria,21.31,0,400,300,0,0,2,1
trayectoria,21.31,1,405,300,-100,0,1,0
trayectoria,21.31,2,225.528,92.0279,-50,-100,0.8,1
trayectoria,21.31,3,574.472,507.972,50,100,0.8,1
trayectoria,21.32,0,400,300,0,0,2,1
trayectoria,21.32,1,405,300,-100,0,1,0
trayectoria,21.32,2,225.028,91.0279,-50,-100,0.8,1
trayectoria,21.32,3,574.972,508.972,50,100,0.8,1
trayectoria,21.33,0,400,300,0,0,2,1
trayectoria,21.33,1,405,300,-100,0,1,0
trayectoria,21.33,2,224.528,90.0279,-50,-100,0.8,1
trayectoria,21.33,3,575.472,509.972,50,100,0.8,1
trayectoria,21.34,0,400,300,0,0,2,1
trayectoria,21.34,1,405,300,-100,0,1,0
trayectoria,21.34,2,224.028,89.0279,-50,-100,0.8,1
trayectoria,21.34,3,575.972,510.972,50,100,0.8,1
trayectoria,21.35,0,400,300,0,0,2,1
trayectoria,21.35,1,405,300,-100,0,1,0
trayectoria,21.35,2,223.528,88.0279,-50,-100,0.8,1
trayectoria,21.35,3,576.472,511.972,50,100,0.8,1
trayectoria,21.36,0,400,300,0,0,2,1
trayectoria,21.36,1,405,300,-100,0,1,0
trayectoria,21.36,2,223.028,87.0279,-50,-100,0.8,1
trayectoria,21.36,3,576.972,512.972,50,100,0.8,1
trayectoria,21.37,0,400,300,0,0,2,1
trayectoria,21.37,1,405,300,-100,0,1,0
trayectoria,21.37,2,222.528,86.0279,-50,-100,0.8,1
trayectoria,21.37,3,577.472,513.972,50,100,0.8,1
trayectoria,21.38,0,400,300,0,0,2,1
trayectoria,21.38,1,405,300,-100,0,1,0
trayectoria,21.38,2,222.028,85.0279,-50,-100,0.8,1
trayectoria,21.38,3,577.972,514.972,50,100,0.8,1
trayectoria,21.39,0,400,300,0,0,2,1
trayectoria,21.39,1,405,300,-100,0,1,0
trayectoria,21.39,2,221.528,84.0279,-50,-100,0.8,1
trayectoria,21.39,3,578.472,515.972,50,100,0.8,1
trayectoria,21.4,0,400,300,0,0,2,1
trayectoria,21.4,1,405,300,-100,0,1,0
trayectoria,21.4,2,221.028,83.0279,-50,-100,0.8,1
trayectoria,21.4,3,578.972,516.972,50,100,0.8,1
trayectoria,21.41,0,400,300,0,0,2,1
trayectoria,21.41,1,405,300,-100,0,1,0
trayectoria,21.41,2,220.528,82.0279,-50,-100,0.8,1
trayectoria,21.41,3,579.472,517.972,50,100,0.8,1
trayectoria,21.42,0,400,300,0,0,2,1
trayectoria,21.42,1,405,300,-100,0,1,0
trayectoria,21.42,2,220.028,81.0279,-50,-100,0.8,1
trayectoria,21.42,3,579.972,518.972,50,100,0.8,1
trayectoria,21.43,0,400,300,0,0,2,1
trayectoria,21.43,1,405,300,-100,0,1,0
trayectoria,21.43,2,219.528,80.0279,-50,-100,0.8,1
trayectoria,21.43,3,580.472,519.972,50,100,0.8,1
trayectoria,21.44,0,400,300,0,0,2,1
trayectoria,21.44,1,405,300,-100,0,1,0
trayectoria,21.44,2,219.028,79.0279,-50,-100,0.8,1
trayectoria,21.44,3,580.972,520.972,50,100,0.8,1
trayectoria,21.45,0,400,300,0,0,2,1
trayectoria,21.45,1,405,300,-100,0,1,0
trayectoria,21.45,2,218.528,78.0279,-50,-100,0.8,1
trayectoria,21.45,3,581.472,521.972,50,100,0.8,1
trayectoria,21.46,0,400,300,0,0,2,1
trayectoria,21.46,1,405,300,-100,0,1,0
trayectoria,21.46,2,218.028,77.0279,-50,-100,0.8,1
trayectoria,21.46,3,581.972,522.972,50,100,0.8,1
trayectoria,21.47,0,400,300,0,0,2,1
trayectoria,21.47,1,405,300,-100,0,1,0
trayectoria,21.47,2,217.528,76.0279,-50,-100,0.8,1
trayectoria,21.47,3,582.472,523.972,50,100,0.8,1
trayectoria,21.48,0,400,300,0,0,2,1
trayectoria,21.48,1,405,300,-100,0,1,0
trayectoria,21.48,2,217.028,75.0279,-50,-100,0.8,1
trayectoria,21.48,3,582.972,524.972,50,100,0.8,1
trayectoria,21.49,0,400,300,0,0,2,1
trayectoria,21.49,1,405,300,-100,0,1,0
trayectoria,21.49,2,216.528,74.0279,-50,-100,0.8,1
trayectoria,21.49,3,583.472,525.972,50,100,0.8,1
trayectoria,21.5,0,400,300,0,0,2,1
trayectoria,21.5,1,405,300,-100,0,1,0
trayectoria,21.5,2,216.028,73.0279,-50,-100,0.8,1
trayectoria,21.5,3,583.972,526.972,50,100,0.8,1
trayectoria,21.51,0,400,300,0,0,2,1
trayectoria,21.51,1,405,300,-100,0,1,0
trayectoria,21.51,2,215.528,72.0279,-50,-100,0.8,1
trayectoria,21.51,3,584.472,527.972,50,100,0.8,1
trayectoria,21.52,0,400,300,0,0,2,1
trayectoria,21.52,1,405,300,-100,0,1,0
trayectoria,21.52,2,215.028,71.0279,-50,-100,0.8,1
trayectoria,21.52,3,584.972,528.972,50,100,0.8,1
trayectoria,21.53,0,400,300,0,0,2,1
trayectoria,21.53,1,405,300,-100,0,1,0
trayectoria,21.53,2,214.528,70.0279,-50,-100,0.8,1
trayectoria,21.53,3,585.472,529.972,50,100,0.8,1
trayectoria,21.54,0,400,300,0,0,2,1
trayectoria,21.54,1,405,300,-100,0,1,0
trayectoria,21.54,2,214.028,69.0279,-50,-100,0.8,1
trayectoria,21.54,3,585.972,530.972,50,100,0.8,1
trayectoria,21.55,0,400,300,0,0,2,1
trayectoria,21.55,1,405,300,-100,0,1,0
trayectoria,21.55,2,213.528,68.0279,-50,-100,0.8,1
trayectoria,21.55,3,586.472,531.972,50,100,0.8,1
trayectoria,21.56,0,400,300,0,0,2,1
trayectoria,21.56,1,405,300,-100,0,1,0
trayectoria,21.56,2,213.028,67.0279,-50,-100,0.8,1
trayectoria,21.56,3,586.972,532.972,50,100,0.8,1
trayectoria,21.57,0,400,300,0,0,2,1
trayectoria,21.57,1,405,300,-100,0,1,0
trayectoria,21.57,2,212.528,66.0279,-50,-100,0.8,1
trayectoria,21.57,3,587.472,533.972,50,100,0.8,1
trayectoria,21.58,0,400,300,0,0,2,1
trayectoria,21.58,1,405,300,-100,0,1,0
trayectoria,21.58,2,212.028,65.0279,-50,-100,0.8,1
trayectoria,21.58,3,587.972,534.972,50,100,0.8,1
trayectoria,21.59,0,400,300,0,0,2,1
trayectoria,21.59,1,405,300,-100,0,1,0
trayectoria,21.59,2,211.528,64.0279,-50,-100,0.8,1
trayectoria,21.59,3,588.472,535.972,50,100,0.8,1
trayectoria,21.6,0,400,300,0,0,2,1
trayectoria,21.6,1,405,300,-100,0,1,0
trayectoria,21.6,2,211.028,63.0279,-50,-100,0.8,1
trayectoria,21.6,3,588.972,536.972,50,100,0.8,1
trayectoria,21.61,0,400,300,0,0,2,1
trayectoria,21.61,1,405,300,-100,0,1,0
trayectoria,21.61,2,210.528,62.0279,-50,-100,0.8,1
trayectoria,21.61,3,589.472,537.972,50,100,0.8,1
trayectoria,21.62,0,400,300,0,0,2,1
trayectoria,21.62,1,405,300,-100,0,1,0
trayectoria,21.62,2,210.028,61.0279,-50,-100,0.8,1
trayectoria,21.62,3,589.972,538.972,50,100,0.8,1
trayectoria,21.63,0,400,300,0,0,2,1
trayectoria,21.63,1,405,300,-100,0,1,0
trayectoria,21.63,2,209.528,60.0279,-50,-100,0.8,1
trayectoria,21.63,3,590.472,539.972,50,100,0.8,1
trayectoria,21.64,0,400,300,0,0,2,1
trayectoria,21.64,1,405,300,-100,0,1,0
trayectoria,21.64,2,209.028,59.0279,-50,-100,0.8,1
trayectoria,21.64,3,590.972,540.972,50,100,0.8,1
trayectoria,21.65,0,400,300,0,0,2,1
trayectoria,21.65,1,405,300,-100,0,1,0
trayectoria,21.65,2,208.528,58.0279,-50,-100,0.8,1
trayectoria,21.65,3,591.472,541.972,50,100,0.8,1
trayectoria,21.66,0,400,300,0,0,2,1
trayectoria,21.66,1,405,300,-100,0,1,0
trayectoria,21.66,2,208.028,57.0279,-50,-100,0.8,1
trayectoria,21.66,3,591.972,542.972,50,100,0.8,1
trayectoria,21.67,0,400,300,0,0,2,1
trayectoria,21.67,1,405,300,-100,0,1,0
trayectoria,21.67,2,207.528,56.0279,-50,-100,0.8,1
trayectoria,21.67,3,592.472,543.972,50,100,0.8,1
trayectoria,21.68,0,400,300,0,0,2,1
trayectoria,21.68,1,405,300,-100,0,1,0
trayectoria,21.68,2,207.028,55.0279,-50,-100,0.8,1
trayectoria,21.68,3,592.972,544.972,50,100,0.8,1
trayectoria,21.69,0,400,300,0,0,2,1
trayectoria,21.69,1,405,300,-100,0,1,0
trayectoria,21.69,2,206.528,54.0279,-50,-100,0.8,1
trayectoria,21.69,3,593.472,545.972,50,100,0.8,1
trayectoria,21.7,0,400,300,0,0,2,1
trayectoria,21.7,1,405,300,-100,0,1,0
trayectoria,21.7,2,206.028,53.0279,-50,-100,0.8,1
trayectoria,21.7,3,593.972,546.972,50,100,0.8,1
trayectoria,21.71,0,400,300,0,0,2,1
trayectoria,21.71,1,405,300,-100,0,1,0
trayectoria,21.71,2,205.528,52.0279,-50,-100,0.8,1
trayectoria,21.71,3,594.472,547.972,50,100,0.8,1
trayectoria,21.72,0,400,300,0,0,2,1
trayectoria,21.72,1,405,300,-100,0,1,0
trayectoria,21.72,2,205.028,51.0279,-50,-100,0.8,1
trayectoria,21.72,3,594.972,548.972,50,100,0.8,1
trayectoria,21.73,0,400,300,0,0,2,1
trayectoria,21.73,1,405,300,-100,0,1,0
trayectoria,21.73,2,204.528,50.0279,-50,-100,0.8,1
trayectoria,21.73,3,595.472,549.972,50,100,0.8,1
trayectoria,21.74,0,400,300,0,0,2,1
trayectoria,21.74,1,405,300,-100,0,1,0
trayectoria,21.74,2,204.028,49.0279,-50,-100,0.8,1
trayectoria,21.74,3,595.972,550.972,50,100,0.8,1
trayectoria,21.75,0,400,300,0,0,2,1
trayectoria,21.75,1,405,300,-100,0,1,0
trayectoria,21.75,2,203.528,48.0279,-50,-100,0.8,1
trayectoria,21.75,3,596.472,551.972,50,100,0.8,1
trayectoria,21.76,0,400,300,0,0,2,1
trayectoria,21.76,1,405,300,-100,0,1,0
trayectoria,21.76,2,203.028,47.0279,-50,-100,0.8,1
trayectoria,21.76,3,596.972,552.972,50,100,0.8,1
trayectoria,21.77,0,400,300,0,0,2,1
trayectoria,21.77,1,405,300,-100,0,1,0
trayectoria,21.77,2,202.528,46.0279,-50,-100,0.8,1
trayectoria,21.77,3,597.472,553.972,50,100,0.8,1
trayectoria,21.78,0,400,300,0,0,2,1
trayectoria,21.78,1,405,300,-100,0,1,0
trayectoria,21.78,2,202.028,45.0279,-50,-100,0.8,1
trayectoria,21.78,3,597.972,554.972,50,100,0.8,1
trayectoria,21.79,0,400,300,0,0,2,1
trayectoria,21.79,1,405,300,-100,0,1,0
trayectoria,21.79,2,201.528,44.0279,-50,-100,0.8,1
trayectoria,21.79,3,598.472,555.972,50,100,0.8,1
trayectoria,21.8,0,400,300,0,0,2,1
trayectoria,21.8,1,405,300,-100,0,1,0
trayectoria,21.8,2,201.028,43.0279,-50,-100,0.8,1
trayectoria,21.8,3,598.972,556.972,50,100,0.8,1
trayectoria,21.81,0,400,300,0,0,2,1
trayectoria,21.81,1,405,300,-100,0,1,0
trayectoria,21.81,2,200.528,42.0279,-50,-100,0.8,1
trayectoria,21.81,3,599.472,557.972,50,100,0.8,1
trayectoria,21.82,0,400,300,0,0,2,1
trayectoria,21.82,1,405,300,-100,0,1,0
trayectoria,21.82,2,200.028,41.0279,-50,-100,0.8,1
trayectoria,21.82,3,599.972,558.972,50,100,0.8,1
trayectoria,21.83,0,400,300,0,0,2,1
trayectoria,21.83,1,405,300,-100,0,1,0
trayectoria,21.83,2,199.528,40.0279,-50,-100,0.8,1
trayectoria,21.83,3,600.472,559.972,50,100,0.8,1
trayectoria,21.84,0,400,300,0,0,2,1
trayectoria,21.84,1,405,300,-100,0,1,0
trayectoria,21.84,2,199.028,39.0279,-50,-100,0.8,1
trayectoria,21.84,3,600.972,560.972,50,100,0.8,1
trayectoria,21.85,0,400,300,0,0,2,1
trayectoria,21.85,1,405,300,-100,0,1,0
trayectoria,21.85,2,198.528,38.0279,-50,-100,0.8,1
trayectoria,21.85,3,601.472,561.972,50,100,0.8,1
trayectoria,21.86,0,400,300,0,0,2,1
trayectoria,21.86,1,405,300,-100,0,1,0
trayectoria,21.86,2,198.028,37.0279,-50,-100,0.8,1
trayectoria,21.86,3,601.972,562.972,50,100,0.8,1
trayectoria,21.87,0,400,300,0,0,2,1
trayectoria,21.87,1,405,300,-100,0,1,0
trayectoria,21.87,2,197.528,36.0279,-50,-100,0.8,1
trayectoria,21.87,3,602.472,563.972,50,100,0.8,1
trayectoria,21.88,0,400,300,0,0,2,1
trayectoria,21.88,1,405,300,-100,0,1,0
trayectoria,21.88,2,197.028,35.0279,-50,-100,0.8,1
trayectoria,21.88,3,602.972,564.972,50,100,0.8,1
trayectoria,21.89,0,400,300,0,0,2,1
trayectoria,21.89,1,405,300,-100,0,1,0
trayectoria,21.89,2,196.528,34.0279,-50,-100,0.8,1
trayectoria,21.89,3,603.472,565.972,50,100,0.8,1
trayectoria,21.9,0,400,300,0,0,2,1
trayectoria,21.9,1,405,300,-100,0,1,0
trayectoria,21.9,2,196.028,33.0279,-50,-100,0.8,1
trayectoria,21.9,3,603.972,566.972,50,100,0.8,1
trayectoria,21.91,0,400,300,0,0,2,1
trayectoria,21.91,1,405,300,-100,0,1,0
trayectoria,21.91,2,195.528,32.0279,-50,-100,0.8,1
trayectoria,21.91,3,604.472,567.972,50,100,0.8,1
trayectoria,21.92,0,400,300,0,0,2,1
trayectoria,21.92,1,405,300,-100,0,1,0
trayectoria,21.92,2,195.028,31.0279,-50,-100,0.8,1
trayectoria,21.92,3,604.972,568.972,50,100,0.8,1
trayectoria,21.93,0,400,300,0,0,2,1
trayectoria,21.93,1,405,300,-100,0,1,0
trayectoria,21.93,2,194.528,30.0279,-50,-100,0.8,1
trayectoria,21.93,3,605.472,569.972,50,100,0.8,1
trayectoria,21.94,0,400,300,0,0,2,1
trayectoria,21.94,1,405,300,-100,0,1,0
trayectoria,21.94,2,194.028,29.0279,-50,-100,0.8,1
trayectoria,21.94,3,605.972,570.972,50,100,0.8,1
trayectoria,21.95,0,400,300,0,0,2,1
trayectoria,21.95,1,405,300,-100,0,1,0
trayectoria,21.95,2,193.528,28.0279,-50,-100,0.8,1
trayectoria,21.95,3,606.472,571.972,50,100,0.8,1
trayectoria,21.96,0,400,300,0,0,2,1
trayectoria,21.96,1,405,300,-100,0,1,0
trayectoria,21.96,2,193.028,27.0279,-50,-100,0.8,1
trayectoria,21.96,3,606.972,572.972,50,100,0.8,1
trayectoria,21.97,0,400,300,0,0,2,1
trayectoria,21.97,1,405,300,-100,0,1,0
trayectoria,21.97,2,192.528,26.0279,-50,-100,0.8,1
trayectoria,21.97,3,607.472,573.972,50,100,0.8,1
trayectoria,21.98,0,400,300,0,0,2,1
trayectoria,21.98,1,405,300,-100,0,1,0
trayectoria,21.98,2,192.028,25.0279,-50,-100,0.8,1
trayectoria,21.98,3,607.972,574.972,50,100,0.8,1
trayectoria,21.99,0,400,300,0,0,2,1
trayectoria,21.99,1,405,300,-100,0,1,0
trayectoria,21.99,2,191.528,24.0279,-50,-100,0.8,1
trayectoria,21.99,3,608.472,575.972,50,100,0.8,1
trayectoria,22,0,400,300,0,0,2,1
trayectoria,22,1,405,300,-100,0,1,0
trayectoria,22,2,191.028,23.0279,-50,-100,0.8,1
trayectoria,22,3,608.972,576.972,50,100,0.8,1
trayectoria,22.01,0,400,300,0,0,2,1
trayectoria,22.01,1,405,300,-100,0,1,0
trayectoria,22.01,2,190.528,22.0279,-50,-100,0.8,1
trayectoria,22.01,3,609.472,577.972,50,100,0.8,1
trayectoria,22.02,0,400,300,0,0,2,1
trayectoria,22.02,1,405,300,-100,0,1,0
trayectoria,22.02,2,190.028,21.0279,-50,-100,0.8,1
trayectoria,22.02,3,609.972,578.972,50,100,0.8,1
trayectoria,22.03,0,400,300,0,0,2,1
trayectoria,22.03,1,405,300,-100,0,1,0
trayectoria,22.03,2,189.528,20.0279,-50,-100,0.8,1
trayectoria,22.03,3,610.472,579.972,50,100,0.8,1
trayectoria,22.04,0,400,300,0,0,2,1
trayectoria,22.04,1,405,300,-100,0,1,0
trayectoria,22.04,2,189.028,19.0279,-50,-100,0.8,1
trayectoria,22.04,3,610.972,580.972,50,100,0.8,1
trayectoria,22.05,0,400,300,0,0,2,1
trayectoria,22.05,1,405,300,-100,0,1,0
trayectoria,22.05,2,188.528,18.0279,-50,-100,0.8,1
trayectoria,22.05,3,611.472,581.972,50,100,0.8,1
trayectoria,22.06,0,400,300,0,0,2,1
trayectoria,22.06,1,405,300,-100,0,1,0
trayectoria,22.06,2,188.028,17.0279,-50,-100,0.8,1
trayectoria,22.06,3,611.972,582.972,50,100,0.8,1
trayectoria,22.07,0,400,300,0,0,2,1
trayectoria,22.07,1,405,300,-100,0,1,0
trayectoria,22.07,2,187.528,16.0279,-50,-100,0.8,1
trayectoria,22.07,3,612.472,583.972,50,100,0.8,1
trayectoria,22.08,0,400,300,0,0,2,1
trayectoria,22.08,1,405,300,-100,0,1,0
trayectoria,22.08,2,187.028,15.0279,-50,-100,0.8,1
trayectoria,22.08,3,612.972,584.972,50,100,0.8,1
trayectoria,22.09,0,400,300,0,0,2,1
trayectoria,22.09,1,405,300,-100,0,1,0
trayectoria,22.09,2,186.528,14.0279,-50,-100,0.8,1
trayectoria,22.09,3,613.472,585.972,50,100,0.8,1
trayectoria,22.1,0,400,300,0,0,2,1
trayectoria,22.1,1,405,300,-100,0,1,0
trayectoria,22.1,2,186.028,13.0279,-50,-100,0.8,1
trayectoria,22.1,3,613.972,586.972,50,100,0.8,1
trayectoria,22.11,0,400,300,0,0,2,1
trayectoria,22.11,1,405,300,-100,0,1,0
trayectoria,22.11,2,185.528,12.0279,-50,-100,0.8,1
trayectoria,22.11,3,614.472,587.972,50,100,0.8,1
trayectoria,22.12,0,400,300,0,0,2,1
trayectoria,22.12,1,405,300,-100,0,1,0
trayectoria,22.12,2,185.028,11.0279,-50,-100,0.8,1
trayectoria,22.12,3,614.972,588.972,50,100,0.8,1
trayectoria,22.13,0,400,300,0,0,2,1
trayectoria,22.13,1,405,300,-100,0,1,0
trayectoria,22.13,2,184.528,10.0279,-50,-100,0.8,1
trayectoria,22.13,3,615.472,589.972,50,100,0.8,1
trayectoria,22.14,0,400,300,0,0,2,1
trayectoria,22.14,1,405,300,-100,0,1,0
trayectoria,22.14,2,184.028,9.02786,-50,-100,0.8,1
trayectoria,22.14,3,615.972,590.972,50,100,0.8,1
trayectoria,22.15,0,400,300,0,0,2,1
trayectoria,22.15,1,405,300,-100,0,1,0
trayectoria,22.15,2,183.528,8.02786,-50,-100,0.8,1
trayectoria,22.15,3,616.472,591.972,50,100,0.8,1
trayectoria,22.16,0,400,300,0,0,2,1
trayectoria,22.16,1,405,300,-100,0,1,0
trayectoria,22.16,2,183.028,7.02786,-50,-100,0.8,1
trayectoria,22.16,3,616.972,592.972,50,100,0.8,1
trayectoria,22.17,0,400,300,0,0,2,1
trayectoria,22.17,1,405,300,-100,0,1,0
trayectoria,22.17,2,182.528,6.02786,-50,-100,0.8,1
trayectoria,22.17,3,617.472,593.972,50,100,0.8,1
trayectoria,22.18,0,400,300,0,0,2,1
trayectoria,22.18,1,405,300,-100,0,1,0
trayectoria,22.18,2,182.028,5.02786,-50,-100,0.8,1
trayectoria,22.18,3,617.972,594.972,50,100,0.8,1
trayectoria,22.19,0,400,300,0,0,2,1
trayectoria,22.19,1,405,300,-100,0,1,0
trayectoria,22.19,2,181.528,4.97214,-50,100,0.8,1
trayectoria,22.19,3,618.472,595.028,50,-100,0.8,1
trayectoria,22.2,0,400,300,0,0,2,1
trayectoria,22.2,1,405,300,-100,0,1,0
trayectoria,22.2,2,181.028,5.97214,-50,100,0.8,1
trayectoria,22.2,3,618.972,594.028,50,-100,0.8,1
trayectoria,22.21,0,400,300,0,0,2,1
trayectoria,22.21,1,405,300,-100,0,1,0
trayectoria,22.21,2,180.528,6.97214,-50,100,0.8,1
trayectoria,22.21,3,619.472,593.028,50,-100,0.8,1
trayectoria,22.22,0,400,300,0,0,2,1
trayectoria,22.22,1,405,300,-100,0,1,0
trayectoria,22.22,2,180.028,7.97214,-50,100,0.8,1
trayectoria,22.22,3,619.972,592.028,50,-100,0.8,1
trayectoria,22.23,0,400,300,0,0,2,1
trayectoria,22.23,1,405,300,-100,0,1,0
trayectoria,22.23,2,179.528,8.97214,-50,100,0.8,1
trayectoria,22.23,3,620.472,591.028,50,-100,0.8,1
trayectoria,22.24,0,400,300,0,0,2,1
trayectoria,22.24,1,405,300,-100,0,1,0
trayectoria,22.24,2,179.028,9.97214,-50,100,0.8,1
trayectoria,22.24,3,620.972,590.028,50,-100,0.8,1
trayectoria,22.25,0,400,300,0,0,2,1
trayectoria,22.25,1,405,300,-100,0,1,0
trayectoria,22.25,2,178.528,10.9721,-50,100,0.8,1
trayectoria,22.25,3,621.472,589.028,50,-100,0.8,1
trayectoria,22.26,0,400,300,0,0,2,1
trayectoria,22.26,1,405,300,-100,0,1,0
trayectoria,22.26,2,178.028,11.9721,-50,100,0.8,1
trayectoria,22.26,3,621.972,588.028,50,-100,0.8,1
trayectoria,22.27,0,400,300,0,0,2,1
trayectoria,22.27,1,405,300,-100,0,1,0
trayectoria,22.27,2,177.528,12.9721,-50,100,0.8,1
trayectoria,22.27,3,622.472,587.028,50,-100,0.8,1
trayectoria,22.28,0,400,300,0,0,2,1
trayectoria,22.28,1,405,300,-100,0,1,0
trayectoria,22.28,2,177.028,13.9721,-50,100,0.8,1
trayectoria,22.28,3,622.972,586.028,50,-100,0.8,1
trayectoria,22.29,0,400,300,0,0,2,1
trayectoria,22.29,1,405,300,-100,0,1,0
trayectoria,22.29,2,176.528,14.9721,-50,100,0.8,1
trayectoria,22.29,3,623.472,585.028,50,-100,0.8,1
trayectoria,22.3,0,400,300,0,0,2,1
trayectoria,22.3,1,405,300,-100,0,1,0
trayectoria,22.3,2,176.028,15.9721,-50,100,0.8,1
trayectoria,22.3,3,623.972,584.028,50,-100,0.8,1
trayectoria,22.31,0,400,300,0,0,2,1
trayectoria,22.31,1,405,300,-100,0,1,0
trayectoria,22.31,2,175.528,16.9721,-50,100,0.8,1
trayectoria,22.31,3,624.472,583.028,50,-100,0.8,1
trayectoria,22.32,0,400,300,0,0,2,1
trayectoria,22.32,1,405,300,-100,0,1,0
trayectoria,22.32,2,175.028,17.9721,-50,100,0.8,1
trayectoria,22.32,3,624.972,582.028,50,-100,0.8,1
trayectoria,22.33,0,400,300,0,0,2,1
trayectoria,22.33,1,405,300,-100,0,1,0
trayectoria,22.33,2,174.528,18.9721,-50,100,0.8,1
trayectoria,22.33,3,625.472,581.028,50,-100,0.8,1
trayectoria,22.34,0,400,300,0,0,2,1
trayectoria,22.34,1,405,300,-100,0,1,0
trayectoria,22.34,2,174.028,19.9721,-50,100,0.8,1
trayectoria,22.34,3,625.972,580.028,50,-100,0.8,1
trayectoria,22.35,0,400,300,0,0,2,1
trayectoria,22.35,1,405,300,-100,0,1,0
trayectoria,22.35,2,173.528,20.9721,-50,100,0.8,1
trayectoria,22.35,3,626.472,579.028,50,-100,0.8,1
trayectoria,22.36,0,400,300,0,0,2,1
trayectoria,22.36,1,405,300,-100,0,1,0
trayectoria,22.36,2,173.028,21.9721,-50,100,0.8,1
trayectoria,22.36,3,626.972,578.028,50,-100,0.8,1
trayectoria,22.37,0,400,300,0,0,2,1
trayectoria,22.37,1,405,300,-100,0,1,0
trayectoria,22.37,2,172.528,22.9721,-50,100,0.8,1
trayectoria,22.37,3,627.472,577.028,50,-100,0.8,1
trayectoria,22.38,0,400,300,0,0,2,1
trayectoria,22.38,1,405,300,-100,0,1,0
trayectoria,22.38,2,172.028,23.9721,-50,100,0.8,1
trayectoria,22.38,3,627.972,576.028,50,-100,0.8,1
trayectoria,22.39,0,400,300,0,0,2,1
trayectoria,22.39,1,405,300,-100,0,1,0
trayectoria,22.39,2,171.528,24.9721,-50,100,0.8,1
trayectoria,22.39,3,628.472,575.028,50,-100,0.8,1
trayectoria,22.4,0,400,300,0,0,2,1
trayectoria,22.4,1,405,300,-100,0,1,0
trayectoria,22.4,2,171.028,25.9721,-50,100,0.8,1
trayectoria,22.4,3,628.972,574.028,50,-100,0.8,1
trayectoria,22.41,0,400,300,0,0,2,1
trayectoria,22.41,1,405,300,-100,0,1,0
trayectoria,22.41,2,170.528,26.9721,-50,100,0.8,1
trayectoria,22.41,3,629.472,573.028,50,-100,0.8,1
trayectoria,22.42,0,400,300,0,0,2,1
trayectoria,22.42,1,405,300,-100,0,1,0
trayectoria,22.42,2,170.028,27.9721,-50,100,0.8,1
trayectoria,22.42,3,629.972,572.028,50,-100,0.8,1
trayectoria,22.43,0,400,300,0,0,2,1
trayectoria,22.43,1,405,300,-100,0,1,0
trayectoria,22.43,2,169.528,28.9721,-50,100,0.8,1
trayectoria,22.43,3,630.472,571.028,50,-100,0.8,1
trayectoria,22.44,0,400,300,0,0,2,1
trayectoria,22.44,1,405,300,-100,0,1,0
trayectoria,22.44,2,169.028,29.9721,-50,100,0.8,1
trayectoria,22.44,3,630.972,570.028,50,-100,0.8,1
trayectoria,22.45,0,400,300,0,0,2,1
trayectoria,22.45,1,405,300,-100,0,1,0
trayectoria,22.45,2,168.528,30.9721,-50,100,0.8,1
trayectoria,22.45,3,631.472,569.028,50,-100,0.8,1
trayectoria,22.46,0,400,300,0,0,2,1
trayectoria,22.46,1,405,300,-100,0,1,0
trayectoria,22.46,2,168.028,31.9721,-50,100,0.8,1
trayectoria,22.46,3,631.972,568.028,50,-100,0.8,1
trayectoria,22.47,0,400,300,0,0,2,1
trayectoria,22.47,1,405,300,-100,0,1,0
trayectoria,22.47,2,167.528,32.9721,-50,100,0.8,1
trayectoria,22.47,3,632.472,567.028,50,-100,0.8,1
trayectoria,22.48,0,400,300,0,0,2,1
trayectoria,22.48,1,405,300,-100,0,1,0
trayectoria,22.48,2,167.028,33.9721,-50,100,0.8,1
trayectoria,22.48,3,632.972,566.028,50,-100,0.8,1
trayectoria,22.49,0,400,300,0,0,2,1
trayectoria,22.49,1,405,300,-100,0,1,0
trayectoria,22.49,2,166.528,34.9721,-50,100,0.8,1
trayectoria,22.49,3,633.472,565.028,50,-100,0.8,1
trayectoria,22.5,0,400,300,0,0,2,1
trayectoria,22.5,1,405,300,-100,0,1,0
trayectoria,22.5,2,166.028,35.9721,-50,100,0.8,1
trayectoria,22.5,3,633.972,564.028,50,-100,0.8,1
trayectoria,22.51,0,400,300,0,0,2,1
trayectoria,22.51,1,405,300,-100,0,1,0
trayectoria,22.51,2,165.528,36.9721,-50,100,0.8,1
trayectoria,22.51,3,634.472,563.028,50,-100,0.8,1
trayectoria,22.52,0,400,300,0,0,2,1
trayectoria,22.52,1,405,300,-100,0,1,0
trayectoria,22.52,2,165.028,37.9721,-50,100,0.8,1
trayectoria,22.52,3,634.972,562.028,50,-100,0.8,1
trayectoria,22.53,0,400,300,0,0,2,1
trayectoria,22.53,1,405,300,-100,0,1,0
trayectoria,22.53,2,164.528,38.9721,-50,100,0.8,1
trayectoria,22.53,3,635.472,561.028,50,-100,0.8,1
trayectoria,22.54,0,400,300,0,0,2,1
trayectoria,22.54,1,405,300,-100,0,1,0
trayectoria,22.54,2,164.028,39.9721,-50,100,0.8,1
trayectoria,22.54,3,635.972,560.028,50,-100,0.8,1
trayectoria,22.55,0,400,300,0,0,2,1
trayectoria,22.55,1,405,300,-100,0,1,0
trayectoria,22.55,2,163.528,40.9721,-50,100,0.8,1
trayectoria,22.55,3,636.472,559.028,50,-100,0.8,1
trayectoria,22.56,0,400,300,0,0,2,1
trayectoria,22.56,1,405,300,-100,0,1,0
trayectoria,22.56,2,163.028,41.9721,-50,100,0.8,1
trayectoria,22.56,3,636.972,558.028,50,-100,0.8,1
trayectoria,22.57,0,400,300,0,0,2,1
trayectoria,22.57,1,405,300,-100,0,1,0
trayectoria,22.57,2,162.528,42.9721,-50,100,0.8,1
trayectoria,22.57,3,637.472,557.028,50,-100,0.8,1
trayectoria,22.58,0,400,300,0,0,2,1
trayectoria,22.58,1,405,300,-100,0,1,0
trayectoria,22.58,2,162.028,43.9721,-50,100,0.8,1
trayectoria,22.58,3,637.972,556.028,50,-100,0.8,1
trayectoria,22.59,0,400,300,0,0,2,1
trayectoria,22.59,1,405,300,-100,0,1,0
trayectoria,22.59,2,161.528,44.9721,-50,100,0.8,1
trayectoria,22.59,3,638.472,555.028,50,-100,0.8,1
trayectoria,22.6,0,400,300,0,0,2,1
trayectoria,22.6,1,405,300,-100,0,1,0
trayectoria,22.6,2,161.028,45.9721,-50,100,0.8,1
trayectoria,22.6,3,638.972,554.028,50,-100,0.8,1
trayectoria,22.61,0,400,300,0,0,2,1
trayectoria,22.61,1,405,300,-100,0,1,0
trayectoria,22.61,2,160.528,46.9721,-50,100,0.8,1
trayectoria,22.61,3,639.472,553.028,50,-100,0.8,1
trayectoria,22.62,0,400,300,0,0,2,1
trayectoria,22.62,1,405,300,-100,0,1,0
trayectoria,22.62,2,160.028,47.9721,-50,100,0.8,1
trayectoria,22.62,3,639.972,552.028,50,-100,0.8,1
trayectoria,22.63,0,400,300,0,0,2,1
trayectoria,22.63,1,405,300,-100,0,1,0
trayectoria,22.63,2,159.528,48.9721,-50,100,0.8,1
trayectoria,22.63,3,640.472,551.028,50,-100,0.8,1
trayectoria,22.64,0,400,300,0,0,2,1
trayectoria,22.64,1,405,300,-100,0,1,0
trayectoria,22.64,2,159.028,49.9721,-50,100,0.8,1
trayectoria,22.64,3,640.972,550.028,50,-100,0.8,1
trayectoria,22.65,0,400,300,0,0,2,1
trayectoria,22.65,1,405,300,-100,0,1,0
trayectoria,22.65,2,158.528,50.9721,-50,100,0.8,1
trayectoria,22.65,3,641.472,549.028,50,-100,0.8,1
trayectoria,22.66,0,400,300,0,0,2,1
trayectoria,22.66,1,405,300,-100,0,1,0
trayectoria,22.66,2,158.028,51.9721,-50,100,0.8,1
trayectoria,22.66,3,641.972,548.028,50,-100,0.8,1
trayectoria,22.67,0,400,300,0,0,2,1
trayectoria,22.67,1,405,300,-100,0,1,0
trayectoria,22.67,2,157.528,52.9721,-50,100,0.8,1
trayectoria,22.67,3,642.472,547.028,50,-100,0.8,1
trayectoria,22.68,0,400,300,0,0,2,1
trayectoria,22.68,1,405,300,-100,0,1,0
trayectoria,22.68,2,157.028,53.9721,-50,100,0.8,1
trayectoria,22.68,3,642.972,546.028,50,-100,0.8,1
trayectoria,22.69,0,400,300,0,0,2,1
trayectoria,22.69,1,405,300,-100,0,1,0
trayectoria,22.69,2,156.528,54.9721,-50,100,0.8,1
trayectoria,22.69,3,643.472,545.028,50,-100,0.8,1
trayectoria,22.7,0,400,300,0,0,2,1
trayectoria,22.7,1,405,300,-100,0,1,0
trayectoria,22.7,2,156.028,55.9721,-50,100,0.8,1
trayectoria,22.7,3,643.972,544.028,50,-100,0.8,1
trayectoria,22.71,0,400,300,0,0,2,1
trayectoria,22.71,1,405,300,-100,0,1,0
trayectoria,22.71,2,155.528,56.9721,-50,100,0.8,1
trayectoria,22.71,3,644.472,543.028,50,-100,0.8,1
trayectoria,22.72,0,400,300,0,0,2,1
trayectoria,22.72,1,405,300,-100,0,1,0
trayectoria,22.72,2,155.028,57.9721,-50,100,0.8,1
trayectoria,22.72,3,644.972,542.028,50,-100,0.8,1
trayectoria,22.73,0,400,300,0,0,2,1
trayectoria,22.73,1,405,300,-100,0,1,0
trayectoria,22.73,2,154.528,58.9721,-50,100,0.8,1
trayectoria,22.73,3,645.472,541.028,50,-100,0.8,1
trayectoria,22.74,0,400,300,0,0,2,1
trayectoria,22.74,1,405,300,-100,0,1,0
trayectoria,22.74,2,154.028,59.9721,-50,100,0.8,1
trayectoria,22.74,3,645.972,540.028,50,-100,0.8,1
trayectoria,22.75,0,400,300,0,0,2,1
trayectoria,22.75,1,405,300,-100,0,1,0
trayectoria,22.75,2,153.528,60.9721,-50,100,0.8,1
trayectoria,22.75,3,646.472,539.028,50,-100,0.8,1
trayectoria,22.76,0,400,300,0,0,2,1
trayectoria,22.76,1,405,300,-100,0,1,0
trayectoria,22.76,2,153.028,61.9721,-50,100,0.8,1
trayectoria,22.76,3,646.972,538.028,50,-100,0.8,1
trayectoria,22.77,0,400,300,0,0,2,1
trayectoria,22.77,1,405,300,-100,0,1,0
trayectoria,22.77,2,152.528,62.9721,-50,100,0.8,1
trayectoria,22.77,3,647.472,537.028,50,-100,0.8,1
trayectoria,22.78,0,400,300,0,0,2,1
trayectoria,22.78,1,405,300,-100,0,1,0
trayectoria,22.78,2,152.028,63.9721,-50,100,0.8,1
trayectoria,22.78,3,647.972,536.028,50,-100,0.8,1
trayectoria,22.79,0,400,300,0,0,2,1
trayectoria,22.79,1,405,300,-100,0,1,0
trayectoria,22.79,2,151.528,64.9721,-50,100,0.8,1
trayectoria,22.79,3,648.472,535.028,50,-100,0.8,1
trayectoria,22.8,0,400,300,0,0,2,1
trayectoria,22.8,1,405,300,-100,0,1,0
trayectoria,22.8,2,151.028,65.9721,-50,100,0.8,1
trayectoria,22.8,3,648.972,534.028,50,-100,0.8,1
trayectoria,22.81,0,400,300,0,0,2,1
trayectoria,22.81,1,405,300,-100,0,1,0
trayectoria,22.81,2,150.528,66.9721,-50,100,0.8,1
trayectoria,22.81,3,649.472,533.028,50,-100,0.8,1
trayectoria,22.82,0,400,300,0,0,2,1
trayectoria,22.82,1,405,300,-100,0,1,0
trayectoria,22.82,2,150.028,67.9721,-50,100,0.8,1
trayectoria,22.82,3,649.972,532.028,50,-100,0.8,1
trayectoria,22.83,0,400,300,0,0,2,1
trayectoria,22.83,1,405,300,-100,0,1,0
trayectoria,22.83,2,149.528,68.9721,-50,100,0.8,1
trayectoria,22.83,3,650.472,531.028,50,-100,0.8,1
trayectoria,22.84,0,400,300,0,0,2,1
trayectoria,22.84,1,405,300,-100,0,1,0
trayectoria,22.84,2,149.028,69.9721,-50,100,0.8,1
trayectoria,22.84,3,650.972,530.028,50,-100,0.8,1
trayectoria,22.85,0,400,300,0,0,2,1
trayectoria,22.85,1,405,300,-100,0,1,0
trayectoria,22.85,2,148.528,70.9721,-50,100,0.8,1
trayectoria,22.85,3,651.472,529.028,50,-100,0.8,1
trayectoria,22.86,0,400,300,0,0,2,1
trayectoria,22.86,1,405,300,-100,0,1,0
trayectoria,22.86,2,148.028,71.9721,-50,100,0.8,1
trayectoria,22.86,3,651.972,528.028,50,-100,0.8,1
#
# PARTICULAS
particula,0,400,300,2,7.07107,1
particula,1,405,300,1,5,0
particula,2,147.528,72.9721,0.8,4.47214,1
particula,3,652.472,527.028,0.8,4.47214,1
#
# COLISIONES
colision,1.94,fusion_particulas,0,1
colision,4.45,pared_inferior,2,-1
colision,4.45,pared_superior,3,-1
colision,9.91,pared_derecha,2,-1
colision,9.91,pared_izquierda,3,-1
colision,10.36,pared_superior,2,-1
colision,10.36,pared_inferior,3,-1
colision,16.27,pared_inferior,2,-1
colision,16.27,pared_superior,3,-1
colision,22.18,pared_superior,2,-1
colision,22.18,pared_inferior,3,-1
